{
  "__type__": "cc.SpriteFrame",
  "content": {
    "name": "boss2_13",
    "atlas": "",
    "rect": {
      "x": 11,
      "y": 0,
      "width": 231,
      "height": 201
    },
    "offset": {
      "x": 3.5,
      "y": 0.5
    },
    "originalSize": {
      "width": 246,
      "height": 202
    },
    "rotated": false,
    "capInsets": [
      0,
      0,
      0,
      0
    ],
    "vertices": {
      "rawPosition": [
        -115.5,
        -100.5,
        0,
        115.5,
        -100.5,
        0,
        -115.5,
        100.5,
        0,
        115.5,
        100.5,
        0
      ],
      "indexes": [
        0,
        1,
        2,
        2,
        1,
        3
      ],
      "uv": [
        11,
        202,
        242,
        202,
        11,
        1,
        242,
        1
      ],
      "nuv": [
        0.044715447154471545,
        0.0049504950495049506,
        0.983739837398374,
        0.0049504950495049506,
        0.044715447154471545,
        1,
        0.983739837398374,
        1
      ],
      "minPos": {
        "x": -115.5,
        "y": -100.5,
        "z": 0
      },
      "maxPos": {
        "x": 115.5,
        "y": 100.5,
        "z": 0
      }
    },
    "texture": "14120899-d26c-407b-a978-f31c8605db3e@6c48a",
    "packable": true,
    "pixelsToUnit": 100,
    "pivot": {
      "x": 0.5,
      "y": 0.5
    },
    "meshType": 0
  }
}