{
  "__type__": "cc.SpriteFrame",
  "content": {
    "name": "doomsdayStorm_00001",
    "atlas": "",
    "rect": {
      "x": 0,
      "y": 4,
      "width": 140,
      "height": 98
    },
    "offset": {
      "x": -5,
      "y": 0.5
    },
    "originalSize": {
      "width": 150,
      "height": 107
    },
    "rotated": false,
    "capInsets": [
      0,
      0,
      0,
      0
    ],
    "vertices": {
      "rawPosition": [
        -70,
        -49,
        0,
        70,
        -49,
        0,
        -70,
        49,
        0,
        70,
        49,
        0
      ],
      "indexes": [
        0,
        1,
        2,
        2,
        1,
        3
      ],
      "uv": [
        0,
        103,
        140,
        103,
        0,
        5,
        140,
        5
      ],
      "nuv": [
        0,
        0.04672897196261682,
        0.9333333333333333,
        0.04672897196261682,
        0,
        0.9626168224299065,
        0.9333333333333333,
        0.9626168224299065
      ],
      "minPos": {
        "x": -70,
        "y": -49,
        "z": 0
      },
      "maxPos": {
        "x": 70,
        "y": 49,
        "z": 0
      }
    },
    "texture": "1471f7e0-65cf-426e-be61-e909261e24d7@6c48a",
    "packable": true,
    "pixelsToUnit": 100,
    "pivot": {
      "x": 0.5,
      "y": 0.5
    },
    "meshType": 0
  }
}