{
  "__type__": "cc.SpriteFrame",
  "content": {
    "name": "17_00005",
    "atlas": "",
    "rect": {
      "x": 9,
      "y": 7,
      "width": 110,
      "height": 137
    },
    "offset": {
      "x": -1,
      "y": -0.5
    },
    "originalSize": {
      "width": 130,
      "height": 150
    },
    "rotated": false,
    "capInsets": [
      0,
      0,
      0,
      0
    ],
    "vertices": {
      "rawPosition": [
        -55,
        -68.5,
        0,
        55,
        -68.5,
        0,
        -55,
        68.5,
        0,
        55,
        68.5,
        0
      ],
      "indexes": [
        0,
        1,
        2,
        2,
        1,
        3
      ],
      "uv": [
        9,
        143,
        119,
        143,
        9,
        6,
        119,
        6
      ],
      "nuv": [
        0.06923076923076923,
        0.04,
        0.9153846153846154,
        0.04,
        0.06923076923076923,
        0.9533333333333334,
        0.9153846153846154,
        0.9533333333333334
      ],
      "minPos": {
        "x": -55,
        "y": -68.5,
        "z": 0
      },
      "maxPos": {
        "x": 55,
        "y": 68.5,
        "z": 0
      }
    },
    "texture": "14a3fbca-3eb6-4606-98e0-2406976f42b5@6c48a",
    "packable": true,
    "pixelsToUnit": 100,
    "pivot": {
      "x": 0.5,
      "y": 0.5
    },
    "meshType": 0
  }
}