{
  "__type__": "cc.SpriteFrame",
  "content": {
    "name": "ccc_00007",
    "atlas": "",
    "rect": {
      "x": 8,
      "y": 5,
      "width": 58,
      "height": 109
    },
    "offset": {
      "x": 2,
      "y": 0.5
    },
    "originalSize": {
      "width": 70,
      "height": 120
    },
    "rotated": false,
    "capInsets": [
      0,
      0,
      0,
      0
    ],
    "vertices": {
      "rawPosition": [
        -29,
        -54.5,
        0,
        29,
        -54.5,
        0,
        -29,
        54.5,
        0,
        29,
        54.5,
        0
      ],
      "indexes": [
        0,
        1,
        2,
        2,
        1,
        3
      ],
      "uv": [
        8,
        115,
        66,
        115,
        8,
        6,
        66,
        6
      ],
      "nuv": [
        0.11428571428571428,
        0.05,
        0.9428571428571428,
        0.05,
        0.11428571428571428,
        0.9583333333333334,
        0.9428571428571428,
        0.9583333333333334
      ],
      "minPos": {
        "x": -29,
        "y": -54.5,
        "z": 0
      },
      "maxPos": {
        "x": 29,
        "y": 54.5,
        "z": 0
      }
    },
    "texture": "cfd8fb52-825a-431f-ae24-a43566b19b48@6c48a",
    "packable": true,
    "pixelsToUnit": 100,
    "pivot": {
      "x": 0.5,
      "y": 0.5
    },
    "meshType": 0
  }
}