{
  "__type__": "cc.SpriteFrame",
  "content": {
    "name": "monster30_05",
    "atlas": "",
    "rect": {
      "x": 10,
      "y": 78,
      "width": 221,
      "height": 111
    },
    "offset": {
      "x": -5.5,
      "y": -23.5
    },
    "originalSize": {
      "width": 252,
      "height": 220
    },
    "rotated": false,
    "capInsets": [
      0,
      0,
      0,
      0
    ],
    "vertices": {
      "rawPosition": [
        -110.5,
        -55.5,
        0,
        110.5,
        -55.5,
        0,
        -110.5,
        55.5,
        0,
        110.5,
        55.5,
        0
      ],
      "indexes": [
        0,
        1,
        2,
        2,
        1,
        3
      ],
      "uv": [
        10,
        142,
        231,
        142,
        10,
        31,
        231,
        31
      ],
      "nuv": [
        0.03968253968253968,
        0.1409090909090909,
        0.9166666666666666,
        0.1409090909090909,
        0.03968253968253968,
        0.6454545454545455,
        0.9166666666666666,
        0.6454545454545455
      ],
      "minPos": {
        "x": -110.5,
        "y": -55.5,
        "z": 0
      },
      "maxPos": {
        "x": 110.5,
        "y": 55.5,
        "z": 0
      }
    },
    "texture": "cfe5173d-e7af-4878-b97f-fb4ec50b847c@6c48a",
    "packable": true,
    "pixelsToUnit": 100,
    "pivot": {
      "x": 0.5,
      "y": 0.5
    },
    "meshType": 0
  }
}