{
  "__type__": "cc.SpriteFrame",
  "content": {
    "name": "hellFire_005",
    "atlas": "",
    "rect": {
      "x": 10,
      "y": 5,
      "width": 186,
      "height": 298
    },
    "offset": {
      "x": 1,
      "y": 0
    },
    "originalSize": {
      "width": 204,
      "height": 308
    },
    "rotated": false,
    "capInsets": [
      0,
      0,
      0,
      0
    ],
    "vertices": {
      "rawPosition": [
        -93,
        -149,
        0,
        93,
        -149,
        0,
        -93,
        149,
        0,
        93,
        149,
        0
      ],
      "indexes": [
        0,
        1,
        2,
        2,
        1,
        3
      ],
      "uv": [
        10,
        303,
        196,
        303,
        10,
        5,
        196,
        5
      ],
      "nuv": [
        0.049019607843137254,
        0.016233766233766232,
        0.9607843137254902,
        0.016233766233766232,
        0.049019607843137254,
        0.9837662337662337,
        0.9607843137254902,
        0.9837662337662337
      ],
      "minPos": {
        "x": -93,
        "y": -149,
        "z": 0
      },
      "maxPos": {
        "x": 93,
        "y": 149,
        "z": 0
      }
    },
    "texture": "352a8281-1531-4c19-aeb8-6d29ffe1ea32@6c48a",
    "packable": true,
    "pixelsToUnit": 100,
    "pivot": {
      "x": 0.5,
      "y": 0.5
    },
    "meshType": 0
  }
}