{
  "__type__": "cc.SpriteFrame",
  "content": {
    "name": "13_00008",
    "atlas": "",
    "rect": {
      "x": 14,
      "y": 13,
      "width": 122,
      "height": 176
    },
    "offset": {
      "x": 0,
      "y": -1
    },
    "originalSize": {
      "width": 150,
      "height": 200
    },
    "rotated": false,
    "capInsets": [
      0,
      0,
      0,
      0
    ],
    "vertices": {
      "rawPosition": [
        -61,
        -88,
        0,
        61,
        -88,
        0,
        -61,
        88,
        0,
        61,
        88,
        0
      ],
      "indexes": [
        0,
        1,
        2,
        2,
        1,
        3
      ],
      "uv": [
        14,
        187,
        136,
        187,
        14,
        11,
        136,
        11
      ],
      "nuv": [
        0.09333333333333334,
        0.055,
        0.9066666666666666,
        0.055,
        0.09333333333333334,
        0.935,
        0.9066666666666666,
        0.935
      ],
      "minPos": {
        "x": -61,
        "y": -88,
        "z": 0
      },
      "maxPos": {
        "x": 61,
        "y": 88,
        "z": 0
      }
    },
    "texture": "35733fd7-7231-469e-804c-18aee9cbef0c@6c48a",
    "packable": true,
    "pixelsToUnit": 100,
    "pivot": {
      "x": 0.5,
      "y": 0.5
    },
    "meshType": 0
  }
}