{
  "__type__": "cc.SpriteFrame",
  "content": {
    "name": "thundercloud_0002",
    "atlas": "",
    "rect": {
      "x": 3,
      "y": 5,
      "width": 234,
      "height": 242
    },
    "offset": {
      "x": 1.5,
      "y": -2
    },
    "originalSize": {
      "width": 237,
      "height": 248
    },
    "rotated": false,
    "capInsets": [
      0,
      0,
      0,
      0
    ],
    "vertices": {
      "rawPosition": [
        -117,
        -121,
        0,
        117,
        -121,
        0,
        -117,
        121,
        0,
        117,
        121,
        0
      ],
      "indexes": [
        0,
        1,
        2,
        2,
        1,
        3
      ],
      "uv": [
        3,
        243,
        237,
        243,
        3,
        1,
        237,
        1
      ],
      "nuv": [
        0.012658227848101266,
        0.004032258064516129,
        1,
        0.004032258064516129,
        0.012658227848101266,
        0.9798387096774194,
        1,
        0.9798387096774194
      ],
      "minPos": {
        "x": -117,
        "y": -121,
        "z": 0
      },
      "maxPos": {
        "x": 117,
        "y": 121,
        "z": 0
      }
    },
    "texture": "358b3b40-d806-48ec-83f8-088d0896dc68@6c48a",
    "packable": true,
    "pixelsToUnit": 100,
    "pivot": {
      "x": 0.5,
      "y": 0.5
    },
    "meshType": 0
  }
}