{
  "__type__": "cc.SpriteFrame",
  "content": {
    "name": "18_00006",
    "atlas": "",
    "rect": {
      "x": 11,
      "y": 8,
      "width": 79,
      "height": 112
    },
    "offset": {
      "x": 0.5,
      "y": 11
    },
    "originalSize": {
      "width": 100,
      "height": 150
    },
    "rotated": false,
    "capInsets": [
      0,
      0,
      0,
      0
    ],
    "vertices": {
      "rawPosition": [
        -39.5,
        -56,
        0,
        39.5,
        -56,
        0,
        -39.5,
        56,
        0,
        39.5,
        56,
        0
      ],
      "indexes": [
        0,
        1,
        2,
        2,
        1,
        3
      ],
      "uv": [
        11,
        142,
        90,
        142,
        11,
        30,
        90,
        30
      ],
      "nuv": [
        0.11,
        0.2,
        0.9,
        0.2,
        0.11,
        0.9466666666666667,
        0.9,
        0.9466666666666667
      ],
      "minPos": {
        "x": -39.5,
        "y": -56,
        "z": 0
      },
      "maxPos": {
        "x": 39.5,
        "y": 56,
        "z": 0
      }
    },
    "texture": "490e0f44-1f83-4c7a-aac1-d54a7a37ea63@6c48a",
    "packable": true,
    "pixelsToUnit": 100,
    "pivot": {
      "x": 0.5,
      "y": 0.5
    },
    "meshType": 0
  }
}