{
  "__type__": "cc.SpriteFrame",
  "content": {
    "name": "4_00003",
    "atlas": "",
    "rect": {
      "x": 11,
      "y": 6,
      "width": 156,
      "height": 124
    },
    "offset": {
      "x": 4,
      "y": 2
    },
    "originalSize": {
      "width": 170,
      "height": 140
    },
    "rotated": false,
    "capInsets": [
      0,
      0,
      0,
      0
    ],
    "vertices": {
      "rawPosition": [
        -78,
        -62,
        0,
        78,
        -62,
        0,
        -78,
        62,
        0,
        78,
        62,
        0
      ],
      "indexes": [
        0,
        1,
        2,
        2,
        1,
        3
      ],
      "uv": [
        11,
        134,
        167,
        134,
        11,
        10,
        167,
        10
      ],
      "nuv": [
        0.06470588235294118,
        0.07142857142857142,
        0.9823529411764705,
        0.07142857142857142,
        0.06470588235294118,
        0.9571428571428572,
        0.9823529411764705,
        0.9571428571428572
      ],
      "minPos": {
        "x": -78,
        "y": -62,
        "z": 0
      },
      "maxPos": {
        "x": 78,
        "y": 62,
        "z": 0
      }
    },
    "texture": "490e0d88-5d63-490b-bfd6-d3f223a7da07@6c48a",
    "packable": true,
    "pixelsToUnit": 100,
    "pivot": {
      "x": 0.5,
      "y": 0.5
    },
    "meshType": 0
  }
}