{
  "__type__": "cc.SpriteFrame",
  "content": {
    "name": "monster24-火_04",
    "atlas": "",
    "rect": {
      "x": 1,
      "y": 25,
      "width": 127,
      "height": 83
    },
    "offset": {
      "x": 0.5,
      "y": -10
    },
    "originalSize": {
      "width": 128,
      "height": 113
    },
    "rotated": false,
    "capInsets": [
      0,
      0,
      0,
      0
    ],
    "vertices": {
      "rawPosition": [
        -63.5,
        -41.5,
        0,
        63.5,
        -41.5,
        0,
        -63.5,
        41.5,
        0,
        63.5,
        41.5,
        0
      ],
      "indexes": [
        0,
        1,
        2,
        2,
        1,
        3
      ],
      "uv": [
        1,
        88,
        128,
        88,
        1,
        5,
        128,
        5
      ],
      "nuv": [
        0.0078125,
        0.04424778761061947,
        1,
        0.04424778761061947,
        0.0078125,
        0.7787610619469026,
        1,
        0.7787610619469026
      ],
      "minPos": {
        "x": -63.5,
        "y": -41.5,
        "z": 0
      },
      "maxPos": {
        "x": 63.5,
        "y": 41.5,
        "z": 0
      }
    },
    "texture": "4952e1dc-3ee4-471f-998e-fac263088177@6c48a",
    "packable": true,
    "pixelsToUnit": 100,
    "pivot": {
      "x": 0.5,
      "y": 0.5
    },
    "meshType": 0
  }
}