{
  "__type__": "cc.SpriteFrame",
  "content": {
    "name": "22_00000",
    "atlas": "",
    "rect": {
      "x": 2,
      "y": 19,
      "width": 165,
      "height": 150
    },
    "offset": {
      "x": -5.5,
      "y": -4
    },
    "originalSize": {
      "width": 180,
      "height": 180
    },
    "rotated": false,
    "capInsets": [
      0,
      0,
      0,
      0
    ],
    "vertices": {
      "rawPosition": [
        -82.5,
        -75,
        0,
        82.5,
        -75,
        0,
        -82.5,
        75,
        0,
        82.5,
        75,
        0
      ],
      "indexes": [
        0,
        1,
        2,
        2,
        1,
        3
      ],
      "uv": [
        2,
        161,
        167,
        161,
        2,
        11,
        167,
        11
      ],
      "nuv": [
        0.011111111111111112,
        0.06111111111111111,
        0.9277777777777778,
        0.06111111111111111,
        0.011111111111111112,
        0.8944444444444445,
        0.9277777777777778,
        0.8944444444444445
      ],
      "minPos": {
        "x": -82.5,
        "y": -75,
        "z": 0
      },
      "maxPos": {
        "x": 82.5,
        "y": 75,
        "z": 0
      }
    },
    "texture": "49e849f3-eca6-4823-96a2-a34125f907c5@6c48a",
    "packable": true,
    "pixelsToUnit": 100,
    "pivot": {
      "x": 0.5,
      "y": 0.5
    },
    "meshType": 0
  }
}