{
  "__type__": "cc.SpriteFrame",
  "content": {
    "name": "monster25_01",
    "atlas": "",
    "rect": {
      "x": 4,
      "y": 2,
      "width": 107,
      "height": 98
    },
    "offset": {
      "x": 1.5,
      "y": -0.5
    },
    "originalSize": {
      "width": 112,
      "height": 101
    },
    "rotated": false,
    "capInsets": [
      0,
      0,
      0,
      0
    ],
    "vertices": {
      "rawPosition": [
        -53.5,
        -49,
        0,
        53.5,
        -49,
        0,
        -53.5,
        49,
        0,
        53.5,
        49,
        0
      ],
      "indexes": [
        0,
        1,
        2,
        2,
        1,
        3
      ],
      "uv": [
        4,
        99,
        111,
        99,
        4,
        1,
        111,
        1
      ],
      "nuv": [
        0.03571428571428571,
        0.009900990099009901,
        0.9910714285714286,
        0.009900990099009901,
        0.03571428571428571,
        0.9801980198019802,
        0.9910714285714286,
        0.9801980198019802
      ],
      "minPos": {
        "x": -53.5,
        "y": -49,
        "z": 0
      },
      "maxPos": {
        "x": 53.5,
        "y": 49,
        "z": 0
      }
    },
    "texture": "54119eeb-bd7e-4a38-b93a-450470469d71@6c48a",
    "packable": true,
    "pixelsToUnit": 100,
    "pivot": {
      "x": 0.5,
      "y": 0.5
    },
    "meshType": 0
  }
}