{
  "__type__": "cc.SpriteFrame",
  "content": {
    "name": "ccc_00008",
    "atlas": "",
    "rect": {
      "x": 8,
      "y": 4,
      "width": 58,
      "height": 111
    },
    "offset": {
      "x": 2,
      "y": 0.5
    },
    "originalSize": {
      "width": 70,
      "height": 120
    },
    "rotated": false,
    "capInsets": [
      0,
      0,
      0,
      0
    ],
    "vertices": {
      "rawPosition": [
        -29,
        -55.5,
        0,
        29,
        -55.5,
        0,
        -29,
        55.5,
        0,
        29,
        55.5,
        0
      ],
      "indexes": [
        0,
        1,
        2,
        2,
        1,
        3
      ],
      "uv": [
        8,
        116,
        66,
        116,
        8,
        5,
        66,
        5
      ],
      "nuv": [
        0.11428571428571428,
        0.041666666666666664,
        0.9428571428571428,
        0.041666666666666664,
        0.11428571428571428,
        0.9666666666666667,
        0.9428571428571428,
        0.9666666666666667
      ],
      "minPos": {
        "x": -29,
        "y": -55.5,
        "z": 0
      },
      "maxPos": {
        "x": 29,
        "y": 55.5,
        "z": 0
      }
    },
    "texture": "54e15ec3-7183-49b6-bc92-260a5b387409@6c48a",
    "packable": true,
    "pixelsToUnit": 100,
    "pivot": {
      "x": 0.5,
      "y": 0.5
    },
    "meshType": 0
  }
}