{
  "__type__": "cc.SpriteFrame",
  "content": {
    "name": "18_00003",
    "atlas": "",
    "rect": {
      "x": 11,
      "y": 12,
      "width": 79,
      "height": 112
    },
    "offset": {
      "x": 0.5,
      "y": 7
    },
    "originalSize": {
      "width": 100,
      "height": 150
    },
    "rotated": false,
    "capInsets": [
      0,
      0,
      0,
      0
    ],
    "vertices": {
      "rawPosition": [
        -39.5,
        -56,
        0,
        39.5,
        -56,
        0,
        -39.5,
        56,
        0,
        39.5,
        56,
        0
      ],
      "indexes": [
        0,
        1,
        2,
        2,
        1,
        3
      ],
      "uv": [
        11,
        138,
        90,
        138,
        11,
        26,
        90,
        26
      ],
      "nuv": [
        0.11,
        0.17333333333333334,
        0.9,
        0.17333333333333334,
        0.11,
        0.92,
        0.9,
        0.92
      ],
      "minPos": {
        "x": -39.5,
        "y": -56,
        "z": 0
      },
      "maxPos": {
        "x": 39.5,
        "y": 56,
        "z": 0
      }
    },
    "texture": "54fe7fb0-00e9-4be5-8e31-3cf3ae0d4f6d@6c48a",
    "packable": true,
    "pixelsToUnit": 100,
    "pivot": {
      "x": 0.5,
      "y": 0.5
    },
    "meshType": 0
  }
}