{
  "__type__": "cc.SpriteFrame",
  "content": {
    "name": "boss1_skill1_2",
    "atlas": "",
    "rect": {
      "x": 1,
      "y": 2,
      "width": 216,
      "height": 114
    },
    "offset": {
      "x": 0.5,
      "y": -0.5
    },
    "originalSize": {
      "width": 217,
      "height": 117
    },
    "rotated": false,
    "capInsets": [
      0,
      0,
      0,
      0
    ],
    "vertices": {
      "rawPosition": [
        -108,
        -57,
        0,
        108,
        -57,
        0,
        -108,
        57,
        0,
        108,
        57,
        0
      ],
      "indexes": [
        0,
        1,
        2,
        2,
        1,
        3
      ],
      "uv": [
        1,
        115,
        217,
        115,
        1,
        1,
        217,
        1
      ],
      "nuv": [
        0.004608294930875576,
        0.008547008547008548,
        1,
        0.008547008547008548,
        0.004608294930875576,
        0.9829059829059829,
        1,
        0.9829059829059829
      ],
      "minPos": {
        "x": -108,
        "y": -57,
        "z": 0
      },
      "maxPos": {
        "x": 108,
        "y": 57,
        "z": 0
      }
    },
    "texture": "ae4f5f60-9899-499f-bf3b-78346a8fee4c@6c48a",
    "packable": true,
    "pixelsToUnit": 100,
    "pivot": {
      "x": 0.5,
      "y": 0.5
    },
    "meshType": 0
  }
}