{
  "__type__": "cc.SpriteFrame",
  "content": {
    "name": "monster33_08",
    "atlas": "",
    "rect": {
      "x": 11,
      "y": 3,
      "width": 102,
      "height": 124
    },
    "offset": {
      "x": 2,
      "y": -1
    },
    "originalSize": {
      "width": 120,
      "height": 128
    },
    "rotated": false,
    "capInsets": [
      0,
      0,
      0,
      0
    ],
    "vertices": {
      "rawPosition": [
        -51,
        -62,
        0,
        51,
        -62,
        0,
        -51,
        62,
        0,
        51,
        62,
        0
      ],
      "indexes": [
        0,
        1,
        2,
        2,
        1,
        3
      ],
      "uv": [
        11,
        125,
        113,
        125,
        11,
        1,
        113,
        1
      ],
      "nuv": [
        0.09166666666666666,
        0.0078125,
        0.9416666666666667,
        0.0078125,
        0.09166666666666666,
        0.9765625,
        0.9416666666666667,
        0.9765625
      ],
      "minPos": {
        "x": -51,
        "y": -62,
        "z": 0
      },
      "maxPos": {
        "x": 51,
        "y": 62,
        "z": 0
      }
    },
    "texture": "ae625993-385d-46df-a4a4-70ca57e99802@6c48a",
    "packable": true,
    "pixelsToUnit": 100,
    "pivot": {
      "x": 0.5,
      "y": 0.5
    },
    "meshType": 0
  }
}