{
  "__type__": "cc.SpriteFrame",
  "content": {
    "name": "monster31_05",
    "atlas": "",
    "rect": {
      "x": 1,
      "y": 3,
      "width": 106,
      "height": 117
    },
    "offset": {
      "x": -0.5,
      "y": -1.5
    },
    "originalSize": {
      "width": 109,
      "height": 120
    },
    "rotated": false,
    "capInsets": [
      0,
      0,
      0,
      0
    ],
    "vertices": {
      "rawPosition": [
        -53,
        -58.5,
        0,
        53,
        -58.5,
        0,
        -53,
        58.5,
        0,
        53,
        58.5,
        0
      ],
      "indexes": [
        0,
        1,
        2,
        2,
        1,
        3
      ],
      "uv": [
        1,
        117,
        107,
        117,
        1,
        0,
        107,
        0
      ],
      "nuv": [
        0.009174311926605505,
        0,
        0.981651376146789,
        0,
        0.009174311926605505,
        0.975,
        0.981651376146789,
        0.975
      ],
      "minPos": {
        "x": -53,
        "y": -58.5,
        "z": 0
      },
      "maxPos": {
        "x": 53,
        "y": 58.5,
        "z": 0
      }
    },
    "texture": "aed0421f-6814-458a-93f3-6ed0c4d34674@6c48a",
    "packable": true,
    "pixelsToUnit": 100,
    "pivot": {
      "x": 0.5,
      "y": 0.5
    },
    "meshType": 0
  }
}