{
  "__type__": "cc.SpriteFrame",
  "content": {
    "name": "9_00008",
    "atlas": "",
    "rect": {
      "x": 21,
      "y": 8,
      "width": 154,
      "height": 155
    },
    "offset": {
      "x": -2,
      "y": -0.5
    },
    "originalSize": {
      "width": 200,
      "height": 170
    },
    "rotated": false,
    "capInsets": [
      0,
      0,
      0,
      0
    ],
    "vertices": {
      "rawPosition": [
        -77,
        -77.5,
        0,
        77,
        -77.5,
        0,
        -77,
        77.5,
        0,
        77,
        77.5,
        0
      ],
      "indexes": [
        0,
        1,
        2,
        2,
        1,
        3
      ],
      "uv": [
        21,
        162,
        175,
        162,
        21,
        7,
        175,
        7
      ],
      "nuv": [
        0.105,
        0.041176470588235294,
        0.875,
        0.041176470588235294,
        0.105,
        0.9529411764705882,
        0.875,
        0.9529411764705882
      ],
      "minPos": {
        "x": -77,
        "y": -77.5,
        "z": 0
      },
      "maxPos": {
        "x": 77,
        "y": 77.5,
        "z": 0
      }
    },
    "texture": "be3e2ca9-3e48-481b-ab2c-5a1098d40c89@6c48a",
    "packable": true,
    "pixelsToUnit": 100,
    "pivot": {
      "x": 0.5,
      "y": 0.5
    },
    "meshType": 0
  }
}