{
  "__type__": "cc.SpriteFrame",
  "content": {
    "name": "run_00009",
    "atlas": "",
    "rect": {
      "x": 7,
      "y": 8,
      "width": 176,
      "height": 142
    },
    "offset": {
      "x": 0,
      "y": -4
    },
    "originalSize": {
      "width": 190,
      "height": 150
    },
    "rotated": false,
    "capInsets": [
      0,
      0,
      0,
      0
    ],
    "vertices": {
      "rawPosition": [
        -88,
        -71,
        0,
        88,
        -71,
        0,
        -88,
        71,
        0,
        88,
        71,
        0
      ],
      "indexes": [
        0,
        1,
        2,
        2,
        1,
        3
      ],
      "uv": [
        7,
        142,
        183,
        142,
        7,
        0,
        183,
        0
      ],
      "nuv": [
        0.03684210526315789,
        0,
        0.9631578947368421,
        0,
        0.03684210526315789,
        0.9466666666666667,
        0.9631578947368421,
        0.9466666666666667
      ],
      "minPos": {
        "x": -88,
        "y": -71,
        "z": 0
      },
      "maxPos": {
        "x": 88,
        "y": 71,
        "z": 0
      }
    },
    "texture": "56120d9f-6657-49ec-95cb-d34945abf2e1@6c48a",
    "packable": true,
    "pixelsToUnit": 100,
    "pivot": {
      "x": 0.5,
      "y": 0.5
    },
    "meshType": 0
  }
}