{
  "__type__": "cc.SpriteFrame",
  "content": {
    "name": "6_00005",
    "atlas": "",
    "rect": {
      "x": 1,
      "y": 4,
      "width": 140,
      "height": 126
    },
    "offset": {
      "x": -4,
      "y": 0.5
    },
    "originalSize": {
      "width": 150,
      "height": 135
    },
    "rotated": false,
    "capInsets": [
      0,
      0,
      0,
      0
    ],
    "vertices": {
      "rawPosition": [
        -70,
        -63,
        0,
        70,
        -63,
        0,
        -70,
        63,
        0,
        70,
        63,
        0
      ],
      "indexes": [
        0,
        1,
        2,
        2,
        1,
        3
      ],
      "uv": [
        1,
        131,
        141,
        131,
        1,
        5,
        141,
        5
      ],
      "nuv": [
        0.006666666666666667,
        0.037037037037037035,
        0.94,
        0.037037037037037035,
        0.006666666666666667,
        0.9703703703703703,
        0.94,
        0.9703703703703703
      ],
      "minPos": {
        "x": -70,
        "y": -63,
        "z": 0
      },
      "maxPos": {
        "x": 70,
        "y": 63,
        "z": 0
      }
    },
    "texture": "30645be3-b729-4a20-9db0-38ffd6e94404@6c48a",
    "packable": true,
    "pixelsToUnit": 100,
    "pivot": {
      "x": 0.5,
      "y": 0.5
    },
    "meshType": 0
  }
}