{
  "__type__": "cc.SpriteFrame",
  "content": {
    "name": "22_00005",
    "atlas": "",
    "rect": {
      "x": 35,
      "y": 21,
      "width": 131,
      "height": 151
    },
    "offset": {
      "x": 10.5,
      "y": -6.5
    },
    "originalSize": {
      "width": 180,
      "height": 180
    },
    "rotated": false,
    "capInsets": [
      0,
      0,
      0,
      0
    ],
    "vertices": {
      "rawPosition": [
        -65.5,
        -75.5,
        0,
        65.5,
        -75.5,
        0,
        -65.5,
        75.5,
        0,
        65.5,
        75.5,
        0
      ],
      "indexes": [
        0,
        1,
        2,
        2,
        1,
        3
      ],
      "uv": [
        35,
        159,
        166,
        159,
        35,
        8,
        166,
        8
      ],
      "nuv": [
        0.19444444444444445,
        0.044444444444444446,
        0.9222222222222223,
        0.044444444444444446,
        0.19444444444444445,
        0.8833333333333333,
        0.9222222222222223,
        0.8833333333333333
      ],
      "minPos": {
        "x": -65.5,
        "y": -75.5,
        "z": 0
      },
      "maxPos": {
        "x": 65.5,
        "y": 75.5,
        "z": 0
      }
    },
    "texture": "5783c6c7-e5db-46ba-80c8-57108fe2db6f@6c48a",
    "packable": true,
    "pixelsToUnit": 100,
    "pivot": {
      "x": 0.5,
      "y": 0.5
    },
    "meshType": 0
  }
}