{
  "__type__": "cc.SpriteFrame",
  "content": {
    "name": "21_00008",
    "atlas": "",
    "rect": {
      "x": 22,
      "y": 2,
      "width": 112,
      "height": 144
    },
    "offset": {
      "x": 3,
      "y": 1
    },
    "originalSize": {
      "width": 150,
      "height": 150
    },
    "rotated": false,
    "capInsets": [
      0,
      0,
      0,
      0
    ],
    "vertices": {
      "rawPosition": [
        -56,
        -72,
        0,
        56,
        -72,
        0,
        -56,
        72,
        0,
        56,
        72,
        0
      ],
      "indexes": [
        0,
        1,
        2,
        2,
        1,
        3
      ],
      "uv": [
        22,
        148,
        134,
        148,
        22,
        4,
        134,
        4
      ],
      "nuv": [
        0.14666666666666667,
        0.02666666666666667,
        0.8933333333333333,
        0.02666666666666667,
        0.14666666666666667,
        0.9866666666666667,
        0.8933333333333333,
        0.9866666666666667
      ],
      "minPos": {
        "x": -56,
        "y": -72,
        "z": 0
      },
      "maxPos": {
        "x": 56,
        "y": 72,
        "z": 0
      }
    },
    "texture": "57caf44d-3af8-440f-a513-69a0fd15ab07@6c48a",
    "packable": true,
    "pixelsToUnit": 100,
    "pivot": {
      "x": 0.5,
      "y": 0.5
    },
    "meshType": 0
  }
}