{
  "__type__": "cc.SpriteFrame",
  "content": {
    "name": "monster25_09",
    "atlas": "",
    "rect": {
      "x": 1,
      "y": 1,
      "width": 107,
      "height": 98
    },
    "offset": {
      "x": -1.5,
      "y": 0.5
    },
    "originalSize": {
      "width": 112,
      "height": 101
    },
    "rotated": false,
    "capInsets": [
      0,
      0,
      0,
      0
    ],
    "vertices": {
      "rawPosition": [
        -53.5,
        -49,
        0,
        53.5,
        -49,
        0,
        -53.5,
        49,
        0,
        53.5,
        49,
        0
      ],
      "indexes": [
        0,
        1,
        2,
        2,
        1,
        3
      ],
      "uv": [
        1,
        100,
        108,
        100,
        1,
        2,
        108,
        2
      ],
      "nuv": [
        0.008928571428571428,
        0.019801980198019802,
        0.9642857142857143,
        0.019801980198019802,
        0.008928571428571428,
        0.9900990099009901,
        0.9642857142857143,
        0.9900990099009901
      ],
      "minPos": {
        "x": -53.5,
        "y": -49,
        "z": 0
      },
      "maxPos": {
        "x": 53.5,
        "y": 49,
        "z": 0
      }
    },
    "texture": "57d30ae8-80f9-4986-8d76-5b542d47b371@6c48a",
    "packable": true,
    "pixelsToUnit": 100,
    "pivot": {
      "x": 0.5,
      "y": 0.5
    },
    "meshType": 0
  }
}