{
  "__type__": "cc.SpriteFrame",
  "content": {
    "name": "12_00000",
    "atlas": "",
    "rect": {
      "x": 13,
      "y": 4,
      "width": 156,
      "height": 142
    },
    "offset": {
      "x": 1,
      "y": 0
    },
    "originalSize": {
      "width": 180,
      "height": 150
    },
    "rotated": false,
    "capInsets": [
      0,
      0,
      0,
      0
    ],
    "vertices": {
      "rawPosition": [
        -78,
        -71,
        0,
        78,
        -71,
        0,
        -78,
        71,
        0,
        78,
        71,
        0
      ],
      "indexes": [
        0,
        1,
        2,
        2,
        1,
        3
      ],
      "uv": [
        13,
        146,
        169,
        146,
        13,
        4,
        169,
        4
      ],
      "nuv": [
        0.07222222222222222,
        0.02666666666666667,
        0.9388888888888889,
        0.02666666666666667,
        0.07222222222222222,
        0.9733333333333334,
        0.9388888888888889,
        0.9733333333333334
      ],
      "minPos": {
        "x": -78,
        "y": -71,
        "z": 0
      },
      "maxPos": {
        "x": 78,
        "y": 71,
        "z": 0
      }
    },
    "texture": "f441f52e-9c24-4a6e-b553-74afe2d26975@6c48a",
    "packable": true,
    "pixelsToUnit": 100,
    "pivot": {
      "x": 0.5,
      "y": 0.5
    },
    "meshType": 0
  }
}