{
  "__type__": "cc.SpriteFrame",
  "content": {
    "name": "study",
    "atlas": "",
    "rect": {
      "x": 1,
      "y": 4,
      "width": 90,
      "height": 269
    },
    "offset": {
      "x": 0,
      "y": -2
    },
    "originalSize": {
      "width": 92,
      "height": 273
    },
    "rotated": false,
    "capInsets": [
      0,
      0,
      0,
      0
    ],
    "vertices": {
      "rawPosition": [
        -45,
        -134.5,
        0,
        45,
        -134.5,
        0,
        -45,
        134.5,
        0,
        45,
        134.5,
        0
      ],
      "indexes": [
        0,
        1,
        2,
        2,
        1,
        3
      ],
      "uv": [
        1,
        269,
        91,
        269,
        1,
        0,
        91,
        0
      ],
      "nuv": [
        0.010869565217391304,
        0,
        0.9891304347826086,
        0,
        0.010869565217391304,
        0.9853479853479854,
        0.9891304347826086,
        0.9853479853479854
      ],
      "minPos": {
        "x": -45,
        "y": -134.5,
        "z": 0
      },
      "maxPos": {
        "x": 45,
        "y": 134.5,
        "z": 0
      }
    },
    "texture": "a04085d0-90eb-4523-8480-0f92ad7c2547@6c48a",
    "packable": true,
    "pixelsToUnit": 100,
    "pivot": {
      "x": 0.5,
      "y": 0.5
    },
    "meshType": 0
  }
}