{
  "__type__": "cc.SpriteFrame",
  "content": {
    "name": "rewardBg",
    "atlas": "",
    "rect": {
      "x": 0,
      "y": 2,
      "width": 750,
      "height": 760
    },
    "offset": {
      "x": 0,
      "y": 1
    },
    "originalSize": {
      "width": 750,
      "height": 766
    },
    "rotated": false,
    "capInsets": [
      0,
      0,
      0,
      0
    ],
    "vertices": {
      "rawPosition": [
        -375,
        -380,
        0,
        375,
        -380,
        0,
        -375,
        380,
        0,
        375,
        380,
        0
      ],
      "indexes": [
        0,
        1,
        2,
        2,
        1,
        3
      ],
      "uv": [
        0,
        764,
        750,
        764,
        0,
        4,
        750,
        4
      ],
      "nuv": [
        0,
        0.005221932114882507,
        1,
        0.005221932114882507,
        0,
        0.9973890339425587,
        1,
        0.9973890339425587
      ],
      "minPos": {
        "x": -375,
        "y": -380,
        "z": 0
      },
      "maxPos": {
        "x": 375,
        "y": 380,
        "z": 0
      }
    },
    "texture": "a0f4a539-bbb0-4f71-97be-dc495a04529f@6c48a",
    "packable": true,
    "pixelsToUnit": 100,
    "pivot": {
      "x": 0.5,
      "y": 0.5
    },
    "meshType": 0
  }
}