{
  "__type__": "cc.SpriteFrame",
  "content": {
    "name": "13_00003",
    "atlas": "",
    "rect": {
      "x": 10,
      "y": 13,
      "width": 123,
      "height": 176
    },
    "offset": {
      "x": -3.5,
      "y": -1
    },
    "originalSize": {
      "width": 150,
      "height": 200
    },
    "rotated": false,
    "capInsets": [
      0,
      0,
      0,
      0
    ],
    "vertices": {
      "rawPosition": [
        -61.5,
        -88,
        0,
        61.5,
        -88,
        0,
        -61.5,
        88,
        0,
        61.5,
        88,
        0
      ],
      "indexes": [
        0,
        1,
        2,
        2,
        1,
        3
      ],
      "uv": [
        10,
        187,
        133,
        187,
        10,
        11,
        133,
        11
      ],
      "nuv": [
        0.06666666666666667,
        0.055,
        0.8866666666666667,
        0.055,
        0.06666666666666667,
        0.935,
        0.8866666666666667,
        0.935
      ],
      "minPos": {
        "x": -61.5,
        "y": -88,
        "z": 0
      },
      "maxPos": {
        "x": 61.5,
        "y": 88,
        "z": 0
      }
    },
    "texture": "7ea0c2af-5ee2-48c9-80d9-1359aeb40353@6c48a",
    "packable": true,
    "pixelsToUnit": 100,
    "pivot": {
      "x": 0.5,
      "y": 0.5
    },
    "meshType": 0
  }
}