{
  "__type__": "cc.SpriteFrame",
  "content": {
    "name": "monster29_11",
    "atlas": "",
    "rect": {
      "x": 9,
      "y": 0,
      "width": 243,
      "height": 142
    },
    "offset": {
      "x": 2.5,
      "y": 1.5
    },
    "originalSize": {
      "width": 256,
      "height": 145
    },
    "rotated": false,
    "capInsets": [
      0,
      0,
      0,
      0
    ],
    "vertices": {
      "rawPosition": [
        -121.5,
        -71,
        0,
        121.5,
        -71,
        0,
        -121.5,
        71,
        0,
        121.5,
        71,
        0
      ],
      "indexes": [
        0,
        1,
        2,
        2,
        1,
        3
      ],
      "uv": [
        9,
        145,
        252,
        145,
        9,
        3,
        252,
        3
      ],
      "nuv": [
        0.03515625,
        0.020689655172413793,
        0.984375,
        0.020689655172413793,
        0.03515625,
        1,
        0.984375,
        1
      ],
      "minPos": {
        "x": -121.5,
        "y": -71,
        "z": 0
      },
      "maxPos": {
        "x": 121.5,
        "y": 71,
        "z": 0
      }
    },
    "texture": "7eb87643-c373-4c43-be1d-1059a386f1e0@6c48a",
    "packable": true,
    "pixelsToUnit": 100,
    "pivot": {
      "x": 0.5,
      "y": 0.5
    },
    "meshType": 0
  }
}