{
  "__type__": "cc.SpriteFrame",
  "content": {
    "name": "stageDetail",
    "atlas": "",
    "rect": {
      "x": 2,
      "y": 1,
      "width": 65,
      "height": 63
    },
    "offset": {
      "x": 0,
      "y": 0.5
    },
    "originalSize": {
      "width": 69,
      "height": 66
    },
    "rotated": false,
    "capInsets": [
      0,
      0,
      0,
      0
    ],
    "vertices": {
      "rawPosition": [
        -32.5,
        -31.5,
        0,
        32.5,
        -31.5,
        0,
        -32.5,
        31.5,
        0,
        32.5,
        31.5,
        0
      ],
      "indexes": [
        0,
        1,
        2,
        2,
        1,
        3
      ],
      "uv": [
        2,
        65,
        67,
        65,
        2,
        2,
        67,
        2
      ],
      "nuv": [
        0.028985507246376812,
        0.030303030303030304,
        0.9710144927536232,
        0.030303030303030304,
        0.028985507246376812,
        0.9848484848484849,
        0.9710144927536232,
        0.9848484848484849
      ],
      "minPos": {
        "x": -32.5,
        "y": -31.5,
        "z": 0
      },
      "maxPos": {
        "x": 32.5,
        "y": 31.5,
        "z": 0
      }
    },
    "texture": "5847508a-e564-41cd-bc99-f7f28bf1a281@6c48a",
    "packable": true,
    "pixelsToUnit": 100,
    "pivot": {
      "x": 0.5,
      "y": 0.5
    },
    "meshType": 0
  }
}