{
  "__type__": "cc.SpriteFrame",
  "content": {
    "name": "monster25_13",
    "atlas": "",
    "rect": {
      "x": 3,
      "y": 2,
      "width": 107,
      "height": 98
    },
    "offset": {
      "x": 0.5,
      "y": -0.5
    },
    "originalSize": {
      "width": 112,
      "height": 101
    },
    "rotated": false,
    "capInsets": [
      0,
      0,
      0,
      0
    ],
    "vertices": {
      "rawPosition": [
        -53.5,
        -49,
        0,
        53.5,
        -49,
        0,
        -53.5,
        49,
        0,
        53.5,
        49,
        0
      ],
      "indexes": [
        0,
        1,
        2,
        2,
        1,
        3
      ],
      "uv": [
        3,
        99,
        110,
        99,
        3,
        1,
        110,
        1
      ],
      "nuv": [
        0.026785714285714284,
        0.009900990099009901,
        0.9821428571428571,
        0.009900990099009901,
        0.026785714285714284,
        0.9801980198019802,
        0.9821428571428571,
        0.9801980198019802
      ],
      "minPos": {
        "x": -53.5,
        "y": -49,
        "z": 0
      },
      "maxPos": {
        "x": 53.5,
        "y": 49,
        "z": 0
      }
    },
    "texture": "584a9ab9-6c30-4261-9349-3e5ce877cc8c@6c48a",
    "packable": true,
    "pixelsToUnit": 100,
    "pivot": {
      "x": 0.5,
      "y": 0.5
    },
    "meshType": 0
  }
}