{
  "__type__": "cc.SpriteFrame",
  "content": {
    "name": "loading@2x",
    "atlas": "",
    "rect": {
      "x": 1,
      "y": 1,
      "width": 314,
      "height": 314
    },
    "offset": {
      "x": 0,
      "y": 0
    },
    "originalSize": {
      "width": 316,
      "height": 316
    },
    "rotated": false,
    "capInsets": [
      0,
      0,
      0,
      0
    ],
    "vertices": {
      "rawPosition": [
        -157,
        -157,
        0,
        157,
        -157,
        0,
        -157,
        157,
        0,
        157,
        157,
        0
      ],
      "indexes": [
        0,
        1,
        2,
        2,
        1,
        3
      ],
      "uv": [
        1,
        315,
        315,
        315,
        1,
        1,
        315,
        1
      ],
      "nuv": [
        0.0031645569620253164,
        0.0031645569620253164,
        0.9968354430379747,
        0.0031645569620253164,
        0.0031645569620253164,
        0.9968354430379747,
        0.9968354430379747,
        0.9968354430379747
      ],
      "minPos": {
        "x": -157,
        "y": -157,
        "z": 0
      },
      "maxPos": {
        "x": 157,
        "y": 157,
        "z": 0
      }
    },
    "texture": "44228d5b-f458-497f-a5f9-03415de4a572@6c48a",
    "packable": true,
    "pixelsToUnit": 100,
    "pivot": {
      "x": 0.5,
      "y": 0.5
    },
    "meshType": 0
  }
}