{
  "__type__": "cc.SpriteFrame",
  "content": {
    "name": "boss1_06",
    "atlas": "",
    "rect": {
      "x": 35,
      "y": 12,
      "width": 195,
      "height": 180
    },
    "offset": {
      "x": 8.5,
      "y": -4.5
    },
    "originalSize": {
      "width": 248,
      "height": 195
    },
    "rotated": false,
    "capInsets": [
      0,
      0,
      0,
      0
    ],
    "vertices": {
      "rawPosition": [
        -97.5,
        -90,
        0,
        97.5,
        -90,
        0,
        -97.5,
        90,
        0,
        97.5,
        90,
        0
      ],
      "indexes": [
        0,
        1,
        2,
        2,
        1,
        3
      ],
      "uv": [
        35,
        183,
        230,
        183,
        35,
        3,
        230,
        3
      ],
      "nuv": [
        0.14112903225806453,
        0.015384615384615385,
        0.9274193548387096,
        0.015384615384615385,
        0.14112903225806453,
        0.9384615384615385,
        0.9274193548387096,
        0.9384615384615385
      ],
      "minPos": {
        "x": -97.5,
        "y": -90,
        "z": 0
      },
      "maxPos": {
        "x": 97.5,
        "y": 90,
        "z": 0
      }
    },
    "texture": "e1520db9-c54a-4f57-bac9-a5b07c7a9fed@6c48a",
    "packable": true,
    "pixelsToUnit": 100,
    "pivot": {
      "x": 0.5,
      "y": 0.5
    },
    "meshType": 0
  }
}