{
  "__type__": "cc.SpriteFrame",
  "content": {
    "name": "8_00006",
    "atlas": "",
    "rect": {
      "x": 19,
      "y": 7,
      "width": 174,
      "height": 141
    },
    "offset": {
      "x": 6,
      "y": -2.5
    },
    "originalSize": {
      "width": 200,
      "height": 150
    },
    "rotated": false,
    "capInsets": [
      0,
      0,
      0,
      0
    ],
    "vertices": {
      "rawPosition": [
        -87,
        -70.5,
        0,
        87,
        -70.5,
        0,
        -87,
        70.5,
        0,
        87,
        70.5,
        0
      ],
      "indexes": [
        0,
        1,
        2,
        2,
        1,
        3
      ],
      "uv": [
        19,
        143,
        193,
        143,
        19,
        2,
        193,
        2
      ],
      "nuv": [
        0.095,
        0.013333333333333334,
        0.965,
        0.013333333333333334,
        0.095,
        0.9533333333333334,
        0.965,
        0.9533333333333334
      ],
      "minPos": {
        "x": -87,
        "y": -70.5,
        "z": 0
      },
      "maxPos": {
        "x": 87,
        "y": 70.5,
        "z": 0
      }
    },
    "texture": "e1b3b195-fea1-4e6a-8720-dc178d0f2afa@6c48a",
    "packable": true,
    "pixelsToUnit": 100,
    "pivot": {
      "x": 0.5,
      "y": 0.5
    },
    "meshType": 0
  }
}