{
  "__type__": "cc.SpriteFrame",
  "content": {
    "name": "monster15_16",
    "atlas": "",
    "rect": {
      "x": 0,
      "y": 3,
      "width": 71,
      "height": 120
    },
    "offset": {
      "x": -1,
      "y": -0.5
    },
    "originalSize": {
      "width": 73,
      "height": 125
    },
    "rotated": false,
    "capInsets": [
      0,
      0,
      0,
      0
    ],
    "vertices": {
      "rawPosition": [
        -35.5,
        -60,
        0,
        35.5,
        -60,
        0,
        -35.5,
        60,
        0,
        35.5,
        60,
        0
      ],
      "indexes": [
        0,
        1,
        2,
        2,
        1,
        3
      ],
      "uv": [
        0,
        122,
        71,
        122,
        0,
        2,
        71,
        2
      ],
      "nuv": [
        0,
        0.016,
        0.9726027397260274,
        0.016,
        0,
        0.976,
        0.9726027397260274,
        0.976
      ],
      "minPos": {
        "x": -35.5,
        "y": -60,
        "z": 0
      },
      "maxPos": {
        "x": 35.5,
        "y": 60,
        "z": 0
      }
    },
    "texture": "e1f146b7-8d9d-470c-b54b-5c833f17d463@6c48a",
    "packable": true,
    "pixelsToUnit": 100,
    "pivot": {
      "x": 0.5,
      "y": 0.5
    },
    "meshType": 0
  }
}