{
  "__type__": "cc.SpriteFrame",
  "content": {
    "name": "monster28_01",
    "atlas": "",
    "rect": {
      "x": 2,
      "y": 4,
      "width": 109,
      "height": 95
    },
    "offset": {
      "x": -7.5,
      "y": -1
    },
    "originalSize": {
      "width": 128,
      "height": 101
    },
    "rotated": false,
    "capInsets": [
      0,
      0,
      0,
      0
    ],
    "vertices": {
      "rawPosition": [
        -54.5,
        -47.5,
        0,
        54.5,
        -47.5,
        0,
        -54.5,
        47.5,
        0,
        54.5,
        47.5,
        0
      ],
      "indexes": [
        0,
        1,
        2,
        2,
        1,
        3
      ],
      "uv": [
        2,
        97,
        111,
        97,
        2,
        2,
        111,
        2
      ],
      "nuv": [
        0.015625,
        0.019801980198019802,
        0.8671875,
        0.019801980198019802,
        0.015625,
        0.9603960396039604,
        0.8671875,
        0.9603960396039604
      ],
      "minPos": {
        "x": -54.5,
        "y": -47.5,
        "z": 0
      },
      "maxPos": {
        "x": 54.5,
        "y": 47.5,
        "z": 0
      }
    },
    "texture": "b84a9dc8-e630-4afe-92e4-74ea095b3c09@6c48a",
    "packable": true,
    "pixelsToUnit": 100,
    "pivot": {
      "x": 0.5,
      "y": 0.5
    },
    "meshType": 0
  }
}