{
  "__type__": "cc.SpriteFrame",
  "content": {
    "name": "zujidan",
    "atlas": "",
    "rect": {
      "x": 35,
      "y": 31,
      "width": 93,
      "height": 88
    },
    "offset": {
      "x": 6.5,
      "y": 0
    },
    "originalSize": {
      "width": 150,
      "height": 150
    },
    "rotated": false,
    "capInsets": [
      0,
      0,
      0,
      0
    ],
    "vertices": {
      "rawPosition": [
        -46.5,
        -44,
        0,
        46.5,
        -44,
        0,
        -46.5,
        44,
        0,
        46.5,
        44,
        0
      ],
      "indexes": [
        0,
        1,
        2,
        2,
        1,
        3
      ],
      "uv": [
        35,
        119,
        128,
        119,
        35,
        31,
        128,
        31
      ],
      "nuv": [
        0.23333333333333334,
        0.20666666666666667,
        0.8533333333333334,
        0.20666666666666667,
        0.23333333333333334,
        0.7933333333333333,
        0.8533333333333334,
        0.7933333333333333
      ],
      "minPos": {
        "x": -46.5,
        "y": -44,
        "z": 0
      },
      "maxPos": {
        "x": 46.5,
        "y": 44,
        "z": 0
      }
    },
    "texture": "b89d678c-04e0-4a67-9756-d15a16a82443@6c48a",
    "packable": true,
    "pixelsToUnit": 100,
    "pivot": {
      "x": 0.5,
      "y": 0.5
    },
    "meshType": 0
  }
}