{
  "__type__": "cc.SpriteFrame",
  "content": {
    "name": "19_00005",
    "atlas": "",
    "rect": {
      "x": 6,
      "y": 7,
      "width": 112,
      "height": 142
    },
    "offset": {
      "x": 2,
      "y": -3
    },
    "originalSize": {
      "width": 120,
      "height": 150
    },
    "rotated": false,
    "capInsets": [
      0,
      0,
      0,
      0
    ],
    "vertices": {
      "rawPosition": [
        -56,
        -71,
        0,
        56,
        -71,
        0,
        -56,
        71,
        0,
        56,
        71,
        0
      ],
      "indexes": [
        0,
        1,
        2,
        2,
        1,
        3
      ],
      "uv": [
        6,
        143,
        118,
        143,
        6,
        1,
        118,
        1
      ],
      "nuv": [
        0.05,
        0.006666666666666667,
        0.9833333333333333,
        0.006666666666666667,
        0.05,
        0.9533333333333334,
        0.9833333333333333,
        0.9533333333333334
      ],
      "minPos": {
        "x": -56,
        "y": -71,
        "z": 0
      },
      "maxPos": {
        "x": 56,
        "y": 71,
        "z": 0
      }
    },
    "texture": "b89f0e36-e2ee-4127-b1d3-db7612702b40@6c48a",
    "packable": true,
    "pixelsToUnit": 100,
    "pivot": {
      "x": 0.5,
      "y": 0.5
    },
    "meshType": 0
  }
}