{
  "__type__": "cc.SpriteFrame",
  "content": {
    "name": "lianqidan",
    "atlas": "",
    "rect": {
      "x": 34,
      "y": 33,
      "width": 91,
      "height": 87
    },
    "offset": {
      "x": 4.5,
      "y": -1.5
    },
    "originalSize": {
      "width": 150,
      "height": 150
    },
    "rotated": false,
    "capInsets": [
      0,
      0,
      0,
      0
    ],
    "vertices": {
      "rawPosition": [
        -45.5,
        -43.5,
        0,
        45.5,
        -43.5,
        0,
        -45.5,
        43.5,
        0,
        45.5,
        43.5,
        0
      ],
      "indexes": [
        0,
        1,
        2,
        2,
        1,
        3
      ],
      "uv": [
        34,
        117,
        125,
        117,
        34,
        30,
        125,
        30
      ],
      "nuv": [
        0.22666666666666666,
        0.2,
        0.8333333333333334,
        0.2,
        0.22666666666666666,
        0.78,
        0.8333333333333334,
        0.78
      ],
      "minPos": {
        "x": -45.5,
        "y": -43.5,
        "z": 0
      },
      "maxPos": {
        "x": 45.5,
        "y": 43.5,
        "z": 0
      }
    },
    "texture": "d00f9f93-750a-4a55-a99c-8d8acf3bbcb5@6c48a",
    "packable": true,
    "pixelsToUnit": 100,
    "pivot": {
      "x": 0.5,
      "y": 0.5
    },
    "meshType": 0
  }
}