{
  "__type__": "cc.SpriteFrame",
  "content": {
    "name": "17_00002",
    "atlas": "",
    "rect": {
      "x": 20,
      "y": 9,
      "width": 92,
      "height": 135
    },
    "offset": {
      "x": 1,
      "y": -1.5
    },
    "originalSize": {
      "width": 130,
      "height": 150
    },
    "rotated": false,
    "capInsets": [
      0,
      0,
      0,
      0
    ],
    "vertices": {
      "rawPosition": [
        -46,
        -67.5,
        0,
        46,
        -67.5,
        0,
        -46,
        67.5,
        0,
        46,
        67.5,
        0
      ],
      "indexes": [
        0,
        1,
        2,
        2,
        1,
        3
      ],
      "uv": [
        20,
        141,
        112,
        141,
        20,
        6,
        112,
        6
      ],
      "nuv": [
        0.15384615384615385,
        0.04,
        0.8615384615384616,
        0.04,
        0.15384615384615385,
        0.94,
        0.8615384615384616,
        0.94
      ],
      "minPos": {
        "x": -46,
        "y": -67.5,
        "z": 0
      },
      "maxPos": {
        "x": 46,
        "y": 67.5,
        "z": 0
      }
    },
    "texture": "d06625ad-9560-496a-b479-7798bee82059@6c48a",
    "packable": true,
    "pixelsToUnit": 100,
    "pivot": {
      "x": 0.5,
      "y": 0.5
    },
    "meshType": 0
  }
}