{
  "__type__": "cc.SpriteFrame",
  "content": {
    "name": "monster33_06",
    "atlas": "",
    "rect": {
      "x": 14,
      "y": 3,
      "width": 99,
      "height": 122
    },
    "offset": {
      "x": 3.5,
      "y": 0
    },
    "originalSize": {
      "width": 120,
      "height": 128
    },
    "rotated": false,
    "capInsets": [
      0,
      0,
      0,
      0
    ],
    "vertices": {
      "rawPosition": [
        -49.5,
        -61,
        0,
        49.5,
        -61,
        0,
        -49.5,
        61,
        0,
        49.5,
        61,
        0
      ],
      "indexes": [
        0,
        1,
        2,
        2,
        1,
        3
      ],
      "uv": [
        14,
        125,
        113,
        125,
        14,
        3,
        113,
        3
      ],
      "nuv": [
        0.11666666666666667,
        0.0234375,
        0.9416666666666667,
        0.0234375,
        0.11666666666666667,
        0.9765625,
        0.9416666666666667,
        0.9765625
      ],
      "minPos": {
        "x": -49.5,
        "y": -61,
        "z": 0
      },
      "maxPos": {
        "x": 49.5,
        "y": 61,
        "z": 0
      }
    },
    "texture": "d09338f8-fac8-4032-b0c7-6290bba64310@6c48a",
    "packable": true,
    "pixelsToUnit": 100,
    "pivot": {
      "x": 0.5,
      "y": 0.5
    },
    "meshType": 0
  }
}