{
  "__type__": "cc.SpriteFrame",
  "content": {
    "name": "8_00009",
    "atlas": "",
    "rect": {
      "x": 25,
      "y": 5,
      "width": 164,
      "height": 142
    },
    "offset": {
      "x": 7,
      "y": -1
    },
    "originalSize": {
      "width": 200,
      "height": 150
    },
    "rotated": false,
    "capInsets": [
      0,
      0,
      0,
      0
    ],
    "vertices": {
      "rawPosition": [
        -82,
        -71,
        0,
        82,
        -71,
        0,
        -82,
        71,
        0,
        82,
        71,
        0
      ],
      "indexes": [
        0,
        1,
        2,
        2,
        1,
        3
      ],
      "uv": [
        25,
        145,
        189,
        145,
        25,
        3,
        189,
        3
      ],
      "nuv": [
        0.125,
        0.02,
        0.945,
        0.02,
        0.125,
        0.9666666666666667,
        0.945,
        0.9666666666666667
      ],
      "minPos": {
        "x": -82,
        "y": -71,
        "z": 0
      },
      "maxPos": {
        "x": 82,
        "y": 71,
        "z": 0
      }
    },
    "texture": "2786a772-9c7b-47f2-af1f-5d3bc09e7cb5@6c48a",
    "packable": true,
    "pixelsToUnit": 100,
    "pivot": {
      "x": 0.5,
      "y": 0.5
    },
    "meshType": 0
  }
}