{
  "__type__": "cc.SpriteFrame",
  "content": {
    "name": "monster33_16",
    "atlas": "",
    "rect": {
      "x": 14,
      "y": 3,
      "width": 100,
      "height": 124
    },
    "offset": {
      "x": 4,
      "y": -1
    },
    "originalSize": {
      "width": 120,
      "height": 128
    },
    "rotated": false,
    "capInsets": [
      0,
      0,
      0,
      0
    ],
    "vertices": {
      "rawPosition": [
        -50,
        -62,
        0,
        50,
        -62,
        0,
        -50,
        62,
        0,
        50,
        62,
        0
      ],
      "indexes": [
        0,
        1,
        2,
        2,
        1,
        3
      ],
      "uv": [
        14,
        125,
        114,
        125,
        14,
        1,
        114,
        1
      ],
      "nuv": [
        0.11666666666666667,
        0.0078125,
        0.95,
        0.0078125,
        0.11666666666666667,
        0.9765625,
        0.95,
        0.9765625
      ],
      "minPos": {
        "x": -50,
        "y": -62,
        "z": 0
      },
      "maxPos": {
        "x": 50,
        "y": 62,
        "z": 0
      }
    },
    "texture": "27be0bd3-9e22-4446-add6-a3eee692e43b@6c48a",
    "packable": true,
    "pixelsToUnit": 100,
    "pivot": {
      "x": 0.5,
      "y": 0.5
    },
    "meshType": 0
  }
}