{
  "__type__": "cc.SpriteFrame",
  "content": {
    "name": "monster15_03",
    "atlas": "",
    "rect": {
      "x": 0,
      "y": 1,
      "width": 72,
      "height": 123
    },
    "offset": {
      "x": -0.5,
      "y": 0
    },
    "originalSize": {
      "width": 73,
      "height": 125
    },
    "rotated": false,
    "capInsets": [
      0,
      0,
      0,
      0
    ],
    "vertices": {
      "rawPosition": [
        -36,
        -61.5,
        0,
        36,
        -61.5,
        0,
        -36,
        61.5,
        0,
        36,
        61.5,
        0
      ],
      "indexes": [
        0,
        1,
        2,
        2,
        1,
        3
      ],
      "uv": [
        0,
        124,
        72,
        124,
        0,
        1,
        72,
        1
      ],
      "nuv": [
        0,
        0.008,
        0.9863013698630136,
        0.008,
        0,
        0.992,
        0.9863013698630136,
        0.992
      ],
      "minPos": {
        "x": -36,
        "y": -61.5,
        "z": 0
      },
      "maxPos": {
        "x": 36,
        "y": 61.5,
        "z": 0
      }
    },
    "texture": "27c9e839-3cfd-4ac9-8fd9-df9bef4dfc68@6c48a",
    "packable": true,
    "pixelsToUnit": 100,
    "pivot": {
      "x": 0.5,
      "y": 0.5
    },
    "meshType": 0
  }
}