{
  "__type__": "cc.SpriteFrame",
  "content": {
    "name": "doomsdayStorm_00004",
    "atlas": "",
    "rect": {
      "x": 9,
      "y": 3,
      "width": 138,
      "height": 98
    },
    "offset": {
      "x": 3,
      "y": 1.5
    },
    "originalSize": {
      "width": 150,
      "height": 107
    },
    "rotated": false,
    "capInsets": [
      0,
      0,
      0,
      0
    ],
    "vertices": {
      "rawPosition": [
        -69,
        -49,
        0,
        69,
        -49,
        0,
        -69,
        49,
        0,
        69,
        49,
        0
      ],
      "indexes": [
        0,
        1,
        2,
        2,
        1,
        3
      ],
      "uv": [
        9,
        104,
        147,
        104,
        9,
        6,
        147,
        6
      ],
      "nuv": [
        0.06,
        0.056074766355140186,
        0.98,
        0.056074766355140186,
        0.06,
        0.9719626168224299,
        0.98,
        0.9719626168224299
      ],
      "minPos": {
        "x": -69,
        "y": -49,
        "z": 0
      },
      "maxPos": {
        "x": 69,
        "y": 49,
        "z": 0
      }
    },
    "texture": "0139a93d-c0fb-48b0-8840-e5265f29b193@6c48a",
    "packable": true,
    "pixelsToUnit": 100,
    "pivot": {
      "x": 0.5,
      "y": 0.5
    },
    "meshType": 0
  }
}