{
  "__type__": "cc.SpriteFrame",
  "content": {
    "name": "14_00005",
    "atlas": "",
    "rect": {
      "x": 17,
      "y": 9,
      "width": 123,
      "height": 144
    },
    "offset": {
      "x": 3.5,
      "y": -1
    },
    "originalSize": {
      "width": 150,
      "height": 160
    },
    "rotated": false,
    "capInsets": [
      0,
      0,
      0,
      0
    ],
    "vertices": {
      "rawPosition": [
        -61.5,
        -72,
        0,
        61.5,
        -72,
        0,
        -61.5,
        72,
        0,
        61.5,
        72,
        0
      ],
      "indexes": [
        0,
        1,
        2,
        2,
        1,
        3
      ],
      "uv": [
        17,
        151,
        140,
        151,
        17,
        7,
        140,
        7
      ],
      "nuv": [
        0.11333333333333333,
        0.04375,
        0.9333333333333333,
        0.04375,
        0.11333333333333333,
        0.94375,
        0.9333333333333333,
        0.94375
      ],
      "minPos": {
        "x": -61.5,
        "y": -72,
        "z": 0
      },
      "maxPos": {
        "x": 61.5,
        "y": 72,
        "z": 0
      }
    },
    "texture": "017e91e9-5249-415d-870a-b4bd86f82433@6c48a",
    "packable": true,
    "pixelsToUnit": 100,
    "pivot": {
      "x": 0.5,
      "y": 0.5
    },
    "meshType": 0
  }
}