{
  "__type__": "cc.SpriteFrame",
  "content": {
    "name": "doomsdayStorm_00007",
    "atlas": "",
    "rect": {
      "x": 12,
      "y": 5,
      "width": 109,
      "height": 97
    },
    "offset": {
      "x": -8.5,
      "y": 0
    },
    "originalSize": {
      "width": 150,
      "height": 107
    },
    "rotated": false,
    "capInsets": [
      0,
      0,
      0,
      0
    ],
    "vertices": {
      "rawPosition": [
        -54.5,
        -48.5,
        0,
        54.5,
        -48.5,
        0,
        -54.5,
        48.5,
        0,
        54.5,
        48.5,
        0
      ],
      "indexes": [
        0,
        1,
        2,
        2,
        1,
        3
      ],
      "uv": [
        12,
        102,
        121,
        102,
        12,
        5,
        121,
        5
      ],
      "nuv": [
        0.08,
        0.04672897196261682,
        0.8066666666666666,
        0.04672897196261682,
        0.08,
        0.9532710280373832,
        0.8066666666666666,
        0.9532710280373832
      ],
      "minPos": {
        "x": -54.5,
        "y": -48.5,
        "z": 0
      },
      "maxPos": {
        "x": 54.5,
        "y": 48.5,
        "z": 0
      }
    },
    "texture": "c3b41272-7f94-4919-8c13-238640b7511b@6c48a",
    "packable": true,
    "pixelsToUnit": 100,
    "pivot": {
      "x": 0.5,
      "y": 0.5
    },
    "meshType": 0
  }
}