{
  "__type__": "cc.SpriteFrame",
  "content": {
    "name": "thunder_0001",
    "atlas": "",
    "rect": {
      "x": 23,
      "y": 0,
      "width": 24,
      "height": 100
    },
    "offset": {
      "x": 6.5,
      "y": 70
    },
    "originalSize": {
      "width": 57,
      "height": 240
    },
    "rotated": false,
    "capInsets": [
      0,
      0,
      0,
      0
    ],
    "vertices": {
      "rawPosition": [
        -12,
        -50,
        0,
        12,
        -50,
        0,
        -12,
        50,
        0,
        12,
        50,
        0
      ],
      "indexes": [
        0,
        1,
        2,
        2,
        1,
        3
      ],
      "uv": [
        23,
        240,
        47,
        240,
        23,
        140,
        47,
        140
      ],
      "nuv": [
        0.40350877192982454,
        0.5833333333333334,
        0.8245614035087719,
        0.5833333333333334,
        0.40350877192982454,
        1,
        0.8245614035087719,
        1
      ],
      "minPos": {
        "x": -12,
        "y": -50,
        "z": 0
      },
      "maxPos": {
        "x": 12,
        "y": 50,
        "z": 0
      }
    },
    "texture": "c0562125-5677-4cf6-bed3-5c63802c1bdf@6c48a",
    "packable": true,
    "pixelsToUnit": 100,
    "pivot": {
      "x": 0.5,
      "y": 0.5
    },
    "meshType": 0
  }
}