{
  "__type__": "cc.SpriteFrame",
  "content": {
    "name": "monster19_02",
    "atlas": "",
    "rect": {
      "x": 2,
      "y": 2,
      "width": 210,
      "height": 130
    },
    "offset": {
      "x": -1,
      "y": 0.5
    },
    "originalSize": {
      "width": 216,
      "height": 135
    },
    "rotated": false,
    "capInsets": [
      0,
      0,
      0,
      0
    ],
    "vertices": {
      "rawPosition": [
        -105,
        -65,
        0,
        105,
        -65,
        0,
        -105,
        65,
        0,
        105,
        65,
        0
      ],
      "indexes": [
        0,
        1,
        2,
        2,
        1,
        3
      ],
      "uv": [
        2,
        133,
        212,
        133,
        2,
        3,
        212,
        3
      ],
      "nuv": [
        0.009259259259259259,
        0.022222222222222223,
        0.9814814814814815,
        0.022222222222222223,
        0.009259259259259259,
        0.9851851851851852,
        0.9814814814814815,
        0.9851851851851852
      ],
      "minPos": {
        "x": -105,
        "y": -65,
        "z": 0
      },
      "maxPos": {
        "x": 105,
        "y": 65,
        "z": 0
      }
    },
    "texture": "c0e1d9bd-0cc6-47fc-9e69-8e5f2b207803@6c48a",
    "packable": true,
    "pixelsToUnit": 100,
    "pivot": {
      "x": 0.5,
      "y": 0.5
    },
    "meshType": 0
  }
}