{
  "__type__": "cc.SpriteFrame",
  "content": {
    "name": "14_00003",
    "atlas": "",
    "rect": {
      "x": 15,
      "y": 9,
      "width": 122,
      "height": 144
    },
    "offset": {
      "x": 1,
      "y": -1
    },
    "originalSize": {
      "width": 150,
      "height": 160
    },
    "rotated": false,
    "capInsets": [
      0,
      0,
      0,
      0
    ],
    "vertices": {
      "rawPosition": [
        -61,
        -72,
        0,
        61,
        -72,
        0,
        -61,
        72,
        0,
        61,
        72,
        0
      ],
      "indexes": [
        0,
        1,
        2,
        2,
        1,
        3
      ],
      "uv": [
        15,
        151,
        137,
        151,
        15,
        7,
        137,
        7
      ],
      "nuv": [
        0.1,
        0.04375,
        0.9133333333333333,
        0.04375,
        0.1,
        0.94375,
        0.9133333333333333,
        0.94375
      ],
      "minPos": {
        "x": -61,
        "y": -72,
        "z": 0
      },
      "maxPos": {
        "x": 61,
        "y": 72,
        "z": 0
      }
    },
    "texture": "0fa70948-a38c-4441-b3ee-84e02d3007fe@6c48a",
    "packable": true,
    "pixelsToUnit": 100,
    "pivot": {
      "x": 0.5,
      "y": 0.5
    },
    "meshType": 0
  }
}