{
  "__type__": "cc.SpriteFrame",
  "content": {
    "name": "boss2_07",
    "atlas": "",
    "rect": {
      "x": 4,
      "y": 1,
      "width": 221,
      "height": 199
    },
    "offset": {
      "x": -8.5,
      "y": 0.5
    },
    "originalSize": {
      "width": 246,
      "height": 202
    },
    "rotated": false,
    "capInsets": [
      0,
      0,
      0,
      0
    ],
    "vertices": {
      "rawPosition": [
        -110.5,
        -99.5,
        0,
        110.5,
        -99.5,
        0,
        -110.5,
        99.5,
        0,
        110.5,
        99.5,
        0
      ],
      "indexes": [
        0,
        1,
        2,
        2,
        1,
        3
      ],
      "uv": [
        4,
        201,
        225,
        201,
        4,
        2,
        225,
        2
      ],
      "nuv": [
        0.016260162601626018,
        0.009900990099009901,
        0.9146341463414634,
        0.009900990099009901,
        0.016260162601626018,
        0.995049504950495,
        0.9146341463414634,
        0.995049504950495
      ],
      "minPos": {
        "x": -110.5,
        "y": -99.5,
        "z": 0
      },
      "maxPos": {
        "x": 110.5,
        "y": 99.5,
        "z": 0
      }
    },
    "texture": "b654e796-d435-4b64-a0af-8f4bca8b8172@6c48a",
    "packable": true,
    "pixelsToUnit": 100,
    "pivot": {
      "x": 0.5,
      "y": 0.5
    },
    "meshType": 0
  }
}