{
  "__type__": "cc.SpriteFrame",
  "content": {
    "name": "8_00003",
    "atlas": "",
    "rect": {
      "x": 22,
      "y": 7,
      "width": 170,
      "height": 141
    },
    "offset": {
      "x": 7,
      "y": -2.5
    },
    "originalSize": {
      "width": 200,
      "height": 150
    },
    "rotated": false,
    "capInsets": [
      0,
      0,
      0,
      0
    ],
    "vertices": {
      "rawPosition": [
        -85,
        -70.5,
        0,
        85,
        -70.5,
        0,
        -85,
        70.5,
        0,
        85,
        70.5,
        0
      ],
      "indexes": [
        0,
        1,
        2,
        2,
        1,
        3
      ],
      "uv": [
        22,
        143,
        192,
        143,
        22,
        2,
        192,
        2
      ],
      "nuv": [
        0.11,
        0.013333333333333334,
        0.96,
        0.013333333333333334,
        0.11,
        0.9533333333333334,
        0.96,
        0.9533333333333334
      ],
      "minPos": {
        "x": -85,
        "y": -70.5,
        "z": 0
      },
      "maxPos": {
        "x": 85,
        "y": 70.5,
        "z": 0
      }
    },
    "texture": "b66ed6e4-6b72-45de-aa1c-757eb5ff0ec5@6c48a",
    "packable": true,
    "pixelsToUnit": 100,
    "pivot": {
      "x": 0.5,
      "y": 0.5
    },
    "meshType": 0
  }
}