{
  "__type__": "cc.SpriteFrame",
  "content": {
    "name": "thunder_0000",
    "atlas": "",
    "rect": {
      "x": 21,
      "y": 0,
      "width": 13,
      "height": 39
    },
    "offset": {
      "x": -1,
      "y": 100.5
    },
    "originalSize": {
      "width": 57,
      "height": 240
    },
    "rotated": false,
    "capInsets": [
      0,
      0,
      0,
      0
    ],
    "vertices": {
      "rawPosition": [
        -6.5,
        -19.5,
        0,
        6.5,
        -19.5,
        0,
        -6.5,
        19.5,
        0,
        6.5,
        19.5,
        0
      ],
      "indexes": [
        0,
        1,
        2,
        2,
        1,
        3
      ],
      "uv": [
        21,
        240,
        34,
        240,
        21,
        201,
        34,
        201
      ],
      "nuv": [
        0.3684210526315789,
        0.8375,
        0.5964912280701754,
        0.8375,
        0.3684210526315789,
        1,
        0.5964912280701754,
        1
      ],
      "minPos": {
        "x": -6.5,
        "y": -19.5,
        "z": 0
      },
      "maxPos": {
        "x": 6.5,
        "y": 19.5,
        "z": 0
      }
    },
    "texture": "b671aa09-a6cb-4d96-b351-e2ecea26ae61@6c48a",
    "packable": true,
    "pixelsToUnit": 100,
    "pivot": {
      "x": 0.5,
      "y": 0.5
    },
    "meshType": 0
  }
}