{
  "__type__": "cc.SpriteFrame",
  "content": {
    "name": "4_00005",
    "atlas": "",
    "rect": {
      "x": 11,
      "y": 3,
      "width": 150,
      "height": 124
    },
    "offset": {
      "x": 1,
      "y": 5
    },
    "originalSize": {
      "width": 170,
      "height": 140
    },
    "rotated": false,
    "capInsets": [
      0,
      0,
      0,
      0
    ],
    "vertices": {
      "rawPosition": [
        -75,
        -62,
        0,
        75,
        -62,
        0,
        -75,
        62,
        0,
        75,
        62,
        0
      ],
      "indexes": [
        0,
        1,
        2,
        2,
        1,
        3
      ],
      "uv": [
        11,
        137,
        161,
        137,
        11,
        13,
        161,
        13
      ],
      "nuv": [
        0.06470588235294118,
        0.09285714285714286,
        0.9470588235294117,
        0.09285714285714286,
        0.06470588235294118,
        0.9785714285714285,
        0.9470588235294117,
        0.9785714285714285
      ],
      "minPos": {
        "x": -75,
        "y": -62,
        "z": 0
      },
      "maxPos": {
        "x": 75,
        "y": 62,
        "z": 0
      }
    },
    "texture": "a78bec88-b1a0-47d5-842a-6e97bd7ed5e7@6c48a",
    "packable": true,
    "pixelsToUnit": 100,
    "pivot": {
      "x": 0.5,
      "y": 0.5
    },
    "meshType": 0
  }
}