{
  "__type__": "cc.SpriteFrame",
  "content": {
    "name": "boss2_02",
    "atlas": "",
    "rect": {
      "x": 1,
      "y": 1,
      "width": 206,
      "height": 199
    },
    "offset": {
      "x": -19,
      "y": 0.5
    },
    "originalSize": {
      "width": 246,
      "height": 202
    },
    "rotated": false,
    "capInsets": [
      0,
      0,
      0,
      0
    ],
    "vertices": {
      "rawPosition": [
        -103,
        -99.5,
        0,
        103,
        -99.5,
        0,
        -103,
        99.5,
        0,
        103,
        99.5,
        0
      ],
      "indexes": [
        0,
        1,
        2,
        2,
        1,
        3
      ],
      "uv": [
        1,
        201,
        207,
        201,
        1,
        2,
        207,
        2
      ],
      "nuv": [
        0.0040650406504065045,
        0.009900990099009901,
        0.8414634146341463,
        0.009900990099009901,
        0.0040650406504065045,
        0.995049504950495,
        0.8414634146341463,
        0.995049504950495
      ],
      "minPos": {
        "x": -103,
        "y": -99.5,
        "z": 0
      },
      "maxPos": {
        "x": 103,
        "y": 99.5,
        "z": 0
      }
    },
    "texture": "7304e10d-e51c-41a8-9688-5787c1af98cd@6c48a",
    "packable": true,
    "pixelsToUnit": 100,
    "pivot": {
      "x": 0.5,
      "y": 0.5
    },
    "meshType": 0
  }
}