{
  "__type__": "cc.SpriteFrame",
  "content": {
    "name": "hellFire_007",
    "atlas": "",
    "rect": {
      "x": 12,
      "y": 1,
      "width": 182,
      "height": 298
    },
    "offset": {
      "x": 1,
      "y": 4
    },
    "originalSize": {
      "width": 204,
      "height": 308
    },
    "rotated": false,
    "capInsets": [
      0,
      0,
      0,
      0
    ],
    "vertices": {
      "rawPosition": [
        -91,
        -149,
        0,
        91,
        -149,
        0,
        -91,
        149,
        0,
        91,
        149,
        0
      ],
      "indexes": [
        0,
        1,
        2,
        2,
        1,
        3
      ],
      "uv": [
        12,
        307,
        194,
        307,
        12,
        9,
        194,
        9
      ],
      "nuv": [
        0.058823529411764705,
        0.02922077922077922,
        0.9509803921568627,
        0.02922077922077922,
        0.058823529411764705,
        0.9967532467532467,
        0.9509803921568627,
        0.9967532467532467
      ],
      "minPos": {
        "x": -91,
        "y": -149,
        "z": 0
      },
      "maxPos": {
        "x": 91,
        "y": 149,
        "z": 0
      }
    },
    "texture": "732d0c3a-06cc-48cc-97af-cfae8508416b@6c48a",
    "packable": true,
    "pixelsToUnit": 100,
    "pivot": {
      "x": 0.5,
      "y": 0.5
    },
    "meshType": 0
  }
}