{
  "__type__": "cc.SpriteFrame",
  "content": {
    "name": "14_00000",
    "atlas": "",
    "rect": {
      "x": 11,
      "y": 9,
      "width": 122,
      "height": 144
    },
    "offset": {
      "x": -3,
      "y": -1
    },
    "originalSize": {
      "width": 150,
      "height": 160
    },
    "rotated": false,
    "capInsets": [
      0,
      0,
      0,
      0
    ],
    "vertices": {
      "rawPosition": [
        -61,
        -72,
        0,
        61,
        -72,
        0,
        -61,
        72,
        0,
        61,
        72,
        0
      ],
      "indexes": [
        0,
        1,
        2,
        2,
        1,
        3
      ],
      "uv": [
        11,
        151,
        133,
        151,
        11,
        7,
        133,
        7
      ],
      "nuv": [
        0.07333333333333333,
        0.04375,
        0.8866666666666667,
        0.04375,
        0.07333333333333333,
        0.94375,
        0.8866666666666667,
        0.94375
      ],
      "minPos": {
        "x": -61,
        "y": -72,
        "z": 0
      },
      "maxPos": {
        "x": 61,
        "y": 72,
        "z": 0
      }
    },
    "texture": "96fe5899-c19b-47a3-b06d-357c248d172f@6c48a",
    "packable": true,
    "pixelsToUnit": 100,
    "pivot": {
      "x": 0.5,
      "y": 0.5
    },
    "meshType": 0
  }
}