{
  "__type__": "cc.SpriteFrame",
  "content": {
    "name": "monster29_00",
    "atlas": "",
    "rect": {
      "x": 6,
      "y": 46,
      "width": 250,
      "height": 99
    },
    "offset": {
      "x": 3,
      "y": -23
    },
    "originalSize": {
      "width": 256,
      "height": 145
    },
    "rotated": false,
    "capInsets": [
      0,
      0,
      0,
      0
    ],
    "vertices": {
      "rawPosition": [
        -125,
        -49.5,
        0,
        125,
        -49.5,
        0,
        -125,
        49.5,
        0,
        125,
        49.5,
        0
      ],
      "indexes": [
        0,
        1,
        2,
        2,
        1,
        3
      ],
      "uv": [
        6,
        99,
        256,
        99,
        6,
        0,
        256,
        0
      ],
      "nuv": [
        0.0234375,
        0,
        1,
        0,
        0.0234375,
        0.6827586206896552,
        1,
        0.6827586206896552
      ],
      "minPos": {
        "x": -125,
        "y": -49.5,
        "z": 0
      },
      "maxPos": {
        "x": 125,
        "y": 49.5,
        "z": 0
      }
    },
    "texture": "5e3369b3-6b1a-4a33-b424-400d2d16fcf8@6c48a",
    "packable": true,
    "pixelsToUnit": 100,
    "pivot": {
      "x": 0.5,
      "y": 0.5
    },
    "meshType": 0
  }
}