{
  "__type__": "cc.SpriteFrame",
  "content": {
    "name": "boss2_16",
    "atlas": "",
    "rect": {
      "x": 8,
      "y": 1,
      "width": 220,
      "height": 199
    },
    "offset": {
      "x": -5,
      "y": 0.5
    },
    "originalSize": {
      "width": 246,
      "height": 202
    },
    "rotated": false,
    "capInsets": [
      0,
      0,
      0,
      0
    ],
    "vertices": {
      "rawPosition": [
        -110,
        -99.5,
        0,
        110,
        -99.5,
        0,
        -110,
        99.5,
        0,
        110,
        99.5,
        0
      ],
      "indexes": [
        0,
        1,
        2,
        2,
        1,
        3
      ],
      "uv": [
        8,
        201,
        228,
        201,
        8,
        2,
        228,
        2
      ],
      "nuv": [
        0.032520325203252036,
        0.009900990099009901,
        0.926829268292683,
        0.009900990099009901,
        0.032520325203252036,
        0.995049504950495,
        0.926829268292683,
        0.995049504950495
      ],
      "minPos": {
        "x": -110,
        "y": -99.5,
        "z": 0
      },
      "maxPos": {
        "x": 110,
        "y": 99.5,
        "z": 0
      }
    },
    "texture": "5e717b02-5298-4007-a612-30b22ede2303@6c48a",
    "packable": true,
    "pixelsToUnit": 100,
    "pivot": {
      "x": 0.5,
      "y": 0.5
    },
    "meshType": 0
  }
}