{
  "__type__": "cc.SpriteFrame",
  "content": {
    "name": "monster31_07",
    "atlas": "",
    "rect": {
      "x": 2,
      "y": 1,
      "width": 104,
      "height": 115
    },
    "offset": {
      "x": -0.5,
      "y": 1.5
    },
    "originalSize": {
      "width": 109,
      "height": 120
    },
    "rotated": false,
    "capInsets": [
      0,
      0,
      0,
      0
    ],
    "vertices": {
      "rawPosition": [
        -52,
        -57.5,
        0,
        52,
        -57.5,
        0,
        -52,
        57.5,
        0,
        52,
        57.5,
        0
      ],
      "indexes": [
        0,
        1,
        2,
        2,
        1,
        3
      ],
      "uv": [
        2,
        119,
        106,
        119,
        2,
        4,
        106,
        4
      ],
      "nuv": [
        0.01834862385321101,
        0.03333333333333333,
        0.9724770642201835,
        0.03333333333333333,
        0.01834862385321101,
        0.9916666666666667,
        0.9724770642201835,
        0.9916666666666667
      ],
      "minPos": {
        "x": -52,
        "y": -57.5,
        "z": 0
      },
      "maxPos": {
        "x": 52,
        "y": 57.5,
        "z": 0
      }
    },
    "texture": "5eaced7d-a3e9-4a99-aa93-c63d8861ddc5@6c48a",
    "packable": true,
    "pixelsToUnit": 100,
    "pivot": {
      "x": 0.5,
      "y": 0.5
    },
    "meshType": 0
  }
}