{
  "__type__": "cc.SpriteFrame",
  "content": {
    "name": "monster15_14",
    "atlas": "",
    "rect": {
      "x": 0,
      "y": 5,
      "width": 71,
      "height": 118
    },
    "offset": {
      "x": -1,
      "y": -1.5
    },
    "originalSize": {
      "width": 73,
      "height": 125
    },
    "rotated": false,
    "capInsets": [
      0,
      0,
      0,
      0
    ],
    "vertices": {
      "rawPosition": [
        -35.5,
        -59,
        0,
        35.5,
        -59,
        0,
        -35.5,
        59,
        0,
        35.5,
        59,
        0
      ],
      "indexes": [
        0,
        1,
        2,
        2,
        1,
        3
      ],
      "uv": [
        0,
        120,
        71,
        120,
        0,
        2,
        71,
        2
      ],
      "nuv": [
        0,
        0.016,
        0.9726027397260274,
        0.016,
        0,
        0.96,
        0.9726027397260274,
        0.96
      ],
      "minPos": {
        "x": -35.5,
        "y": -59,
        "z": 0
      },
      "maxPos": {
        "x": 35.5,
        "y": 59,
        "z": 0
      }
    },
    "texture": "0e1aba77-a2ee-4834-a53e-01bfe8d4eabb@6c48a",
    "packable": true,
    "pixelsToUnit": 100,
    "pivot": {
      "x": 0.5,
      "y": 0.5
    },
    "meshType": 0
  }
}