{
  "__type__": "cc.SpriteFrame",
  "content": {
    "name": "monster29_09",
    "atlas": "",
    "rect": {
      "x": 12,
      "y": 44,
      "width": 222,
      "height": 97
    },
    "offset": {
      "x": -5,
      "y": -20
    },
    "originalSize": {
      "width": 256,
      "height": 145
    },
    "rotated": false,
    "capInsets": [
      0,
      0,
      0,
      0
    ],
    "vertices": {
      "rawPosition": [
        -111,
        -48.5,
        0,
        111,
        -48.5,
        0,
        -111,
        48.5,
        0,
        111,
        48.5,
        0
      ],
      "indexes": [
        0,
        1,
        2,
        2,
        1,
        3
      ],
      "uv": [
        12,
        101,
        234,
        101,
        12,
        4,
        234,
        4
      ],
      "nuv": [
        0.046875,
        0.027586206896551724,
        0.9140625,
        0.027586206896551724,
        0.046875,
        0.696551724137931,
        0.9140625,
        0.696551724137931
      ],
      "minPos": {
        "x": -111,
        "y": -48.5,
        "z": 0
      },
      "maxPos": {
        "x": 111,
        "y": 48.5,
        "z": 0
      }
    },
    "texture": "0e817b34-4853-48ae-9802-e64b9afb226a@6c48a",
    "packable": true,
    "pixelsToUnit": 100,
    "pivot": {
      "x": 0.5,
      "y": 0.5
    },
    "meshType": 0
  }
}