{
  "__type__": "cc.SpriteFrame",
  "content": {
    "name": "20_00003",
    "atlas": "",
    "rect": {
      "x": 5,
      "y": 12,
      "width": 61,
      "height": 82
    },
    "offset": {
      "x": 0.5,
      "y": 7
    },
    "originalSize": {
      "width": 70,
      "height": 120
    },
    "rotated": false,
    "capInsets": [
      0,
      0,
      0,
      0
    ],
    "vertices": {
      "rawPosition": [
        -30.5,
        -41,
        0,
        30.5,
        -41,
        0,
        -30.5,
        41,
        0,
        30.5,
        41,
        0
      ],
      "indexes": [
        0,
        1,
        2,
        2,
        1,
        3
      ],
      "uv": [
        5,
        108,
        66,
        108,
        5,
        26,
        66,
        26
      ],
      "nuv": [
        0.07142857142857142,
        0.21666666666666667,
        0.9428571428571428,
        0.21666666666666667,
        0.07142857142857142,
        0.9,
        0.9428571428571428,
        0.9
      ],
      "minPos": {
        "x": -30.5,
        "y": -41,
        "z": 0
      },
      "maxPos": {
        "x": 30.5,
        "y": 41,
        "z": 0
      }
    },
    "texture": "0eae5d3b-3bb9-4335-8c71-8875ae10395f@6c48a",
    "packable": true,
    "pixelsToUnit": 100,
    "pivot": {
      "x": 0.5,
      "y": 0.5
    },
    "meshType": 0
  }
}