{
  "__type__": "cc.SpriteFrame",
  "content": {
    "name": "skillBookTitleBg",
    "atlas": "",
    "rect": {
      "x": 1,
      "y": 8,
      "width": 523,
      "height": 135
    },
    "offset": {
      "x": 0,
      "y": 0.5
    },
    "originalSize": {
      "width": 525,
      "height": 152
    },
    "rotated": false,
    "capInsets": [
      0,
      0,
      0,
      0
    ],
    "vertices": {
      "rawPosition": [
        -261.5,
        -67.5,
        0,
        261.5,
        -67.5,
        0,
        -261.5,
        67.5,
        0,
        261.5,
        67.5,
        0
      ],
      "indexes": [
        0,
        1,
        2,
        2,
        1,
        3
      ],
      "uv": [
        1,
        144,
        524,
        144,
        1,
        9,
        524,
        9
      ],
      "nuv": [
        0.0019047619047619048,
        0.05921052631578947,
        0.9980952380952381,
        0.05921052631578947,
        0.0019047619047619048,
        0.9473684210526315,
        0.9980952380952381,
        0.9473684210526315
      ],
      "minPos": {
        "x": -261.5,
        "y": -67.5,
        "z": 0
      },
      "maxPos": {
        "x": 261.5,
        "y": 67.5,
        "z": 0
      }
    },
    "texture": "0eb63983-5452-4d22-ae76-7dfe51aebcab@6c48a",
    "packable": true,
    "pixelsToUnit": 100,
    "pivot": {
      "x": 0.5,
      "y": 0.5
    },
    "meshType": 0
  }
}