{
  "__type__": "cc.SpriteFrame",
  "content": {
    "name": "monster33_09",
    "atlas": "",
    "rect": {
      "x": 10,
      "y": 2,
      "width": 104,
      "height": 125
    },
    "offset": {
      "x": 2,
      "y": -0.5
    },
    "originalSize": {
      "width": 120,
      "height": 128
    },
    "rotated": false,
    "capInsets": [
      0,
      0,
      0,
      0
    ],
    "vertices": {
      "rawPosition": [
        -52,
        -62.5,
        0,
        52,
        -62.5,
        0,
        -52,
        62.5,
        0,
        52,
        62.5,
        0
      ],
      "indexes": [
        0,
        1,
        2,
        2,
        1,
        3
      ],
      "uv": [
        10,
        126,
        114,
        126,
        10,
        1,
        114,
        1
      ],
      "nuv": [
        0.08333333333333333,
        0.0078125,
        0.95,
        0.0078125,
        0.08333333333333333,
        0.984375,
        0.95,
        0.984375
      ],
      "minPos": {
        "x": -52,
        "y": -62.5,
        "z": 0
      },
      "maxPos": {
        "x": 52,
        "y": 62.5,
        "z": 0
      }
    },
    "texture": "0ecf298b-190e-461d-80f5-612da6413fce@6c48a",
    "packable": true,
    "pixelsToUnit": 100,
    "pivot": {
      "x": 0.5,
      "y": 0.5
    },
    "meshType": 0
  }
}