{
  "__type__": "cc.SpriteFrame",
  "content": {
    "name": "monster33_14",
    "atlas": "",
    "rect": {
      "x": 14,
      "y": 1,
      "width": 101,
      "height": 125
    },
    "offset": {
      "x": 4.5,
      "y": 0.5
    },
    "originalSize": {
      "width": 120,
      "height": 128
    },
    "rotated": false,
    "capInsets": [
      0,
      0,
      0,
      0
    ],
    "vertices": {
      "rawPosition": [
        -50.5,
        -62.5,
        0,
        50.5,
        -62.5,
        0,
        -50.5,
        62.5,
        0,
        50.5,
        62.5,
        0
      ],
      "indexes": [
        0,
        1,
        2,
        2,
        1,
        3
      ],
      "uv": [
        14,
        127,
        115,
        127,
        14,
        2,
        115,
        2
      ],
      "nuv": [
        0.11666666666666667,
        0.015625,
        0.9583333333333334,
        0.015625,
        0.11666666666666667,
        0.9921875,
        0.9583333333333334,
        0.9921875
      ],
      "minPos": {
        "x": -50.5,
        "y": -62.5,
        "z": 0
      },
      "maxPos": {
        "x": 50.5,
        "y": 62.5,
        "z": 0
      }
    },
    "texture": "0ef0d762-126f-4d1a-8562-01c2fbccaa49@6c48a",
    "packable": true,
    "pixelsToUnit": 100,
    "pivot": {
      "x": 0.5,
      "y": 0.5
    },
    "meshType": 0
  }
}