{
  "__type__": "cc.SpriteFrame",
  "content": {
    "name": "ddd_00010",
    "atlas": "",
    "rect": {
      "x": 8,
      "y": 50,
      "width": 48,
      "height": 41
    },
    "offset": {
      "x": -3,
      "y": -20.5
    },
    "originalSize": {
      "width": 70,
      "height": 100
    },
    "rotated": false,
    "capInsets": [
      0,
      0,
      0,
      0
    ],
    "vertices": {
      "rawPosition": [
        -24,
        -20.5,
        0,
        24,
        -20.5,
        0,
        -24,
        20.5,
        0,
        24,
        20.5,
        0
      ],
      "indexes": [
        0,
        1,
        2,
        2,
        1,
        3
      ],
      "uv": [
        8,
        50,
        56,
        50,
        8,
        9,
        56,
        9
      ],
      "nuv": [
        0.11428571428571428,
        0.09,
        0.8,
        0.09,
        0.11428571428571428,
        0.5,
        0.8,
        0.5
      ],
      "minPos": {
        "x": -24,
        "y": -20.5,
        "z": 0
      },
      "maxPos": {
        "x": 24,
        "y": 20.5,
        "z": 0
      }
    },
    "texture": "830de87e-97fc-4514-82bf-9cc5f3f64f1e@6c48a",
    "packable": true,
    "pixelsToUnit": 100,
    "pivot": {
      "x": 0.5,
      "y": 0.5
    },
    "meshType": 0
  }
}