{
  "__type__": "cc.SpriteFrame",
  "content": {
    "name": "dart222",
    "atlas": "",
    "rect": {
      "x": 4,
      "y": 0,
      "width": 250,
      "height": 239
    },
    "offset": {
      "x": 1,
      "y": 0
    },
    "originalSize": {
      "width": 256,
      "height": 239
    },
    "rotated": false,
    "capInsets": [
      0,
      0,
      0,
      0
    ],
    "vertices": {
      "rawPosition": [
        -125,
        -119.5,
        0,
        125,
        -119.5,
        0,
        -125,
        119.5,
        0,
        125,
        119.5,
        0
      ],
      "indexes": [
        0,
        1,
        2,
        2,
        1,
        3
      ],
      "uv": [
        4,
        239,
        254,
        239,
        4,
        0,
        254,
        0
      ],
      "nuv": [
        0.015625,
        0,
        0.9921875,
        0,
        0.015625,
        1,
        0.9921875,
        1
      ],
      "minPos": {
        "x": -125,
        "y": -119.5,
        "z": 0
      },
      "maxPos": {
        "x": 125,
        "y": 119.5,
        "z": 0
      }
    },
    "texture": "400f7147-0a6e-4ab3-aedf-c46ffbd9af13@6c48a",
    "packable": true,
    "pixelsToUnit": 100,
    "pivot": {
      "x": 0.5,
      "y": 0.5
    },
    "meshType": 0
  }
}