{
  "__type__": "cc.SpriteFrame",
  "content": {
    "name": "monster30_04",
    "atlas": "",
    "rect": {
      "x": 11,
      "y": 50,
      "width": 207,
      "height": 143
    },
    "offset": {
      "x": -11.5,
      "y": -11.5
    },
    "originalSize": {
      "width": 252,
      "height": 220
    },
    "rotated": false,
    "capInsets": [
      0,
      0,
      0,
      0
    ],
    "vertices": {
      "rawPosition": [
        -103.5,
        -71.5,
        0,
        103.5,
        -71.5,
        0,
        -103.5,
        71.5,
        0,
        103.5,
        71.5,
        0
      ],
      "indexes": [
        0,
        1,
        2,
        2,
        1,
        3
      ],
      "uv": [
        11,
        170,
        218,
        170,
        11,
        27,
        218,
        27
      ],
      "nuv": [
        0.04365079365079365,
        0.12272727272727273,
        0.8650793650793651,
        0.12272727272727273,
        0.04365079365079365,
        0.7727272727272727,
        0.8650793650793651,
        0.7727272727272727
      ],
      "minPos": {
        "x": -103.5,
        "y": -71.5,
        "z": 0
      },
      "maxPos": {
        "x": 103.5,
        "y": 71.5,
        "z": 0
      }
    },
    "texture": "405da1ac-be5b-4696-afe6-ffa2d9afcd1f@6c48a",
    "packable": true,
    "pixelsToUnit": 100,
    "pivot": {
      "x": 0.5,
      "y": 0.5
    },
    "meshType": 0
  }
}