{
  "__type__": "cc.SpriteFrame",
  "content": {
    "name": "monster25_06",
    "atlas": "",
    "rect": {
      "x": 2,
      "y": 1,
      "width": 107,
      "height": 99
    },
    "offset": {
      "x": -0.5,
      "y": 0
    },
    "originalSize": {
      "width": 112,
      "height": 101
    },
    "rotated": false,
    "capInsets": [
      0,
      0,
      0,
      0
    ],
    "vertices": {
      "rawPosition": [
        -53.5,
        -49.5,
        0,
        53.5,
        -49.5,
        0,
        -53.5,
        49.5,
        0,
        53.5,
        49.5,
        0
      ],
      "indexes": [
        0,
        1,
        2,
        2,
        1,
        3
      ],
      "uv": [
        2,
        100,
        109,
        100,
        2,
        1,
        109,
        1
      ],
      "nuv": [
        0.017857142857142856,
        0.009900990099009901,
        0.9732142857142857,
        0.009900990099009901,
        0.017857142857142856,
        0.9900990099009901,
        0.9732142857142857,
        0.9900990099009901
      ],
      "minPos": {
        "x": -53.5,
        "y": -49.5,
        "z": 0
      },
      "maxPos": {
        "x": 53.5,
        "y": 49.5,
        "z": 0
      }
    },
    "texture": "cd3d0eb5-bd44-4739-b4ba-8e68a88cc950@6c48a",
    "packable": true,
    "pixelsToUnit": 100,
    "pivot": {
      "x": 0.5,
      "y": 0.5
    },
    "meshType": 0
  }
}