{
  "__type__": "cc.SpriteFrame",
  "content": {
    "name": "thunder_0005",
    "atlas": "",
    "rect": {
      "x": 13,
      "y": 55,
      "width": 37,
      "height": 185
    },
    "offset": {
      "x": 3,
      "y": -27.5
    },
    "originalSize": {
      "width": 57,
      "height": 240
    },
    "rotated": false,
    "capInsets": [
      0,
      0,
      0,
      0
    ],
    "vertices": {
      "rawPosition": [
        -18.5,
        -92.5,
        0,
        18.5,
        -92.5,
        0,
        -18.5,
        92.5,
        0,
        18.5,
        92.5,
        0
      ],
      "indexes": [
        0,
        1,
        2,
        2,
        1,
        3
      ],
      "uv": [
        13,
        185,
        50,
        185,
        13,
        0,
        50,
        0
      ],
      "nuv": [
        0.22807017543859648,
        0,
        0.8771929824561403,
        0,
        0.22807017543859648,
        0.7708333333333334,
        0.8771929824561403,
        0.7708333333333334
      ],
      "minPos": {
        "x": -18.5,
        "y": -92.5,
        "z": 0
      },
      "maxPos": {
        "x": 18.5,
        "y": 92.5,
        "z": 0
      }
    },
    "texture": "cd54ccbf-553d-4755-abfe-d5eb410d84b3@6c48a",
    "packable": true,
    "pixelsToUnit": 100,
    "pivot": {
      "x": 0.5,
      "y": 0.5
    },
    "meshType": 0
  }
}