{
  "__type__": "cc.SpriteFrame",
  "content": {
    "name": "monster14_11",
    "atlas": "",
    "rect": {
      "x": 10,
      "y": 41,
      "width": 116,
      "height": 77
    },
    "offset": {
      "x": 4,
      "y": -16.5
    },
    "originalSize": {
      "width": 128,
      "height": 126
    },
    "rotated": false,
    "capInsets": [
      0,
      0,
      0,
      0
    ],
    "vertices": {
      "rawPosition": [
        -58,
        -38.5,
        0,
        58,
        -38.5,
        0,
        -58,
        38.5,
        0,
        58,
        38.5,
        0
      ],
      "indexes": [
        0,
        1,
        2,
        2,
        1,
        3
      ],
      "uv": [
        10,
        85,
        126,
        85,
        10,
        8,
        126,
        8
      ],
      "nuv": [
        0.078125,
        0.06349206349206349,
        0.984375,
        0.06349206349206349,
        0.078125,
        0.6746031746031746,
        0.984375,
        0.6746031746031746
      ],
      "minPos": {
        "x": -58,
        "y": -38.5,
        "z": 0
      },
      "maxPos": {
        "x": 58,
        "y": 38.5,
        "z": 0
      }
    },
    "texture": "0c3048ae-9be0-4ae1-9792-47448605395d@6c48a",
    "packable": true,
    "pixelsToUnit": 100,
    "pivot": {
      "x": 0.5,
      "y": 0.5
    },
    "meshType": 0
  }
}