{
  "__type__": "cc.SpriteFrame",
  "content": {
    "name": "9_00006",
    "atlas": "",
    "rect": {
      "x": 12,
      "y": 7,
      "width": 171,
      "height": 157
    },
    "offset": {
      "x": -2.5,
      "y": -0.5
    },
    "originalSize": {
      "width": 200,
      "height": 170
    },
    "rotated": false,
    "capInsets": [
      0,
      0,
      0,
      0
    ],
    "vertices": {
      "rawPosition": [
        -85.5,
        -78.5,
        0,
        85.5,
        -78.5,
        0,
        -85.5,
        78.5,
        0,
        85.5,
        78.5,
        0
      ],
      "indexes": [
        0,
        1,
        2,
        2,
        1,
        3
      ],
      "uv": [
        12,
        163,
        183,
        163,
        12,
        6,
        183,
        6
      ],
      "nuv": [
        0.06,
        0.03529411764705882,
        0.915,
        0.03529411764705882,
        0.06,
        0.9588235294117647,
        0.915,
        0.9588235294117647
      ],
      "minPos": {
        "x": -85.5,
        "y": -78.5,
        "z": 0
      },
      "maxPos": {
        "x": 85.5,
        "y": 78.5,
        "z": 0
      }
    },
    "texture": "0cb75a6b-3ec3-4162-bb74-5055322895ce@6c48a",
    "packable": true,
    "pixelsToUnit": 100,
    "pivot": {
      "x": 0.5,
      "y": 0.5
    },
    "meshType": 0
  }
}