{
  "__type__": "cc.SpriteFrame",
  "content": {
    "name": "boss1_02",
    "atlas": "",
    "rect": {
      "x": 27,
      "y": 9,
      "width": 187,
      "height": 183
    },
    "offset": {
      "x": -3.5,
      "y": -3
    },
    "originalSize": {
      "width": 248,
      "height": 195
    },
    "rotated": false,
    "capInsets": [
      0,
      0,
      0,
      0
    ],
    "vertices": {
      "rawPosition": [
        -93.5,
        -91.5,
        0,
        93.5,
        -91.5,
        0,
        -93.5,
        91.5,
        0,
        93.5,
        91.5,
        0
      ],
      "indexes": [
        0,
        1,
        2,
        2,
        1,
        3
      ],
      "uv": [
        27,
        186,
        214,
        186,
        27,
        3,
        214,
        3
      ],
      "nuv": [
        0.10887096774193548,
        0.015384615384615385,
        0.8629032258064516,
        0.015384615384615385,
        0.10887096774193548,
        0.9538461538461539,
        0.8629032258064516,
        0.9538461538461539
      ],
      "minPos": {
        "x": -93.5,
        "y": -91.5,
        "z": 0
      },
      "maxPos": {
        "x": 93.5,
        "y": 91.5,
        "z": 0
      }
    },
    "texture": "4e4f59a0-6818-4a04-bb7b-9e0006047c78@6c48a",
    "packable": true,
    "pixelsToUnit": 100,
    "pivot": {
      "x": 0.5,
      "y": 0.5
    },
    "meshType": 0
  }
}