{
  "__type__": "cc.SpriteFrame",
  "content": {
    "name": "13_00006",
    "atlas": "",
    "rect": {
      "x": 6,
      "y": 14,
      "width": 122,
      "height": 174
    },
    "offset": {
      "x": -8,
      "y": -1
    },
    "originalSize": {
      "width": 150,
      "height": 200
    },
    "rotated": false,
    "capInsets": [
      0,
      0,
      0,
      0
    ],
    "vertices": {
      "rawPosition": [
        -61,
        -87,
        0,
        61,
        -87,
        0,
        -61,
        87,
        0,
        61,
        87,
        0
      ],
      "indexes": [
        0,
        1,
        2,
        2,
        1,
        3
      ],
      "uv": [
        6,
        186,
        128,
        186,
        6,
        12,
        128,
        12
      ],
      "nuv": [
        0.04,
        0.06,
        0.8533333333333334,
        0.06,
        0.04,
        0.93,
        0.8533333333333334,
        0.93
      ],
      "minPos": {
        "x": -61,
        "y": -87,
        "z": 0
      },
      "maxPos": {
        "x": 61,
        "y": 87,
        "z": 0
      }
    },
    "texture": "4eb31c78-1420-4db4-be23-c0b5a3106425@6c48a",
    "packable": true,
    "pixelsToUnit": 100,
    "pivot": {
      "x": 0.5,
      "y": 0.5
    },
    "meshType": 0
  }
}