{
  "__type__": "cc.SpriteFrame",
  "content": {
    "name": "10_00001",
    "atlas": "",
    "rect": {
      "x": 17,
      "y": 9,
      "width": 149,
      "height": 114
    },
    "offset": {
      "x": 1.5,
      "y": -1
    },
    "originalSize": {
      "width": 180,
      "height": 130
    },
    "rotated": false,
    "capInsets": [
      0,
      0,
      0,
      0
    ],
    "vertices": {
      "rawPosition": [
        -74.5,
        -57,
        0,
        74.5,
        -57,
        0,
        -74.5,
        57,
        0,
        74.5,
        57,
        0
      ],
      "indexes": [
        0,
        1,
        2,
        2,
        1,
        3
      ],
      "uv": [
        17,
        121,
        166,
        121,
        17,
        7,
        166,
        7
      ],
      "nuv": [
        0.09444444444444444,
        0.05384615384615385,
        0.9222222222222223,
        0.05384615384615385,
        0.09444444444444444,
        0.9307692307692308,
        0.9222222222222223,
        0.9307692307692308
      ],
      "minPos": {
        "x": -74.5,
        "y": -57,
        "z": 0
      },
      "maxPos": {
        "x": 74.5,
        "y": 57,
        "z": 0
      }
    },
    "texture": "9386a3e1-9579-4697-a7d4-55446ae311c3@6c48a",
    "packable": true,
    "pixelsToUnit": 100,
    "pivot": {
      "x": 0.5,
      "y": 0.5
    },
    "meshType": 0
  }
}