{
  "__type__": "cc.SpriteFrame",
  "content": {
    "name": "monster19_05",
    "atlas": "",
    "rect": {
      "x": 3,
      "y": 7,
      "width": 213,
      "height": 126
    },
    "offset": {
      "x": 1.5,
      "y": -2.5
    },
    "originalSize": {
      "width": 216,
      "height": 135
    },
    "rotated": false,
    "capInsets": [
      0,
      0,
      0,
      0
    ],
    "vertices": {
      "rawPosition": [
        -106.5,
        -63,
        0,
        106.5,
        -63,
        0,
        -106.5,
        63,
        0,
        106.5,
        63,
        0
      ],
      "indexes": [
        0,
        1,
        2,
        2,
        1,
        3
      ],
      "uv": [
        3,
        128,
        216,
        128,
        3,
        2,
        216,
        2
      ],
      "nuv": [
        0.013888888888888888,
        0.014814814814814815,
        1,
        0.014814814814814815,
        0.013888888888888888,
        0.9481481481481482,
        1,
        0.9481481481481482
      ],
      "minPos": {
        "x": -106.5,
        "y": -63,
        "z": 0
      },
      "maxPos": {
        "x": 106.5,
        "y": 63,
        "z": 0
      }
    },
    "texture": "5ad79d0b-1233-4d4c-bfa3-9da62652f440@6c48a",
    "packable": true,
    "pixelsToUnit": 100,
    "pivot": {
      "x": 0.5,
      "y": 0.5
    },
    "meshType": 0
  }
}