{
  "__type__": "cc.SpriteFrame",
  "content": {
    "name": "boss1_skill1_1",
    "atlas": "",
    "rect": {
      "x": 2,
      "y": 2,
      "width": 184,
      "height": 115
    },
    "offset": {
      "x": 1,
      "y": -0.5
    },
    "originalSize": {
      "width": 186,
      "height": 118
    },
    "rotated": false,
    "capInsets": [
      0,
      0,
      0,
      0
    ],
    "vertices": {
      "rawPosition": [
        -92,
        -57.5,
        0,
        92,
        -57.5,
        0,
        -92,
        57.5,
        0,
        92,
        57.5,
        0
      ],
      "indexes": [
        0,
        1,
        2,
        2,
        1,
        3
      ],
      "uv": [
        2,
        116,
        186,
        116,
        2,
        1,
        186,
        1
      ],
      "nuv": [
        0.010752688172043012,
        0.00847457627118644,
        1,
        0.00847457627118644,
        0.010752688172043012,
        0.9830508474576272,
        1,
        0.9830508474576272
      ],
      "minPos": {
        "x": -92,
        "y": -57.5,
        "z": 0
      },
      "maxPos": {
        "x": 92,
        "y": 57.5,
        "z": 0
      }
    },
    "texture": "5aea45c4-44f3-4687-b78a-4556313a3fcf@6c48a",
    "packable": true,
    "pixelsToUnit": 100,
    "pivot": {
      "x": 0.5,
      "y": 0.5
    },
    "meshType": 0
  }
}