{
  "__type__": "cc.SpriteFrame",
  "content": {
    "name": "thunderFissionBead_00000",
    "atlas": "",
    "rect": {
      "x": 0,
      "y": 76,
      "width": 143,
      "height": 74
    },
    "offset": {
      "x": -39,
      "y": 5.5
    },
    "originalSize": {
      "width": 221,
      "height": 237
    },
    "rotated": false,
    "capInsets": [
      0,
      0,
      0,
      0
    ],
    "vertices": {
      "rawPosition": [
        -71.5,
        -37,
        0,
        71.5,
        -37,
        0,
        -71.5,
        37,
        0,
        71.5,
        37,
        0
      ],
      "indexes": [
        0,
        1,
        2,
        2,
        1,
        3
      ],
      "uv": [
        0,
        161,
        143,
        161,
        0,
        87,
        143,
        87
      ],
      "nuv": [
        0,
        0.3670886075949367,
        0.6470588235294118,
        0.3670886075949367,
        0,
        0.679324894514768,
        0.6470588235294118,
        0.679324894514768
      ],
      "minPos": {
        "x": -71.5,
        "y": -37,
        "z": 0
      },
      "maxPos": {
        "x": 71.5,
        "y": 37,
        "z": 0
      }
    },
    "texture": "df3f4707-38b9-4869-a1d2-56aeb79afbf9@6c48a",
    "packable": true,
    "pixelsToUnit": 100,
    "pivot": {
      "x": 0.5,
      "y": 0.5
    },
    "meshType": 0
  }
}