{
  "__type__": "cc.SpriteFrame",
  "content": {
    "name": "thunderFissionBead_00010",
    "atlas": "",
    "rect": {
      "x": 0,
      "y": 38,
      "width": 166,
      "height": 199
    },
    "offset": {
      "x": -27.5,
      "y": -19
    },
    "originalSize": {
      "width": 221,
      "height": 237
    },
    "rotated": false,
    "capInsets": [
      0,
      0,
      0,
      0
    ],
    "vertices": {
      "rawPosition": [
        -83,
        -99.5,
        0,
        83,
        -99.5,
        0,
        -83,
        99.5,
        0,
        83,
        99.5,
        0
      ],
      "indexes": [
        0,
        1,
        2,
        2,
        1,
        3
      ],
      "uv": [
        0,
        199,
        166,
        199,
        0,
        0,
        166,
        0
      ],
      "nuv": [
        0,
        0,
        0.751131221719457,
        0,
        0,
        0.8396624472573839,
        0.751131221719457,
        0.8396624472573839
      ],
      "minPos": {
        "x": -83,
        "y": -99.5,
        "z": 0
      },
      "maxPos": {
        "x": 83,
        "y": 99.5,
        "z": 0
      }
    },
    "texture": "df5e8bff-20ff-4f26-981f-a8922dc665b7@6c48a",
    "packable": true,
    "pixelsToUnit": 100,
    "pivot": {
      "x": 0.5,
      "y": 0.5
    },
    "meshType": 0
  }
}