{
  "__type__": "cc.SpriteFrame",
  "content": {
    "name": "thundercloud_0005",
    "atlas": "",
    "rect": {
      "x": 0,
      "y": 3,
      "width": 230,
      "height": 236
    },
    "offset": {
      "x": -0.5,
      "y": -1.5
    },
    "originalSize": {
      "width": 231,
      "height": 239
    },
    "rotated": false,
    "capInsets": [
      0,
      0,
      0,
      0
    ],
    "vertices": {
      "rawPosition": [
        -115,
        -118,
        0,
        115,
        -118,
        0,
        -115,
        118,
        0,
        115,
        118,
        0
      ],
      "indexes": [
        0,
        1,
        2,
        2,
        1,
        3
      ],
      "uv": [
        0,
        236,
        230,
        236,
        0,
        0,
        230,
        0
      ],
      "nuv": [
        0,
        0,
        0.9956709956709957,
        0,
        0,
        0.9874476987447699,
        0.9956709956709957,
        0.9874476987447699
      ],
      "minPos": {
        "x": -115,
        "y": -118,
        "z": 0
      },
      "maxPos": {
        "x": 115,
        "y": 118,
        "z": 0
      }
    },
    "texture": "df6211ee-ff6a-4942-878e-f84c65af7a4b@6c48a",
    "packable": true,
    "pixelsToUnit": 100,
    "pivot": {
      "x": 0.5,
      "y": 0.5
    },
    "meshType": 0
  }
}