{
  "__type__": "cc.SpriteFrame",
  "content": {
    "name": "upgradeArrow",
    "atlas": "",
    "rect": {
      "x": 1,
      "y": 3,
      "width": 138,
      "height": 53
    },
    "offset": {
      "x": 0,
      "y": -1.5
    },
    "originalSize": {
      "width": 140,
      "height": 56
    },
    "rotated": false,
    "capInsets": [
      0,
      0,
      0,
      0
    ],
    "vertices": {
      "rawPosition": [
        -69,
        -26.5,
        0,
        69,
        -26.5,
        0,
        -69,
        26.5,
        0,
        69,
        26.5,
        0
      ],
      "indexes": [
        0,
        1,
        2,
        2,
        1,
        3
      ],
      "uv": [
        1,
        53,
        139,
        53,
        1,
        0,
        139,
        0
      ],
      "nuv": [
        0.007142857142857143,
        0,
        0.9928571428571429,
        0,
        0.007142857142857143,
        0.9464285714285714,
        0.9928571428571429,
        0.9464285714285714
      ],
      "minPos": {
        "x": -69,
        "y": -26.5,
        "z": 0
      },
      "maxPos": {
        "x": 69,
        "y": 26.5,
        "z": 0
      }
    },
    "texture": "dff7834e-3f0a-4bb0-99db-8f298ea4ea54@6c48a",
    "packable": true,
    "pixelsToUnit": 100,
    "pivot": {
      "x": 0.5,
      "y": 0.5
    },
    "meshType": 0
  }
}