{
  "__type__": "cc.SpriteFrame",
  "content": {
    "name": "hellFire_0012",
    "atlas": "",
    "rect": {
      "x": 25,
      "y": 28,
      "width": 157,
      "height": 260
    },
    "offset": {
      "x": 1.5,
      "y": -4
    },
    "originalSize": {
      "width": 204,
      "height": 308
    },
    "rotated": false,
    "capInsets": [
      0,
      0,
      0,
      0
    ],
    "vertices": {
      "rawPosition": [
        -78.5,
        -130,
        0,
        78.5,
        -130,
        0,
        -78.5,
        130,
        0,
        78.5,
        130,
        0
      ],
      "indexes": [
        0,
        1,
        2,
        2,
        1,
        3
      ],
      "uv": [
        25,
        280,
        182,
        280,
        25,
        20,
        182,
        20
      ],
      "nuv": [
        0.12254901960784313,
        0.06493506493506493,
        0.8921568627450981,
        0.06493506493506493,
        0.12254901960784313,
        0.9090909090909091,
        0.8921568627450981,
        0.9090909090909091
      ],
      "minPos": {
        "x": -78.5,
        "y": -130,
        "z": 0
      },
      "maxPos": {
        "x": 78.5,
        "y": 130,
        "z": 0
      }
    },
    "texture": "941da845-4978-412a-bbad-7a5dd4abea76@6c48a",
    "packable": true,
    "pixelsToUnit": 100,
    "pivot": {
      "x": 0.5,
      "y": 0.5
    },
    "meshType": 0
  }
}