{
  "__type__": "cc.SpriteFrame",
  "content": {
    "name": "loading",
    "atlas": "",
    "rect": {
      "x": 1,
      "y": 2,
      "width": 632,
      "height": 50
    },
    "offset": {
      "x": 0,
      "y": 0
    },
    "originalSize": {
      "width": 634,
      "height": 54
    },
    "rotated": false,
    "capInsets": [
      0,
      0,
      0,
      0
    ],
    "vertices": {
      "rawPosition": [
        -316,
        -25,
        0,
        316,
        -25,
        0,
        -316,
        25,
        0,
        316,
        25,
        0
      ],
      "indexes": [
        0,
        1,
        2,
        2,
        1,
        3
      ],
      "uv": [
        1,
        52,
        633,
        52,
        1,
        2,
        633,
        2
      ],
      "nuv": [
        0.0015772870662460567,
        0.037037037037037035,
        0.998422712933754,
        0.037037037037037035,
        0.0015772870662460567,
        0.9629629629629629,
        0.998422712933754,
        0.9629629629629629
      ],
      "minPos": {
        "x": -316,
        "y": -25,
        "z": 0
      },
      "maxPos": {
        "x": 316,
        "y": 25,
        "z": 0
      }
    },
    "texture": "23a98290-ec5f-44e3-8d27-195b540650c1@6c48a",
    "packable": true,
    "pixelsToUnit": 100,
    "pivot": {
      "x": 0.5,
      "y": 0.5
    },
    "meshType": 0
  }
}