{
  "__type__": "cc.SpriteFrame",
  "content": {
    "name": "hellFire_000",
    "atlas": "",
    "rect": {
      "x": 38,
      "y": 150,
      "width": 132,
      "height": 131
    },
    "offset": {
      "x": 2,
      "y": -61.5
    },
    "originalSize": {
      "width": 204,
      "height": 308
    },
    "rotated": false,
    "capInsets": [
      0,
      0,
      0,
      0
    ],
    "vertices": {
      "rawPosition": [
        -66,
        -65.5,
        0,
        66,
        -65.5,
        0,
        -66,
        65.5,
        0,
        66,
        65.5,
        0
      ],
      "indexes": [
        0,
        1,
        2,
        2,
        1,
        3
      ],
      "uv": [
        38,
        158,
        170,
        158,
        38,
        27,
        170,
        27
      ],
      "nuv": [
        0.18627450980392157,
        0.08766233766233766,
        0.8333333333333334,
        0.08766233766233766,
        0.18627450980392157,
        0.512987012987013,
        0.8333333333333334,
        0.512987012987013
      ],
      "minPos": {
        "x": -66,
        "y": -65.5,
        "z": 0
      },
      "maxPos": {
        "x": 66,
        "y": 65.5,
        "z": 0
      }
    },
    "texture": "c9eb52df-7026-47c5-a43f-4bbd0d001908@6c48a",
    "packable": true,
    "pixelsToUnit": 100,
    "pivot": {
      "x": 0.5,
      "y": 0.5
    },
    "meshType": 0
  }
}