{
  "__type__": "cc.SpriteFrame",
  "content": {
    "name": "8_00004",
    "atlas": "",
    "rect": {
      "x": 20,
      "y": 7,
      "width": 171,
      "height": 141
    },
    "offset": {
      "x": 5.5,
      "y": -2.5
    },
    "originalSize": {
      "width": 200,
      "height": 150
    },
    "rotated": false,
    "capInsets": [
      0,
      0,
      0,
      0
    ],
    "vertices": {
      "rawPosition": [
        -85.5,
        -70.5,
        0,
        85.5,
        -70.5,
        0,
        -85.5,
        70.5,
        0,
        85.5,
        70.5,
        0
      ],
      "indexes": [
        0,
        1,
        2,
        2,
        1,
        3
      ],
      "uv": [
        20,
        143,
        191,
        143,
        20,
        2,
        191,
        2
      ],
      "nuv": [
        0.1,
        0.013333333333333334,
        0.955,
        0.013333333333333334,
        0.1,
        0.9533333333333334,
        0.955,
        0.9533333333333334
      ],
      "minPos": {
        "x": -85.5,
        "y": -70.5,
        "z": 0
      },
      "maxPos": {
        "x": 85.5,
        "y": 70.5,
        "z": 0
      }
    },
    "texture": "ce621309-42e6-46a2-9479-ffb6c43bdd3c@6c48a",
    "packable": true,
    "pixelsToUnit": 100,
    "pivot": {
      "x": 0.5,
      "y": 0.5
    },
    "meshType": 0
  }
}