{
  "__type__": "cc.SpriteFrame",
  "content": {
    "name": "monster30_12",
    "atlas": "",
    "rect": {
      "x": 34,
      "y": 43,
      "width": 157,
      "height": 162
    },
    "offset": {
      "x": -13.5,
      "y": -14
    },
    "originalSize": {
      "width": 252,
      "height": 220
    },
    "rotated": false,
    "capInsets": [
      0,
      0,
      0,
      0
    ],
    "vertices": {
      "rawPosition": [
        -78.5,
        -81,
        0,
        78.5,
        -81,
        0,
        -78.5,
        81,
        0,
        78.5,
        81,
        0
      ],
      "indexes": [
        0,
        1,
        2,
        2,
        1,
        3
      ],
      "uv": [
        34,
        177,
        191,
        177,
        34,
        15,
        191,
        15
      ],
      "nuv": [
        0.1349206349206349,
        0.06818181818181818,
        0.7579365079365079,
        0.06818181818181818,
        0.1349206349206349,
        0.8045454545454546,
        0.7579365079365079,
        0.8045454545454546
      ],
      "minPos": {
        "x": -78.5,
        "y": -81,
        "z": 0
      },
      "maxPos": {
        "x": 78.5,
        "y": 81,
        "z": 0
      }
    },
    "texture": "ce706a4b-7e0a-4915-9075-4c19e63df493@6c48a",
    "packable": true,
    "pixelsToUnit": 100,
    "pivot": {
      "x": 0.5,
      "y": 0.5
    },
    "meshType": 0
  }
}