{
  "__type__": "cc.SpriteFrame",
  "content": {
    "name": "dangerWindToNear_00002",
    "atlas": "",
    "rect": {
      "x": 5,
      "y": 6,
      "width": 116,
      "height": 162
    },
    "offset": {
      "x": 1.5,
      "y": -3
    },
    "originalSize": {
      "width": 123,
      "height": 168
    },
    "rotated": false,
    "capInsets": [
      0,
      0,
      0,
      0
    ],
    "vertices": {
      "rawPosition": [
        -58,
        -81,
        0,
        58,
        -81,
        0,
        -58,
        81,
        0,
        58,
        81,
        0
      ],
      "indexes": [
        0,
        1,
        2,
        2,
        1,
        3
      ],
      "uv": [
        5,
        162,
        121,
        162,
        5,
        0,
        121,
        0
      ],
      "nuv": [
        0.04065040650406504,
        0,
        0.983739837398374,
        0,
        0.04065040650406504,
        0.9642857142857143,
        0.983739837398374,
        0.9642857142857143
      ],
      "minPos": {
        "x": -58,
        "y": -81,
        "z": 0
      },
      "maxPos": {
        "x": 58,
        "y": 81,
        "z": 0
      }
    },
    "texture": "ce867375-8d4a-4504-a89e-c8cea65a027c@6c48a",
    "packable": true,
    "pixelsToUnit": 100,
    "pivot": {
      "x": 0.5,
      "y": 0.5
    },
    "meshType": 0
  }
}