{
  "__type__": "cc.SpriteFrame",
  "content": {
    "name": "commonTipsBg",
    "atlas": "",
    "rect": {
      "x": 1,
      "y": 0,
      "width": 428,
      "height": 356
    },
    "offset": {
      "x": -0.5,
      "y": 0.5
    },
    "originalSize": {
      "width": 431,
      "height": 357
    },
    "rotated": false,
    "capInsets": [
      0,
      0,
      0,
      0
    ],
    "vertices": {
      "rawPosition": [
        -214,
        -178,
        0,
        214,
        -178,
        0,
        -214,
        178,
        0,
        214,
        178,
        0
      ],
      "indexes": [
        0,
        1,
        2,
        2,
        1,
        3
      ],
      "uv": [
        1,
        357,
        429,
        357,
        1,
        1,
        429,
        1
      ],
      "nuv": [
        0.002320185614849188,
        0.0028011204481792717,
        0.9953596287703016,
        0.0028011204481792717,
        0.002320185614849188,
        1,
        0.9953596287703016,
        1
      ],
      "minPos": {
        "x": -214,
        "y": -178,
        "z": 0
      },
      "maxPos": {
        "x": 214,
        "y": 178,
        "z": 0
      }
    },
    "texture": "d51538d0-4eeb-4433-a8ab-ec34c9bf7828@6c48a",
    "packable": true,
    "pixelsToUnit": 100,
    "pivot": {
      "x": 0.5,
      "y": 0.5
    },
    "meshType": 0
  }
}