{
  "__type__": "cc.SpriteFrame",
  "content": {
    "name": "monster28_11",
    "atlas": "",
    "rect": {
      "x": 1,
      "y": 14,
      "width": 119,
      "height": 85
    },
    "offset": {
      "x": -3.5,
      "y": -6
    },
    "originalSize": {
      "width": 128,
      "height": 101
    },
    "rotated": false,
    "capInsets": [
      0,
      0,
      0,
      0
    ],
    "vertices": {
      "rawPosition": [
        -59.5,
        -42.5,
        0,
        59.5,
        -42.5,
        0,
        -59.5,
        42.5,
        0,
        59.5,
        42.5,
        0
      ],
      "indexes": [
        0,
        1,
        2,
        2,
        1,
        3
      ],
      "uv": [
        1,
        87,
        120,
        87,
        1,
        2,
        120,
        2
      ],
      "nuv": [
        0.0078125,
        0.019801980198019802,
        0.9375,
        0.019801980198019802,
        0.0078125,
        0.8613861386138614,
        0.9375,
        0.8613861386138614
      ],
      "minPos": {
        "x": -59.5,
        "y": -42.5,
        "z": 0
      },
      "maxPos": {
        "x": 59.5,
        "y": 42.5,
        "z": 0
      }
    },
    "texture": "3d3477e5-f8f6-4cb4-9fca-ef9d3976233a@6c48a",
    "packable": true,
    "pixelsToUnit": 100,
    "pivot": {
      "x": 0.5,
      "y": 0.5
    },
    "meshType": 0
  }
}