{
  "__type__": "cc.SpriteFrame",
  "content": {
    "name": "hellFire_009",
    "atlas": "",
    "rect": {
      "x": 16,
      "y": 3,
      "width": 175,
      "height": 287
    },
    "offset": {
      "x": 1.5,
      "y": 7.5
    },
    "originalSize": {
      "width": 204,
      "height": 308
    },
    "rotated": false,
    "capInsets": [
      0,
      0,
      0,
      0
    ],
    "vertices": {
      "rawPosition": [
        -87.5,
        -143.5,
        0,
        87.5,
        -143.5,
        0,
        -87.5,
        143.5,
        0,
        87.5,
        143.5,
        0
      ],
      "indexes": [
        0,
        1,
        2,
        2,
        1,
        3
      ],
      "uv": [
        16,
        305,
        191,
        305,
        16,
        18,
        191,
        18
      ],
      "nuv": [
        0.0784313725490196,
        0.05844155844155844,
        0.9362745098039216,
        0.05844155844155844,
        0.0784313725490196,
        0.9902597402597403,
        0.9362745098039216,
        0.9902597402597403
      ],
      "minPos": {
        "x": -87.5,
        "y": -143.5,
        "z": 0
      },
      "maxPos": {
        "x": 87.5,
        "y": 143.5,
        "z": 0
      }
    },
    "texture": "3d86f189-eafd-4a4a-b563-78273ec92d93@6c48a",
    "packable": true,
    "pixelsToUnit": 100,
    "pivot": {
      "x": 0.5,
      "y": 0.5
    },
    "meshType": 0
  }
}