{
  "__type__": "cc.SpriteFrame",
  "content": {
    "name": "jueji",
    "atlas": "",
    "rect": {
      "x": 1,
      "y": 1,
      "width": 137,
      "height": 67
    },
    "offset": {
      "x": 0,
      "y": 0
    },
    "originalSize": {
      "width": 139,
      "height": 69
    },
    "rotated": false,
    "capInsets": [
      0,
      0,
      0,
      0
    ],
    "vertices": {
      "rawPosition": [
        -68.5,
        -33.5,
        0,
        68.5,
        -33.5,
        0,
        -68.5,
        33.5,
        0,
        68.5,
        33.5,
        0
      ],
      "indexes": [
        0,
        1,
        2,
        2,
        1,
        3
      ],
      "uv": [
        1,
        68,
        138,
        68,
        1,
        1,
        138,
        1
      ],
      "nuv": [
        0.007194244604316547,
        0.014492753623188406,
        0.9928057553956835,
        0.014492753623188406,
        0.007194244604316547,
        0.9855072463768116,
        0.9928057553956835,
        0.9855072463768116
      ],
      "minPos": {
        "x": -68.5,
        "y": -33.5,
        "z": 0
      },
      "maxPos": {
        "x": 68.5,
        "y": 33.5,
        "z": 0
      }
    },
    "texture": "853ccf81-685a-4546-9533-376a0a24cb5e@6c48a",
    "packable": true,
    "pixelsToUnit": 100,
    "pivot": {
      "x": 0.5,
      "y": 0.5
    },
    "meshType": 0
  }
}