{
  "__type__": "cc.SpriteFrame",
  "content": {
    "name": "thunder_0003",
    "atlas": "",
    "rect": {
      "x": 12,
      "y": 0,
      "width": 39,
      "height": 240
    },
    "offset": {
      "x": 3,
      "y": 0
    },
    "originalSize": {
      "width": 57,
      "height": 240
    },
    "rotated": false,
    "capInsets": [
      0,
      0,
      0,
      0
    ],
    "vertices": {
      "rawPosition": [
        -19.5,
        -120,
        0,
        19.5,
        -120,
        0,
        -19.5,
        120,
        0,
        19.5,
        120,
        0
      ],
      "indexes": [
        0,
        1,
        2,
        2,
        1,
        3
      ],
      "uv": [
        12,
        240,
        51,
        240,
        12,
        0,
        51,
        0
      ],
      "nuv": [
        0.21052631578947367,
        0,
        0.8947368421052632,
        0,
        0.21052631578947367,
        1,
        0.8947368421052632,
        1
      ],
      "minPos": {
        "x": -19.5,
        "y": -120,
        "z": 0
      },
      "maxPos": {
        "x": 19.5,
        "y": 120,
        "z": 0
      }
    },
    "texture": "85abeb40-133b-4b99-857d-b2d4f4fdadcb@6c48a",
    "packable": true,
    "pixelsToUnit": 100,
    "pivot": {
      "x": 0.5,
      "y": 0.5
    },
    "meshType": 0
  }
}