{
  "__type__": "cc.SpriteFrame",
  "content": {
    "name": "monster30_09",
    "atlas": "",
    "rect": {
      "x": 16,
      "y": 98,
      "width": 215,
      "height": 95
    },
    "offset": {
      "x": -2.5,
      "y": -35.5
    },
    "originalSize": {
      "width": 252,
      "height": 220
    },
    "rotated": false,
    "capInsets": [
      0,
      0,
      0,
      0
    ],
    "vertices": {
      "rawPosition": [
        -107.5,
        -47.5,
        0,
        107.5,
        -47.5,
        0,
        -107.5,
        47.5,
        0,
        107.5,
        47.5,
        0
      ],
      "indexes": [
        0,
        1,
        2,
        2,
        1,
        3
      ],
      "uv": [
        16,
        122,
        231,
        122,
        16,
        27,
        231,
        27
      ],
      "nuv": [
        0.06349206349206349,
        0.12272727272727273,
        0.9166666666666666,
        0.12272727272727273,
        0.06349206349206349,
        0.5545454545454546,
        0.9166666666666666,
        0.5545454545454546
      ],
      "minPos": {
        "x": -107.5,
        "y": -47.5,
        "z": 0
      },
      "maxPos": {
        "x": 107.5,
        "y": 47.5,
        "z": 0
      }
    },
    "texture": "85c4ef7e-3376-4002-abd4-3924031e76cf@6c48a",
    "packable": true,
    "pixelsToUnit": 100,
    "pivot": {
      "x": 0.5,
      "y": 0.5
    },
    "meshType": 0
  }
}