{
  "__type__": "cc.SpriteFrame",
  "content": {
    "name": "1_00005",
    "atlas": "",
    "rect": {
      "x": 9,
      "y": 1,
      "width": 91,
      "height": 129
    },
    "offset": {
      "x": 4.5,
      "y": -0.5
    },
    "originalSize": {
      "width": 100,
      "height": 130
    },
    "rotated": false,
    "capInsets": [
      0,
      0,
      0,
      0
    ],
    "vertices": {
      "rawPosition": [
        -45.5,
        -64.5,
        0,
        45.5,
        -64.5,
        0,
        -45.5,
        64.5,
        0,
        45.5,
        64.5,
        0
      ],
      "indexes": [
        0,
        1,
        2,
        2,
        1,
        3
      ],
      "uv": [
        9,
        129,
        100,
        129,
        9,
        0,
        100,
        0
      ],
      "nuv": [
        0.09,
        0,
        1,
        0,
        0.09,
        0.9923076923076923,
        1,
        0.9923076923076923
      ],
      "minPos": {
        "x": -45.5,
        "y": -64.5,
        "z": 0
      },
      "maxPos": {
        "x": 45.5,
        "y": 64.5,
        "z": 0
      }
    },
    "texture": "85c75cc3-0894-4053-a16e-46c3521eb42d@6c48a",
    "packable": true,
    "pixelsToUnit": 100,
    "pivot": {
      "x": 0.5,
      "y": 0.5
    },
    "meshType": 0
  }
}