{
  "__type__": "cc.SpriteFrame",
  "content": {
    "name": "time_icon",
    "atlas": "",
    "rect": {
      "x": 4,
      "y": 1,
      "width": 34,
      "height": 41
    },
    "offset": {
      "x": -1,
      "y": 0.5
    },
    "originalSize": {
      "width": 44,
      "height": 44
    },
    "rotated": false,
    "capInsets": [
      0,
      0,
      0,
      0
    ],
    "vertices": {
      "rawPosition": [
        -17,
        -20.5,
        0,
        17,
        -20.5,
        0,
        -17,
        20.5,
        0,
        17,
        20.5,
        0
      ],
      "indexes": [
        0,
        1,
        2,
        2,
        1,
        3
      ],
      "uv": [
        4,
        43,
        38,
        43,
        4,
        2,
        38,
        2
      ],
      "nuv": [
        0.09090909090909091,
        0.045454545454545456,
        0.8636363636363636,
        0.045454545454545456,
        0.09090909090909091,
        0.9772727272727273,
        0.8636363636363636,
        0.9772727272727273
      ],
      "minPos": {
        "x": -17,
        "y": -20.5,
        "z": 0
      },
      "maxPos": {
        "x": 17,
        "y": 20.5,
        "z": 0
      }
    },
    "texture": "85d007a2-589b-430d-bd15-4e60e9a92091@6c48a",
    "packable": true,
    "pixelsToUnit": 100,
    "pivot": {
      "x": 0.5,
      "y": 0.5
    },
    "meshType": 0
  }
}