{
  "__type__": "cc.SpriteFrame",
  "content": {
    "name": "boss2_19",
    "atlas": "",
    "rect": {
      "x": 3,
      "y": 1,
      "width": 214,
      "height": 199
    },
    "offset": {
      "x": -13,
      "y": 0.5
    },
    "originalSize": {
      "width": 246,
      "height": 202
    },
    "rotated": false,
    "capInsets": [
      0,
      0,
      0,
      0
    ],
    "vertices": {
      "rawPosition": [
        -107,
        -99.5,
        0,
        107,
        -99.5,
        0,
        -107,
        99.5,
        0,
        107,
        99.5,
        0
      ],
      "indexes": [
        0,
        1,
        2,
        2,
        1,
        3
      ],
      "uv": [
        3,
        201,
        217,
        201,
        3,
        2,
        217,
        2
      ],
      "nuv": [
        0.012195121951219513,
        0.009900990099009901,
        0.8821138211382114,
        0.009900990099009901,
        0.012195121951219513,
        0.995049504950495,
        0.8821138211382114,
        0.995049504950495
      ],
      "minPos": {
        "x": -107,
        "y": -99.5,
        "z": 0
      },
      "maxPos": {
        "x": 107,
        "y": 99.5,
        "z": 0
      }
    },
    "texture": "85ed6835-ac96-486a-bb8f-38c30c6ca238@6c48a",
    "packable": true,
    "pixelsToUnit": 100,
    "pivot": {
      "x": 0.5,
      "y": 0.5
    },
    "meshType": 0
  }
}