{
  "__type__": "cc.SpriteFrame",
  "content": {
    "name": "monster28_00",
    "atlas": "",
    "rect": {
      "x": 1,
      "y": 9,
      "width": 113,
      "height": 92
    },
    "offset": {
      "x": -6.5,
      "y": -4.5
    },
    "originalSize": {
      "width": 128,
      "height": 101
    },
    "rotated": false,
    "capInsets": [
      0,
      0,
      0,
      0
    ],
    "vertices": {
      "rawPosition": [
        -56.5,
        -46,
        0,
        56.5,
        -46,
        0,
        -56.5,
        46,
        0,
        56.5,
        46,
        0
      ],
      "indexes": [
        0,
        1,
        2,
        2,
        1,
        3
      ],
      "uv": [
        1,
        92,
        114,
        92,
        1,
        0,
        114,
        0
      ],
      "nuv": [
        0.0078125,
        0,
        0.890625,
        0,
        0.0078125,
        0.9108910891089109,
        0.890625,
        0.9108910891089109
      ],
      "minPos": {
        "x": -56.5,
        "y": -46,
        "z": 0
      },
      "maxPos": {
        "x": 56.5,
        "y": 46,
        "z": 0
      }
    },
    "texture": "70acf640-e484-4e8e-b7d6-5634de239bcc@6c48a",
    "packable": true,
    "pixelsToUnit": 100,
    "pivot": {
      "x": 0.5,
      "y": 0.5
    },
    "meshType": 0
  }
}