{
  "__type__": "cc.SpriteFrame",
  "content": {
    "name": "heroProperty",
    "atlas": "",
    "rect": {
      "x": 57,
      "y": 5,
      "width": 88,
      "height": 44
    },
    "offset": {
      "x": 1,
      "y": 3
    },
    "originalSize": {
      "width": 200,
      "height": 60
    },
    "rotated": false,
    "capInsets": [
      0,
      0,
      0,
      0
    ],
    "vertices": {
      "rawPosition": [
        -44,
        -22,
        0,
        44,
        -22,
        0,
        -44,
        22,
        0,
        44,
        22,
        0
      ],
      "indexes": [
        0,
        1,
        2,
        2,
        1,
        3
      ],
      "uv": [
        57,
        55,
        145,
        55,
        57,
        11,
        145,
        11
      ],
      "nuv": [
        0.285,
        0.18333333333333332,
        0.725,
        0.18333333333333332,
        0.285,
        0.9166666666666666,
        0.725,
        0.9166666666666666
      ],
      "minPos": {
        "x": -44,
        "y": -22,
        "z": 0
      },
      "maxPos": {
        "x": 44,
        "y": 22,
        "z": 0
      }
    },
    "texture": "436b7afa-ccde-4f19-95ad-016b1d3f5c5f@6c48a",
    "packable": true,
    "pixelsToUnit": 100,
    "pivot": {
      "x": 0.5,
      "y": 0.5
    },
    "meshType": 0
  }
}