{
  "__type__": "cc.SpriteFrame",
  "content": {
    "name": "13_00001",
    "atlas": "",
    "rect": {
      "x": 19,
      "y": 13,
      "width": 124,
      "height": 176
    },
    "offset": {
      "x": 6,
      "y": -1
    },
    "originalSize": {
      "width": 150,
      "height": 200
    },
    "rotated": false,
    "capInsets": [
      0,
      0,
      0,
      0
    ],
    "vertices": {
      "rawPosition": [
        -62,
        -88,
        0,
        62,
        -88,
        0,
        -62,
        88,
        0,
        62,
        88,
        0
      ],
      "indexes": [
        0,
        1,
        2,
        2,
        1,
        3
      ],
      "uv": [
        19,
        187,
        143,
        187,
        19,
        11,
        143,
        11
      ],
      "nuv": [
        0.12666666666666668,
        0.055,
        0.9533333333333334,
        0.055,
        0.12666666666666668,
        0.935,
        0.9533333333333334,
        0.935
      ],
      "minPos": {
        "x": -62,
        "y": -88,
        "z": 0
      },
      "maxPos": {
        "x": 62,
        "y": 88,
        "z": 0
      }
    },
    "texture": "439a9a81-f9f4-4c4d-9558-9ada6568f8ba@6c48a",
    "packable": true,
    "pixelsToUnit": 100,
    "pivot": {
      "x": 0.5,
      "y": 0.5
    },
    "meshType": 0
  }
}