{
  "__type__": "cc.SpriteFrame",
  "content": {
    "name": "monster14_03",
    "atlas": "",
    "rect": {
      "x": 10,
      "y": 39,
      "width": 115,
      "height": 79
    },
    "offset": {
      "x": 3.5,
      "y": -15.5
    },
    "originalSize": {
      "width": 128,
      "height": 126
    },
    "rotated": false,
    "capInsets": [
      0,
      0,
      0,
      0
    ],
    "vertices": {
      "rawPosition": [
        -57.5,
        -39.5,
        0,
        57.5,
        -39.5,
        0,
        -57.5,
        39.5,
        0,
        57.5,
        39.5,
        0
      ],
      "indexes": [
        0,
        1,
        2,
        2,
        1,
        3
      ],
      "uv": [
        10,
        87,
        125,
        87,
        10,
        8,
        125,
        8
      ],
      "nuv": [
        0.078125,
        0.06349206349206349,
        0.9765625,
        0.06349206349206349,
        0.078125,
        0.6904761904761905,
        0.9765625,
        0.6904761904761905
      ],
      "minPos": {
        "x": -57.5,
        "y": -39.5,
        "z": 0
      },
      "maxPos": {
        "x": 57.5,
        "y": 39.5,
        "z": 0
      }
    },
    "texture": "6f4872e0-41fe-45bb-9ea8-c898898fe177@6c48a",
    "packable": true,
    "pixelsToUnit": 100,
    "pivot": {
      "x": 0.5,
      "y": 0.5
    },
    "meshType": 0
  }
}