{
  "__type__": "cc.SpriteFrame",
  "content": {
    "name": "boss1_13",
    "atlas": "",
    "rect": {
      "x": 16,
      "y": 4,
      "width": 193,
      "height": 188
    },
    "offset": {
      "x": -11.5,
      "y": -0.5
    },
    "originalSize": {
      "width": 248,
      "height": 195
    },
    "rotated": false,
    "capInsets": [
      0,
      0,
      0,
      0
    ],
    "vertices": {
      "rawPosition": [
        -96.5,
        -94,
        0,
        96.5,
        -94,
        0,
        -96.5,
        94,
        0,
        96.5,
        94,
        0
      ],
      "indexes": [
        0,
        1,
        2,
        2,
        1,
        3
      ],
      "uv": [
        16,
        191,
        209,
        191,
        16,
        3,
        209,
        3
      ],
      "nuv": [
        0.06451612903225806,
        0.015384615384615385,
        0.842741935483871,
        0.015384615384615385,
        0.06451612903225806,
        0.9794871794871794,
        0.842741935483871,
        0.9794871794871794
      ],
      "minPos": {
        "x": -96.5,
        "y": -94,
        "z": 0
      },
      "maxPos": {
        "x": 96.5,
        "y": 94,
        "z": 0
      }
    },
    "texture": "6fc7904a-5199-408d-b74c-de982e48db1e@6c48a",
    "packable": true,
    "pixelsToUnit": 100,
    "pivot": {
      "x": 0.5,
      "y": 0.5
    },
    "meshType": 0
  }
}