{
  "__type__": "cc.SpriteFrame",
  "content": {
    "name": "baguazhen",
    "atlas": "",
    "rect": {
      "x": 4,
      "y": 5,
      "width": 120,
      "height": 119
    },
    "offset": {
      "x": 0,
      "y": -0.5
    },
    "originalSize": {
      "width": 128,
      "height": 128
    },
    "rotated": false,
    "capInsets": [
      0,
      0,
      0,
      0
    ],
    "vertices": {
      "rawPosition": [
        -60,
        -59.5,
        0,
        60,
        -59.5,
        0,
        -60,
        59.5,
        0,
        60,
        59.5,
        0
      ],
      "indexes": [
        0,
        1,
        2,
        2,
        1,
        3
      ],
      "uv": [
        4,
        123,
        124,
        123,
        4,
        4,
        124,
        4
      ],
      "nuv": [
        0.03125,
        0.03125,
        0.96875,
        0.03125,
        0.03125,
        0.9609375,
        0.96875,
        0.9609375
      ],
      "minPos": {
        "x": -60,
        "y": -59.5,
        "z": 0
      },
      "maxPos": {
        "x": 60,
        "y": 59.5,
        "z": 0
      }
    },
    "texture": "e6403c4b-9375-4b2f-9690-a8af27229f01@6c48a",
    "packable": false,
    "pixelsToUnit": 100,
    "pivot": {
      "x": 0.5,
      "y": 0.5
    },
    "meshType": 0
  }
}