{
  "__type__": "cc.SpriteFrame",
  "content": {
    "name": "16_00002",
    "atlas": "",
    "rect": {
      "x": 13,
      "y": 3,
      "width": 84,
      "height": 100
    },
    "offset": {
      "x": 5,
      "y": -0.5
    },
    "originalSize": {
      "width": 100,
      "height": 105
    },
    "rotated": false,
    "capInsets": [
      0,
      0,
      0,
      0
    ],
    "vertices": {
      "rawPosition": [
        -42,
        -50,
        0,
        42,
        -50,
        0,
        -42,
        50,
        0,
        42,
        50,
        0
      ],
      "indexes": [
        0,
        1,
        2,
        2,
        1,
        3
      ],
      "uv": [
        13,
        102,
        97,
        102,
        13,
        2,
        97,
        2
      ],
      "nuv": [
        0.13,
        0.01904761904761905,
        0.97,
        0.01904761904761905,
        0.13,
        0.9714285714285714,
        0.97,
        0.9714285714285714
      ],
      "minPos": {
        "x": -42,
        "y": -50,
        "z": 0
      },
      "maxPos": {
        "x": 42,
        "y": 50,
        "z": 0
      }
    },
    "texture": "e6ad9e4b-b48f-45c8-b988-4b14639fc420@6c48a",
    "packable": true,
    "pixelsToUnit": 100,
    "pivot": {
      "x": 0.5,
      "y": 0.5
    },
    "meshType": 0
  }
}