{
  "__type__": "cc.SpriteFrame",
  "content": {
    "name": "16_00007",
    "atlas": "",
    "rect": {
      "x": 11,
      "y": 3,
      "width": 86,
      "height": 100
    },
    "offset": {
      "x": 4,
      "y": -0.5
    },
    "originalSize": {
      "width": 100,
      "height": 105
    },
    "rotated": false,
    "capInsets": [
      0,
      0,
      0,
      0
    ],
    "vertices": {
      "rawPosition": [
        -43,
        -50,
        0,
        43,
        -50,
        0,
        -43,
        50,
        0,
        43,
        50,
        0
      ],
      "indexes": [
        0,
        1,
        2,
        2,
        1,
        3
      ],
      "uv": [
        11,
        102,
        97,
        102,
        11,
        2,
        97,
        2
      ],
      "nuv": [
        0.11,
        0.01904761904761905,
        0.97,
        0.01904761904761905,
        0.11,
        0.9714285714285714,
        0.97,
        0.9714285714285714
      ],
      "minPos": {
        "x": -43,
        "y": -50,
        "z": 0
      },
      "maxPos": {
        "x": 43,
        "y": 50,
        "z": 0
      }
    },
    "texture": "64855da1-6995-4625-803f-d3d3c1614f8f@6c48a",
    "packable": true,
    "pixelsToUnit": 100,
    "pivot": {
      "x": 0.5,
      "y": 0.5
    },
    "meshType": 0
  }
}