{
  "__type__": "cc.SpriteFrame",
  "content": {
    "name": "monster19_18",
    "atlas": "",
    "rect": {
      "x": 2,
      "y": 1,
      "width": 209,
      "height": 130
    },
    "offset": {
      "x": -1.5,
      "y": 1.5
    },
    "originalSize": {
      "width": 216,
      "height": 135
    },
    "rotated": false,
    "capInsets": [
      0,
      0,
      0,
      0
    ],
    "vertices": {
      "rawPosition": [
        -104.5,
        -65,
        0,
        104.5,
        -65,
        0,
        -104.5,
        65,
        0,
        104.5,
        65,
        0
      ],
      "indexes": [
        0,
        1,
        2,
        2,
        1,
        3
      ],
      "uv": [
        2,
        134,
        211,
        134,
        2,
        4,
        211,
        4
      ],
      "nuv": [
        0.009259259259259259,
        0.02962962962962963,
        0.9768518518518519,
        0.02962962962962963,
        0.009259259259259259,
        0.9925925925925926,
        0.9768518518518519,
        0.9925925925925926
      ],
      "minPos": {
        "x": -104.5,
        "y": -65,
        "z": 0
      },
      "maxPos": {
        "x": 104.5,
        "y": 65,
        "z": 0
      }
    },
    "texture": "649b5bcc-9f4f-44ab-84e8-9c336a9aa11d@6c48a",
    "packable": true,
    "pixelsToUnit": 100,
    "pivot": {
      "x": 0.5,
      "y": 0.5
    },
    "meshType": 0
  }
}