{
  "__type__": "cc.SpriteFrame",
  "content": {
    "name": "fan",
    "atlas": "",
    "rect": {
      "x": 20,
      "y": 14,
      "width": 116,
      "height": 121
    },
    "offset": {
      "x": 3,
      "y": 0.5
    },
    "originalSize": {
      "width": 150,
      "height": 150
    },
    "rotated": false,
    "capInsets": [
      0,
      0,
      0,
      0
    ],
    "vertices": {
      "rawPosition": [
        -58,
        -60.5,
        0,
        58,
        -60.5,
        0,
        -58,
        60.5,
        0,
        58,
        60.5,
        0
      ],
      "indexes": [
        0,
        1,
        2,
        2,
        1,
        3
      ],
      "uv": [
        20,
        136,
        136,
        136,
        20,
        15,
        136,
        15
      ],
      "nuv": [
        0.13333333333333333,
        0.1,
        0.9066666666666666,
        0.1,
        0.13333333333333333,
        0.9066666666666666,
        0.9066666666666666,
        0.9066666666666666
      ],
      "minPos": {
        "x": -58,
        "y": -60.5,
        "z": 0
      },
      "maxPos": {
        "x": 58,
        "y": 60.5,
        "z": 0
      }
    },
    "texture": "d3e049fb-010c-4243-98cc-cef7c5a63dd5@6c48a",
    "packable": true,
    "pixelsToUnit": 100,
    "pivot": {
      "x": 0.5,
      "y": 0.5
    },
    "meshType": 0
  }
}