{
  "__type__": "cc.SpriteFrame",
  "content": {
    "name": "boss1_11",
    "atlas": "",
    "rect": {
      "x": 21,
      "y": 2,
      "width": 190,
      "height": 190
    },
    "offset": {
      "x": -8,
      "y": 0.5
    },
    "originalSize": {
      "width": 248,
      "height": 195
    },
    "rotated": false,
    "capInsets": [
      0,
      0,
      0,
      0
    ],
    "vertices": {
      "rawPosition": [
        -95,
        -95,
        0,
        95,
        -95,
        0,
        -95,
        95,
        0,
        95,
        95,
        0
      ],
      "indexes": [
        0,
        1,
        2,
        2,
        1,
        3
      ],
      "uv": [
        21,
        193,
        211,
        193,
        21,
        3,
        211,
        3
      ],
      "nuv": [
        0.0846774193548387,
        0.015384615384615385,
        0.8508064516129032,
        0.015384615384615385,
        0.0846774193548387,
        0.9897435897435898,
        0.8508064516129032,
        0.9897435897435898
      ],
      "minPos": {
        "x": -95,
        "y": -95,
        "z": 0
      },
      "maxPos": {
        "x": 95,
        "y": 95,
        "z": 0
      }
    },
    "texture": "4a08675e-f77b-4404-a733-32e828951336@6c48a",
    "packable": true,
    "pixelsToUnit": 100,
    "pivot": {
      "x": 0.5,
      "y": 0.5
    },
    "meshType": 0
  }
}