{
  "__type__": "cc.SpriteFrame",
  "content": {
    "name": "thunderFissionBead_00001",
    "atlas": "",
    "rect": {
      "x": 0,
      "y": 0,
      "width": 179,
      "height": 164
    },
    "offset": {
      "x": -21,
      "y": 36.5
    },
    "originalSize": {
      "width": 221,
      "height": 237
    },
    "rotated": false,
    "capInsets": [
      0,
      0,
      0,
      0
    ],
    "vertices": {
      "rawPosition": [
        -89.5,
        -82,
        0,
        89.5,
        -82,
        0,
        -89.5,
        82,
        0,
        89.5,
        82,
        0
      ],
      "indexes": [
        0,
        1,
        2,
        2,
        1,
        3
      ],
      "uv": [
        0,
        237,
        179,
        237,
        0,
        73,
        179,
        73
      ],
      "nuv": [
        0,
        0.3080168776371308,
        0.8099547511312217,
        0.3080168776371308,
        0,
        1,
        0.8099547511312217,
        1
      ],
      "minPos": {
        "x": -89.5,
        "y": -82,
        "z": 0
      },
      "maxPos": {
        "x": 89.5,
        "y": 82,
        "z": 0
      }
    },
    "texture": "4aa1431c-b98f-4308-a0f4-9425fa6ad497@6c48a",
    "packable": true,
    "pixelsToUnit": 100,
    "pivot": {
      "x": 0.5,
      "y": 0.5
    },
    "meshType": 0
  }
}