{
  "__type__": "cc.SpriteFrame",
  "content": {
    "name": "mainMenuBtn5",
    "atlas": "",
    "rect": {
      "x": 8,
      "y": 1,
      "width": 134,
      "height": 133
    },
    "offset": {
      "x": -1.5,
      "y": 0
    },
    "originalSize": {
      "width": 153,
      "height": 135
    },
    "rotated": false,
    "capInsets": [
      0,
      0,
      0,
      0
    ],
    "vertices": {
      "rawPosition": [
        -67,
        -66.5,
        0,
        67,
        -66.5,
        0,
        -67,
        66.5,
        0,
        67,
        66.5,
        0
      ],
      "indexes": [
        0,
        1,
        2,
        2,
        1,
        3
      ],
      "uv": [
        8,
        134,
        142,
        134,
        8,
        1,
        142,
        1
      ],
      "nuv": [
        0.05228758169934641,
        0.007407407407407408,
        0.9281045751633987,
        0.007407407407407408,
        0.05228758169934641,
        0.9925925925925926,
        0.9281045751633987,
        0.9925925925925926
      ],
      "minPos": {
        "x": -67,
        "y": -66.5,
        "z": 0
      },
      "maxPos": {
        "x": 67,
        "y": 66.5,
        "z": 0
      }
    },
    "texture": "4ad9af9c-9535-41b5-a71b-baf27477d5ce@6c48a",
    "packable": true,
    "pixelsToUnit": 100,
    "pivot": {
      "x": 0.5,
      "y": 0.5
    },
    "meshType": 0
  }
}