{
  "__type__": "cc.SpriteFrame",
  "content": {
    "name": "fireBloom_004",
    "atlas": "",
    "rect": {
      "x": 13,
      "y": 12,
      "width": 291,
      "height": 288
    },
    "offset": {
      "x": 6,
      "y": -4
    },
    "originalSize": {
      "width": 305,
      "height": 304
    },
    "rotated": false,
    "capInsets": [
      0,
      0,
      0,
      0
    ],
    "vertices": {
      "rawPosition": [
        -145.5,
        -144,
        0,
        145.5,
        -144,
        0,
        -145.5,
        144,
        0,
        145.5,
        144,
        0
      ],
      "indexes": [
        0,
        1,
        2,
        2,
        1,
        3
      ],
      "uv": [
        13,
        292,
        304,
        292,
        13,
        4,
        304,
        4
      ],
      "nuv": [
        0.04262295081967213,
        0.013157894736842105,
        0.9967213114754099,
        0.013157894736842105,
        0.04262295081967213,
        0.9605263157894737,
        0.9967213114754099,
        0.9605263157894737
      ],
      "minPos": {
        "x": -145.5,
        "y": -144,
        "z": 0
      },
      "maxPos": {
        "x": 145.5,
        "y": 144,
        "z": 0
      }
    },
    "texture": "f732141e-ba27-4874-b4d9-300c4e35fb75@6c48a",
    "packable": true,
    "pixelsToUnit": 100,
    "pivot": {
      "x": 0.5,
      "y": 0.5
    },
    "meshType": 0
  }
}