{
  "__type__": "cc.SpriteFrame",
  "content": {
    "name": "monster24-火_03",
    "atlas": "",
    "rect": {
      "x": 0,
      "y": 22,
      "width": 126,
      "height": 85
    },
    "offset": {
      "x": -1,
      "y": -8
    },
    "originalSize": {
      "width": 128,
      "height": 113
    },
    "rotated": false,
    "capInsets": [
      0,
      0,
      0,
      0
    ],
    "vertices": {
      "rawPosition": [
        -63,
        -42.5,
        0,
        63,
        -42.5,
        0,
        -63,
        42.5,
        0,
        63,
        42.5,
        0
      ],
      "indexes": [
        0,
        1,
        2,
        2,
        1,
        3
      ],
      "uv": [
        0,
        91,
        126,
        91,
        0,
        6,
        126,
        6
      ],
      "nuv": [
        0,
        0.05309734513274336,
        0.984375,
        0.05309734513274336,
        0,
        0.8053097345132744,
        0.984375,
        0.8053097345132744
      ],
      "minPos": {
        "x": -63,
        "y": -42.5,
        "z": 0
      },
      "maxPos": {
        "x": 63,
        "y": 42.5,
        "z": 0
      }
    },
    "texture": "8d6badd7-5a23-428c-adb8-8778daaac6e9@6c48a",
    "packable": true,
    "pixelsToUnit": 100,
    "pivot": {
      "x": 0.5,
      "y": 0.5
    },
    "meshType": 0
  }
}