{
  "__type__": "cc.SpriteFrame",
  "content": {
    "name": "doomsdayStorm_00000",
    "atlas": "",
    "rect": {
      "x": 4,
      "y": 2,
      "width": 140,
      "height": 105
    },
    "offset": {
      "x": -1,
      "y": -1
    },
    "originalSize": {
      "width": 150,
      "height": 107
    },
    "rotated": false,
    "capInsets": [
      0,
      0,
      0,
      0
    ],
    "vertices": {
      "rawPosition": [
        -70,
        -52.5,
        0,
        70,
        -52.5,
        0,
        -70,
        52.5,
        0,
        70,
        52.5,
        0
      ],
      "indexes": [
        0,
        1,
        2,
        2,
        1,
        3
      ],
      "uv": [
        4,
        105,
        144,
        105,
        4,
        0,
        144,
        0
      ],
      "nuv": [
        0.02666666666666667,
        0,
        0.96,
        0,
        0.02666666666666667,
        0.9813084112149533,
        0.96,
        0.9813084112149533
      ],
      "minPos": {
        "x": -70,
        "y": -52.5,
        "z": 0
      },
      "maxPos": {
        "x": 70,
        "y": 52.5,
        "z": 0
      }
    },
    "texture": "8d898d33-f61c-4b7b-ac9e-993d56271ab1@6c48a",
    "packable": true,
    "pixelsToUnit": 100,
    "pivot": {
      "x": 0.5,
      "y": 0.5
    },
    "meshType": 0
  }
}