{
  "__type__": "cc.SpriteFrame",
  "content": {
    "name": "thunder_0007",
    "atlas": "",
    "rect": {
      "x": 3,
      "y": 193,
      "width": 54,
      "height": 41
    },
    "offset": {
      "x": 1.5,
      "y": -93.5
    },
    "originalSize": {
      "width": 57,
      "height": 240
    },
    "rotated": false,
    "capInsets": [
      0,
      0,
      0,
      0
    ],
    "vertices": {
      "rawPosition": [
        -27,
        -20.5,
        0,
        27,
        -20.5,
        0,
        -27,
        20.5,
        0,
        27,
        20.5,
        0
      ],
      "indexes": [
        0,
        1,
        2,
        2,
        1,
        3
      ],
      "uv": [
        3,
        47,
        57,
        47,
        3,
        6,
        57,
        6
      ],
      "nuv": [
        0.05263157894736842,
        0.025,
        1,
        0.025,
        0.05263157894736842,
        0.19583333333333333,
        1,
        0.19583333333333333
      ],
      "minPos": {
        "x": -27,
        "y": -20.5,
        "z": 0
      },
      "maxPos": {
        "x": 27,
        "y": 20.5,
        "z": 0
      }
    },
    "texture": "8db520a8-9693-42da-8f7f-150de8967126@6c48a",
    "packable": true,
    "pixelsToUnit": 100,
    "pivot": {
      "x": 0.5,
      "y": 0.5
    },
    "meshType": 0
  }
}