{
  "__type__": "cc.SpriteFrame",
  "content": {
    "name": "thunder_0002",
    "atlas": "",
    "rect": {
      "x": 15,
      "y": 0,
      "width": 25,
      "height": 187
    },
    "offset": {
      "x": -1,
      "y": 26.5
    },
    "originalSize": {
      "width": 57,
      "height": 240
    },
    "rotated": false,
    "capInsets": [
      0,
      0,
      0,
      0
    ],
    "vertices": {
      "rawPosition": [
        -12.5,
        -93.5,
        0,
        12.5,
        -93.5,
        0,
        -12.5,
        93.5,
        0,
        12.5,
        93.5,
        0
      ],
      "indexes": [
        0,
        1,
        2,
        2,
        1,
        3
      ],
      "uv": [
        15,
        240,
        40,
        240,
        15,
        53,
        40,
        53
      ],
      "nuv": [
        0.2631578947368421,
        0.22083333333333333,
        0.7017543859649122,
        0.22083333333333333,
        0.2631578947368421,
        1,
        0.7017543859649122,
        1
      ],
      "minPos": {
        "x": -12.5,
        "y": -93.5,
        "z": 0
      },
      "maxPos": {
        "x": 12.5,
        "y": 93.5,
        "z": 0
      }
    },
    "texture": "8dd3bce9-0440-4d3d-9a4f-36e6f661496a@6c48a",
    "packable": true,
    "pixelsToUnit": 100,
    "pivot": {
      "x": 0.5,
      "y": 0.5
    },
    "meshType": 0
  }
}