{
  "__type__": "cc.SpriteFrame",
  "content": {
    "name": "22_00008",
    "atlas": "",
    "rect": {
      "x": 12,
      "y": 20,
      "width": 151,
      "height": 147
    },
    "offset": {
      "x": -2.5,
      "y": -3.5
    },
    "originalSize": {
      "width": 180,
      "height": 180
    },
    "rotated": false,
    "capInsets": [
      0,
      0,
      0,
      0
    ],
    "vertices": {
      "rawPosition": [
        -75.5,
        -73.5,
        0,
        75.5,
        -73.5,
        0,
        -75.5,
        73.5,
        0,
        75.5,
        73.5,
        0
      ],
      "indexes": [
        0,
        1,
        2,
        2,
        1,
        3
      ],
      "uv": [
        12,
        160,
        163,
        160,
        12,
        13,
        163,
        13
      ],
      "nuv": [
        0.06666666666666667,
        0.07222222222222222,
        0.9055555555555556,
        0.07222222222222222,
        0.06666666666666667,
        0.8888888888888888,
        0.9055555555555556,
        0.8888888888888888
      ],
      "minPos": {
        "x": -75.5,
        "y": -73.5,
        "z": 0
      },
      "maxPos": {
        "x": 75.5,
        "y": 73.5,
        "z": 0
      }
    },
    "texture": "0437d612-ee6d-4fc1-ab71-40a21f74ee1d@6c48a",
    "packable": true,
    "pixelsToUnit": 100,
    "pivot": {
      "x": 0.5,
      "y": 0.5
    },
    "meshType": 0
  }
}