{
  "__type__": "cc.SpriteFrame",
  "content": {
    "name": "4_00007",
    "atlas": "",
    "rect": {
      "x": 11,
      "y": 10,
      "width": 154,
      "height": 120
    },
    "offset": {
      "x": 3,
      "y": 0
    },
    "originalSize": {
      "width": 170,
      "height": 140
    },
    "rotated": false,
    "capInsets": [
      0,
      0,
      0,
      0
    ],
    "vertices": {
      "rawPosition": [
        -77,
        -60,
        0,
        77,
        -60,
        0,
        -77,
        60,
        0,
        77,
        60,
        0
      ],
      "indexes": [
        0,
        1,
        2,
        2,
        1,
        3
      ],
      "uv": [
        11,
        130,
        165,
        130,
        11,
        10,
        165,
        10
      ],
      "nuv": [
        0.06470588235294118,
        0.07142857142857142,
        0.9705882352941176,
        0.07142857142857142,
        0.06470588235294118,
        0.9285714285714286,
        0.9705882352941176,
        0.9285714285714286
      ],
      "minPos": {
        "x": -77,
        "y": -60,
        "z": 0
      },
      "maxPos": {
        "x": 77,
        "y": 60,
        "z": 0
      }
    },
    "texture": "0499f120-573c-49f8-80dd-4d05f6c595b5@6c48a",
    "packable": true,
    "pixelsToUnit": 100,
    "pivot": {
      "x": 0.5,
      "y": 0.5
    },
    "meshType": 0
  }
}