{
  "__type__": "cc.SpriteFrame",
  "content": {
    "name": "monster14_06",
    "atlas": "",
    "rect": {
      "x": 1,
      "y": 44,
      "width": 126,
      "height": 81
    },
    "offset": {
      "x": 0,
      "y": -21.5
    },
    "originalSize": {
      "width": 128,
      "height": 126
    },
    "rotated": false,
    "capInsets": [
      0,
      0,
      0,
      0
    ],
    "vertices": {
      "rawPosition": [
        -63,
        -40.5,
        0,
        63,
        -40.5,
        0,
        -63,
        40.5,
        0,
        63,
        40.5,
        0
      ],
      "indexes": [
        0,
        1,
        2,
        2,
        1,
        3
      ],
      "uv": [
        1,
        82,
        127,
        82,
        1,
        1,
        127,
        1
      ],
      "nuv": [
        0.0078125,
        0.007936507936507936,
        0.9921875,
        0.007936507936507936,
        0.0078125,
        0.6507936507936508,
        0.9921875,
        0.6507936507936508
      ],
      "minPos": {
        "x": -63,
        "y": -40.5,
        "z": 0
      },
      "maxPos": {
        "x": 63,
        "y": 40.5,
        "z": 0
      }
    },
    "texture": "04a29cb9-1197-479c-ab74-077fd2e6530c@6c48a",
    "packable": true,
    "pixelsToUnit": 100,
    "pivot": {
      "x": 0.5,
      "y": 0.5
    },
    "meshType": 0
  }
}