{
  "__type__": "cc.SpriteFrame",
  "content": {
    "name": "mainMenuBtn3",
    "atlas": "",
    "rect": {
      "x": 8,
      "y": 1,
      "width": 134,
      "height": 128
    },
    "offset": {
      "x": -4,
      "y": 0
    },
    "originalSize": {
      "width": 158,
      "height": 130
    },
    "rotated": false,
    "capInsets": [
      0,
      0,
      0,
      0
    ],
    "vertices": {
      "rawPosition": [
        -67,
        -64,
        0,
        67,
        -64,
        0,
        -67,
        64,
        0,
        67,
        64,
        0
      ],
      "indexes": [
        0,
        1,
        2,
        2,
        1,
        3
      ],
      "uv": [
        8,
        129,
        142,
        129,
        8,
        1,
        142,
        1
      ],
      "nuv": [
        0.05063291139240506,
        0.007692307692307693,
        0.8987341772151899,
        0.007692307692307693,
        0.05063291139240506,
        0.9923076923076923,
        0.8987341772151899,
        0.9923076923076923
      ],
      "minPos": {
        "x": -67,
        "y": -64,
        "z": 0
      },
      "maxPos": {
        "x": 67,
        "y": 64,
        "z": 0
      }
    },
    "texture": "04de71a8-0550-408b-9744-c6838c2e53fc@6c48a",
    "packable": true,
    "pixelsToUnit": 100,
    "pivot": {
      "x": 0.5,
      "y": 0.5
    },
    "meshType": 0
  }
}