{
  "__type__": "cc.SpriteFrame",
  "content": {
    "name": "monster33_12",
    "atlas": "",
    "rect": {
      "x": 11,
      "y": 0,
      "width": 105,
      "height": 127
    },
    "offset": {
      "x": 3.5,
      "y": 0.5
    },
    "originalSize": {
      "width": 120,
      "height": 128
    },
    "rotated": false,
    "capInsets": [
      0,
      0,
      0,
      0
    ],
    "vertices": {
      "rawPosition": [
        -52.5,
        -63.5,
        0,
        52.5,
        -63.5,
        0,
        -52.5,
        63.5,
        0,
        52.5,
        63.5,
        0
      ],
      "indexes": [
        0,
        1,
        2,
        2,
        1,
        3
      ],
      "uv": [
        11,
        128,
        116,
        128,
        11,
        1,
        116,
        1
      ],
      "nuv": [
        0.09166666666666666,
        0.0078125,
        0.9666666666666667,
        0.0078125,
        0.09166666666666666,
        1,
        0.9666666666666667,
        1
      ],
      "minPos": {
        "x": -52.5,
        "y": -63.5,
        "z": 0
      },
      "maxPos": {
        "x": 52.5,
        "y": 63.5,
        "z": 0
      }
    },
    "texture": "04f11cb4-88ed-4877-ad0c-974d0e1e33f5@6c48a",
    "packable": true,
    "pixelsToUnit": 100,
    "pivot": {
      "x": 0.5,
      "y": 0.5
    },
    "meshType": 0
  }
}