{
  "__type__": "cc.SpriteFrame",
  "content": {
    "name": "adBtn",
    "atlas": "",
    "rect": {
      "x": 3,
      "y": 0,
      "width": 272,
      "height": 271
    },
    "offset": {
      "x": -0.5,
      "y": 1
    },
    "originalSize": {
      "width": 279,
      "height": 273
    },
    "rotated": false,
    "capInsets": [
      0,
      0,
      0,
      0
    ],
    "vertices": {
      "rawPosition": [
        -136,
        -135.5,
        0,
        136,
        -135.5,
        0,
        -136,
        135.5,
        0,
        136,
        135.5,
        0
      ],
      "indexes": [
        0,
        1,
        2,
        2,
        1,
        3
      ],
      "uv": [
        3,
        273,
        275,
        273,
        3,
        2,
        275,
        2
      ],
      "nuv": [
        0.010752688172043012,
        0.007326007326007326,
        0.985663082437276,
        0.007326007326007326,
        0.010752688172043012,
        1,
        0.985663082437276,
        1
      ],
      "minPos": {
        "x": -136,
        "y": -135.5,
        "z": 0
      },
      "maxPos": {
        "x": 136,
        "y": 135.5,
        "z": 0
      }
    },
    "texture": "ed0fe4ba-ff0b-44da-9e07-a727965f9836@6c48a",
    "packable": true,
    "pixelsToUnit": 100,
    "pivot": {
      "x": 0.5,
      "y": 0.5
    },
    "meshType": 0
  }
}