{
  "__type__": "cc.SpriteFrame",
  "content": {
    "name": "fireBloom_002",
    "atlas": "",
    "rect": {
      "x": 27,
      "y": 25,
      "width": 268,
      "height": 267
    },
    "offset": {
      "x": 8.5,
      "y": -6.5
    },
    "originalSize": {
      "width": 305,
      "height": 304
    },
    "rotated": false,
    "capInsets": [
      0,
      0,
      0,
      0
    ],
    "vertices": {
      "rawPosition": [
        -134,
        -133.5,
        0,
        134,
        -133.5,
        0,
        -134,
        133.5,
        0,
        134,
        133.5,
        0
      ],
      "indexes": [
        0,
        1,
        2,
        2,
        1,
        3
      ],
      "uv": [
        27,
        279,
        295,
        279,
        27,
        12,
        295,
        12
      ],
      "nuv": [
        0.08852459016393442,
        0.039473684210526314,
        0.9672131147540983,
        0.039473684210526314,
        0.08852459016393442,
        0.9177631578947368,
        0.9672131147540983,
        0.9177631578947368
      ],
      "minPos": {
        "x": -134,
        "y": -133.5,
        "z": 0
      },
      "maxPos": {
        "x": 134,
        "y": 133.5,
        "z": 0
      }
    },
    "texture": "ed603d59-b8c2-4301-811e-93a5f0028219@6c48a",
    "packable": true,
    "pixelsToUnit": 100,
    "pivot": {
      "x": 0.5,
      "y": 0.5
    },
    "meshType": 0
  }
}