{
  "__type__": "cc.SpriteFrame",
  "content": {
    "name": "monster14_04",
    "atlas": "",
    "rect": {
      "x": 25,
      "y": 41,
      "width": 91,
      "height": 79
    },
    "offset": {
      "x": 6.5,
      "y": -17.5
    },
    "originalSize": {
      "width": 128,
      "height": 126
    },
    "rotated": false,
    "capInsets": [
      0,
      0,
      0,
      0
    ],
    "vertices": {
      "rawPosition": [
        -45.5,
        -39.5,
        0,
        45.5,
        -39.5,
        0,
        -45.5,
        39.5,
        0,
        45.5,
        39.5,
        0
      ],
      "indexes": [
        0,
        1,
        2,
        2,
        1,
        3
      ],
      "uv": [
        25,
        85,
        116,
        85,
        25,
        6,
        116,
        6
      ],
      "nuv": [
        0.1953125,
        0.047619047619047616,
        0.90625,
        0.047619047619047616,
        0.1953125,
        0.6746031746031746,
        0.90625,
        0.6746031746031746
      ],
      "minPos": {
        "x": -45.5,
        "y": -39.5,
        "z": 0
      },
      "maxPos": {
        "x": 45.5,
        "y": 39.5,
        "z": 0
      }
    },
    "texture": "edee4acf-3c2a-4135-ad07-7ba71e4dbe1d@6c48a",
    "packable": true,
    "pixelsToUnit": 100,
    "pivot": {
      "x": 0.5,
      "y": 0.5
    },
    "meshType": 0
  }
}