{
  "__type__": "cc.SpriteFrame",
  "content": {
    "name": "7_00002",
    "atlas": "",
    "rect": {
      "x": 4,
      "y": 5,
      "width": 141,
      "height": 144
    },
    "offset": {
      "x": -0.5,
      "y": -2
    },
    "originalSize": {
      "width": 150,
      "height": 150
    },
    "rotated": false,
    "capInsets": [
      0,
      0,
      0,
      0
    ],
    "vertices": {
      "rawPosition": [
        -70.5,
        -72,
        0,
        70.5,
        -72,
        0,
        -70.5,
        72,
        0,
        70.5,
        72,
        0
      ],
      "indexes": [
        0,
        1,
        2,
        2,
        1,
        3
      ],
      "uv": [
        4,
        145,
        145,
        145,
        4,
        1,
        145,
        1
      ],
      "nuv": [
        0.02666666666666667,
        0.006666666666666667,
        0.9666666666666667,
        0.006666666666666667,
        0.02666666666666667,
        0.9666666666666667,
        0.9666666666666667,
        0.9666666666666667
      ],
      "minPos": {
        "x": -70.5,
        "y": -72,
        "z": 0
      },
      "maxPos": {
        "x": 70.5,
        "y": 72,
        "z": 0
      }
    },
    "texture": "ca627523-490e-4b2f-b97f-8abc3252c6ff@6c48a",
    "packable": true,
    "pixelsToUnit": 100,
    "pivot": {
      "x": 0.5,
      "y": 0.5
    },
    "meshType": 0
  }
}