{
  "__type__": "cc.SpriteFrame",
  "content": {
    "name": "monster25_08",
    "atlas": "",
    "rect": {
      "x": 0,
      "y": 0,
      "width": 108,
      "height": 100
    },
    "offset": {
      "x": -2,
      "y": 0.5
    },
    "originalSize": {
      "width": 112,
      "height": 101
    },
    "rotated": false,
    "capInsets": [
      0,
      0,
      0,
      0
    ],
    "vertices": {
      "rawPosition": [
        -54,
        -50,
        0,
        54,
        -50,
        0,
        -54,
        50,
        0,
        54,
        50,
        0
      ],
      "indexes": [
        0,
        1,
        2,
        2,
        1,
        3
      ],
      "uv": [
        0,
        101,
        108,
        101,
        0,
        1,
        108,
        1
      ],
      "nuv": [
        0,
        0.009900990099009901,
        0.9642857142857143,
        0.009900990099009901,
        0,
        1,
        0.9642857142857143,
        1
      ],
      "minPos": {
        "x": -54,
        "y": -50,
        "z": 0
      },
      "maxPos": {
        "x": 54,
        "y": 50,
        "z": 0
      }
    },
    "texture": "ac1974f3-1864-4173-80a8-c1e55d32b79c@6c48a",
    "packable": true,
    "pixelsToUnit": 100,
    "pivot": {
      "x": 0.5,
      "y": 0.5
    },
    "meshType": 0
  }
}