{
  "__type__": "cc.SpriteFrame",
  "content": {
    "name": "monster15_08",
    "atlas": "",
    "rect": {
      "x": 0,
      "y": 5,
      "width": 72,
      "height": 118
    },
    "offset": {
      "x": -0.5,
      "y": -1.5
    },
    "originalSize": {
      "width": 73,
      "height": 125
    },
    "rotated": false,
    "capInsets": [
      0,
      0,
      0,
      0
    ],
    "vertices": {
      "rawPosition": [
        -36,
        -59,
        0,
        36,
        -59,
        0,
        -36,
        59,
        0,
        36,
        59,
        0
      ],
      "indexes": [
        0,
        1,
        2,
        2,
        1,
        3
      ],
      "uv": [
        0,
        120,
        72,
        120,
        0,
        2,
        72,
        2
      ],
      "nuv": [
        0,
        0.016,
        0.9863013698630136,
        0.016,
        0,
        0.96,
        0.9863013698630136,
        0.96
      ],
      "minPos": {
        "x": -36,
        "y": -59,
        "z": 0
      },
      "maxPos": {
        "x": 36,
        "y": 59,
        "z": 0
      }
    },
    "texture": "ac5a2000-947a-4233-b379-1aac3b8b2f55@6c48a",
    "packable": true,
    "pixelsToUnit": 100,
    "pivot": {
      "x": 0.5,
      "y": 0.5
    },
    "meshType": 0
  }
}