{
  "__type__": "cc.SpriteFrame",
  "content": {
    "name": "monster28_07",
    "atlas": "",
    "rect": {
      "x": 23,
      "y": 7,
      "width": 104,
      "height": 83
    },
    "offset": {
      "x": 11,
      "y": 2
    },
    "originalSize": {
      "width": 128,
      "height": 101
    },
    "rotated": false,
    "capInsets": [
      0,
      0,
      0,
      0
    ],
    "vertices": {
      "rawPosition": [
        -52,
        -41.5,
        0,
        52,
        -41.5,
        0,
        -52,
        41.5,
        0,
        52,
        41.5,
        0
      ],
      "indexes": [
        0,
        1,
        2,
        2,
        1,
        3
      ],
      "uv": [
        23,
        94,
        127,
        94,
        23,
        11,
        127,
        11
      ],
      "nuv": [
        0.1796875,
        0.10891089108910891,
        0.9921875,
        0.10891089108910891,
        0.1796875,
        0.9306930693069307,
        0.9921875,
        0.9306930693069307
      ],
      "minPos": {
        "x": -52,
        "y": -41.5,
        "z": 0
      },
      "maxPos": {
        "x": 52,
        "y": 41.5,
        "z": 0
      }
    },
    "texture": "ac8920fb-6b54-43cd-a362-eca7dca0c7e0@6c48a",
    "packable": true,
    "pixelsToUnit": 100,
    "pivot": {
      "x": 0.5,
      "y": 0.5
    },
    "meshType": 0
  }
}