{
  "__type__": "cc.SpriteFrame",
  "content": {
    "name": "mifa",
    "atlas": "",
    "rect": {
      "x": 1,
      "y": 1,
      "width": 134,
      "height": 64
    },
    "offset": {
      "x": 0,
      "y": 0.5
    },
    "originalSize": {
      "width": 136,
      "height": 67
    },
    "rotated": false,
    "capInsets": [
      0,
      0,
      0,
      0
    ],
    "vertices": {
      "rawPosition": [
        -67,
        -32,
        0,
        67,
        -32,
        0,
        -67,
        32,
        0,
        67,
        32,
        0
      ],
      "indexes": [
        0,
        1,
        2,
        2,
        1,
        3
      ],
      "uv": [
        1,
        66,
        135,
        66,
        1,
        2,
        135,
        2
      ],
      "nuv": [
        0.007352941176470588,
        0.029850746268656716,
        0.9926470588235294,
        0.029850746268656716,
        0.007352941176470588,
        0.9850746268656716,
        0.9926470588235294,
        0.9850746268656716
      ],
      "minPos": {
        "x": -67,
        "y": -32,
        "z": 0
      },
      "maxPos": {
        "x": 67,
        "y": 32,
        "z": 0
      }
    },
    "texture": "aca7abb3-9d54-4c57-a412-ae863a4eaa2e@6c48a",
    "packable": true,
    "pixelsToUnit": 100,
    "pivot": {
      "x": 0.5,
      "y": 0.5
    },
    "meshType": 0
  }
}