{
  "__type__": "cc.SpriteFrame",
  "content": {
    "name": "11_00004",
    "atlas": "",
    "rect": {
      "x": 23,
      "y": 9,
      "width": 104,
      "height": 185
    },
    "offset": {
      "x": 5,
      "y": -1.5
    },
    "originalSize": {
      "width": 140,
      "height": 200
    },
    "rotated": false,
    "capInsets": [
      0,
      0,
      0,
      0
    ],
    "vertices": {
      "rawPosition": [
        -52,
        -92.5,
        0,
        52,
        -92.5,
        0,
        -52,
        92.5,
        0,
        52,
        92.5,
        0
      ],
      "indexes": [
        0,
        1,
        2,
        2,
        1,
        3
      ],
      "uv": [
        23,
        191,
        127,
        191,
        23,
        6,
        127,
        6
      ],
      "nuv": [
        0.16428571428571428,
        0.03,
        0.9071428571428571,
        0.03,
        0.16428571428571428,
        0.955,
        0.9071428571428571,
        0.955
      ],
      "minPos": {
        "x": -52,
        "y": -92.5,
        "z": 0
      },
      "maxPos": {
        "x": 52,
        "y": 92.5,
        "z": 0
      }
    },
    "texture": "b0728edb-9cdb-43f2-ae10-25e78a136d4b@6c48a",
    "packable": true,
    "pixelsToUnit": 100,
    "pivot": {
      "x": 0.5,
      "y": 0.5
    },
    "meshType": 0
  }
}