{
  "__type__": "cc.SpriteFrame",
  "content": {
    "name": "monster14_05",
    "atlas": "",
    "rect": {
      "x": 9,
      "y": 44,
      "width": 116,
      "height": 78
    },
    "offset": {
      "x": 3,
      "y": -20
    },
    "originalSize": {
      "width": 128,
      "height": 126
    },
    "rotated": false,
    "capInsets": [
      0,
      0,
      0,
      0
    ],
    "vertices": {
      "rawPosition": [
        -58,
        -39,
        0,
        58,
        -39,
        0,
        -58,
        39,
        0,
        58,
        39,
        0
      ],
      "indexes": [
        0,
        1,
        2,
        2,
        1,
        3
      ],
      "uv": [
        9,
        82,
        125,
        82,
        9,
        4,
        125,
        4
      ],
      "nuv": [
        0.0703125,
        0.031746031746031744,
        0.9765625,
        0.031746031746031744,
        0.0703125,
        0.6507936507936508,
        0.9765625,
        0.6507936507936508
      ],
      "minPos": {
        "x": -58,
        "y": -39,
        "z": 0
      },
      "maxPos": {
        "x": 58,
        "y": 39,
        "z": 0
      }
    },
    "texture": "b0776556-930e-4636-b8e8-ee16aac4422a@6c48a",
    "packable": true,
    "pixelsToUnit": 100,
    "pivot": {
      "x": 0.5,
      "y": 0.5
    },
    "meshType": 0
  }
}