{
  "__type__": "cc.SpriteFrame",
  "content": {
    "name": "17_00007",
    "atlas": "",
    "rect": {
      "x": 15,
      "y": 8,
      "width": 101,
      "height": 136
    },
    "offset": {
      "x": 0.5,
      "y": -1
    },
    "originalSize": {
      "width": 130,
      "height": 150
    },
    "rotated": false,
    "capInsets": [
      0,
      0,
      0,
      0
    ],
    "vertices": {
      "rawPosition": [
        -50.5,
        -68,
        0,
        50.5,
        -68,
        0,
        -50.5,
        68,
        0,
        50.5,
        68,
        0
      ],
      "indexes": [
        0,
        1,
        2,
        2,
        1,
        3
      ],
      "uv": [
        15,
        142,
        116,
        142,
        15,
        6,
        116,
        6
      ],
      "nuv": [
        0.11538461538461539,
        0.04,
        0.8923076923076924,
        0.04,
        0.11538461538461539,
        0.9466666666666667,
        0.8923076923076924,
        0.9466666666666667
      ],
      "minPos": {
        "x": -50.5,
        "y": -68,
        "z": 0
      },
      "maxPos": {
        "x": 50.5,
        "y": 68,
        "z": 0
      }
    },
    "texture": "b0b0227a-7fac-463f-b375-eca8ec9b7ef6@6c48a",
    "packable": true,
    "pixelsToUnit": 100,
    "pivot": {
      "x": 0.5,
      "y": 0.5
    },
    "meshType": 0
  }
}