{
  "__type__": "cc.SpriteFrame",
  "content": {
    "name": "monster33_01",
    "atlas": "",
    "rect": {
      "x": 10,
      "y": 0,
      "width": 110,
      "height": 125
    },
    "offset": {
      "x": 5,
      "y": 1.5
    },
    "originalSize": {
      "width": 120,
      "height": 128
    },
    "rotated": false,
    "capInsets": [
      0,
      0,
      0,
      0
    ],
    "vertices": {
      "rawPosition": [
        -55,
        -62.5,
        0,
        55,
        -62.5,
        0,
        -55,
        62.5,
        0,
        55,
        62.5,
        0
      ],
      "indexes": [
        0,
        1,
        2,
        2,
        1,
        3
      ],
      "uv": [
        10,
        128,
        120,
        128,
        10,
        3,
        120,
        3
      ],
      "nuv": [
        0.08333333333333333,
        0.0234375,
        1,
        0.0234375,
        0.08333333333333333,
        1,
        1,
        1
      ],
      "minPos": {
        "x": -55,
        "y": -62.5,
        "z": 0
      },
      "maxPos": {
        "x": 55,
        "y": 62.5,
        "z": 0
      }
    },
    "texture": "b0e0c2b2-84e3-47a3-9caa-b6147af64958@6c48a",
    "packable": true,
    "pixelsToUnit": 100,
    "pivot": {
      "x": 0.5,
      "y": 0.5
    },
    "meshType": 0
  }
}