{
  "__type__": "cc.SpriteFrame",
  "content": {
    "name": "shentong",
    "atlas": "",
    "rect": {
      "x": 1,
      "y": 1,
      "width": 137,
      "height": 71
    },
    "offset": {
      "x": 0,
      "y": 0
    },
    "originalSize": {
      "width": 139,
      "height": 73
    },
    "rotated": false,
    "capInsets": [
      0,
      0,
      0,
      0
    ],
    "vertices": {
      "rawPosition": [
        -68.5,
        -35.5,
        0,
        68.5,
        -35.5,
        0,
        -68.5,
        35.5,
        0,
        68.5,
        35.5,
        0
      ],
      "indexes": [
        0,
        1,
        2,
        2,
        1,
        3
      ],
      "uv": [
        1,
        72,
        138,
        72,
        1,
        1,
        138,
        1
      ],
      "nuv": [
        0.007194244604316547,
        0.0136986301369863,
        0.9928057553956835,
        0.0136986301369863,
        0.007194244604316547,
        0.9863013698630136,
        0.9928057553956835,
        0.9863013698630136
      ],
      "minPos": {
        "x": -68.5,
        "y": -35.5,
        "z": 0
      },
      "maxPos": {
        "x": 68.5,
        "y": 35.5,
        "z": 0
      }
    },
    "texture": "f546d991-b150-4707-9943-8c2c17ba9bb2@6c48a",
    "packable": true,
    "pixelsToUnit": 100,
    "pivot": {
      "x": 0.5,
      "y": 0.5
    },
    "meshType": 0
  }
}