{
  "__type__": "cc.SpriteFrame",
  "content": {
    "name": "monster31_02",
    "atlas": "",
    "rect": {
      "x": 4,
      "y": 3,
      "width": 103,
      "height": 115
    },
    "offset": {
      "x": 1,
      "y": -0.5
    },
    "originalSize": {
      "width": 109,
      "height": 120
    },
    "rotated": false,
    "capInsets": [
      0,
      0,
      0,
      0
    ],
    "vertices": {
      "rawPosition": [
        -51.5,
        -57.5,
        0,
        51.5,
        -57.5,
        0,
        -51.5,
        57.5,
        0,
        51.5,
        57.5,
        0
      ],
      "indexes": [
        0,
        1,
        2,
        2,
        1,
        3
      ],
      "uv": [
        4,
        117,
        107,
        117,
        4,
        2,
        107,
        2
      ],
      "nuv": [
        0.03669724770642202,
        0.016666666666666666,
        0.981651376146789,
        0.016666666666666666,
        0.03669724770642202,
        0.975,
        0.981651376146789,
        0.975
      ],
      "minPos": {
        "x": -51.5,
        "y": -57.5,
        "z": 0
      },
      "maxPos": {
        "x": 51.5,
        "y": 57.5,
        "z": 0
      }
    },
    "texture": "f5978038-0198-4097-86e2-feb9f50f04a2@6c48a",
    "packable": true,
    "pixelsToUnit": 100,
    "pivot": {
      "x": 0.5,
      "y": 0.5
    },
    "meshType": 0
  }
}