{
  "__type__": "cc.SpriteFrame",
  "content": {
    "name": "ddd_00005",
    "atlas": "",
    "rect": {
      "x": 12,
      "y": 6,
      "width": 53,
      "height": 94
    },
    "offset": {
      "x": 3.5,
      "y": -3
    },
    "originalSize": {
      "width": 70,
      "height": 100
    },
    "rotated": false,
    "capInsets": [
      0,
      0,
      0,
      0
    ],
    "vertices": {
      "rawPosition": [
        -26.5,
        -47,
        0,
        26.5,
        -47,
        0,
        -26.5,
        47,
        0,
        26.5,
        47,
        0
      ],
      "indexes": [
        0,
        1,
        2,
        2,
        1,
        3
      ],
      "uv": [
        12,
        94,
        65,
        94,
        12,
        0,
        65,
        0
      ],
      "nuv": [
        0.17142857142857143,
        0,
        0.9285714285714286,
        0,
        0.17142857142857143,
        0.94,
        0.9285714285714286,
        0.94
      ],
      "minPos": {
        "x": -26.5,
        "y": -47,
        "z": 0
      },
      "maxPos": {
        "x": 26.5,
        "y": 47,
        "z": 0
      }
    },
    "texture": "f59a7a59-a45b-49a8-927d-61312f10a463@6c48a",
    "packable": true,
    "pixelsToUnit": 100,
    "pivot": {
      "x": 0.5,
      "y": 0.5
    },
    "meshType": 0
  }
}