{
  "__type__": "cc.SpriteFrame",
  "content": {
    "name": "24_00009",
    "atlas": "",
    "rect": {
      "x": 53,
      "y": 2,
      "width": 112,
      "height": 147
    },
    "offset": {
      "x": 14,
      "y": -0.5
    },
    "originalSize": {
      "width": 190,
      "height": 150
    },
    "rotated": false,
    "capInsets": [
      0,
      0,
      0,
      0
    ],
    "vertices": {
      "rawPosition": [
        -56,
        -73.5,
        0,
        56,
        -73.5,
        0,
        -56,
        73.5,
        0,
        56,
        73.5,
        0
      ],
      "indexes": [
        0,
        1,
        2,
        2,
        1,
        3
      ],
      "uv": [
        53,
        148,
        165,
        148,
        53,
        1,
        165,
        1
      ],
      "nuv": [
        0.2789473684210526,
        0.006666666666666667,
        0.868421052631579,
        0.006666666666666667,
        0.2789473684210526,
        0.9866666666666667,
        0.868421052631579,
        0.9866666666666667
      ],
      "minPos": {
        "x": -56,
        "y": -73.5,
        "z": 0
      },
      "maxPos": {
        "x": 56,
        "y": 73.5,
        "z": 0
      }
    },
    "texture": "f5b2a833-4ade-4818-afab-954eaefbdf4c@6c48a",
    "packable": true,
    "pixelsToUnit": 100,
    "pivot": {
      "x": 0.5,
      "y": 0.5
    },
    "meshType": 0
  }
}