{
  "__type__": "cc.SpriteFrame",
  "content": {
    "name": "8_00007",
    "atlas": "",
    "rect": {
      "x": 21,
      "y": 7,
      "width": 171,
      "height": 141
    },
    "offset": {
      "x": 6.5,
      "y": -2.5
    },
    "originalSize": {
      "width": 200,
      "height": 150
    },
    "rotated": false,
    "capInsets": [
      0,
      0,
      0,
      0
    ],
    "vertices": {
      "rawPosition": [
        -85.5,
        -70.5,
        0,
        85.5,
        -70.5,
        0,
        -85.5,
        70.5,
        0,
        85.5,
        70.5,
        0
      ],
      "indexes": [
        0,
        1,
        2,
        2,
        1,
        3
      ],
      "uv": [
        21,
        143,
        192,
        143,
        21,
        2,
        192,
        2
      ],
      "nuv": [
        0.105,
        0.013333333333333334,
        0.96,
        0.013333333333333334,
        0.105,
        0.9533333333333334,
        0.96,
        0.9533333333333334
      ],
      "minPos": {
        "x": -85.5,
        "y": -70.5,
        "z": 0
      },
      "maxPos": {
        "x": 85.5,
        "y": 70.5,
        "z": 0
      }
    },
    "texture": "19142136-adac-4a1b-90c8-dfded5f76860@6c48a",
    "packable": true,
    "pixelsToUnit": 100,
    "pivot": {
      "x": 0.5,
      "y": 0.5
    },
    "meshType": 0
  }
}