{
  "__type__": "cc.SpriteFrame",
  "content": {
    "name": "monster19_17",
    "atlas": "",
    "rect": {
      "x": 2,
      "y": 2,
      "width": 213,
      "height": 129
    },
    "offset": {
      "x": 0.5,
      "y": 1
    },
    "originalSize": {
      "width": 216,
      "height": 135
    },
    "rotated": false,
    "capInsets": [
      0,
      0,
      0,
      0
    ],
    "vertices": {
      "rawPosition": [
        -106.5,
        -64.5,
        0,
        106.5,
        -64.5,
        0,
        -106.5,
        64.5,
        0,
        106.5,
        64.5,
        0
      ],
      "indexes": [
        0,
        1,
        2,
        2,
        1,
        3
      ],
      "uv": [
        2,
        133,
        215,
        133,
        2,
        4,
        215,
        4
      ],
      "nuv": [
        0.009259259259259259,
        0.02962962962962963,
        0.9953703703703703,
        0.02962962962962963,
        0.009259259259259259,
        0.9851851851851852,
        0.9953703703703703,
        0.9851851851851852
      ],
      "minPos": {
        "x": -106.5,
        "y": -64.5,
        "z": 0
      },
      "maxPos": {
        "x": 106.5,
        "y": 64.5,
        "z": 0
      }
    },
    "texture": "193013c1-5ca1-496b-8311-578819d2505c@6c48a",
    "packable": true,
    "pixelsToUnit": 100,
    "pivot": {
      "x": 0.5,
      "y": 0.5
    },
    "meshType": 0
  }
}