{
  "__type__": "cc.SpriteFrame",
  "content": {
    "name": "5_00004",
    "atlas": "",
    "rect": {
      "x": 3,
      "y": 14,
      "width": 147,
      "height": 130
    },
    "offset": {
      "x": 1.5,
      "y": -4
    },
    "originalSize": {
      "width": 150,
      "height": 150
    },
    "rotated": false,
    "capInsets": [
      0,
      0,
      0,
      0
    ],
    "vertices": {
      "rawPosition": [
        -73.5,
        -65,
        0,
        73.5,
        -65,
        0,
        -73.5,
        65,
        0,
        73.5,
        65,
        0
      ],
      "indexes": [
        0,
        1,
        2,
        2,
        1,
        3
      ],
      "uv": [
        3,
        136,
        150,
        136,
        3,
        6,
        150,
        6
      ],
      "nuv": [
        0.02,
        0.04,
        1,
        0.04,
        0.02,
        0.9066666666666666,
        1,
        0.9066666666666666
      ],
      "minPos": {
        "x": -73.5,
        "y": -65,
        "z": 0
      },
      "maxPos": {
        "x": 73.5,
        "y": 65,
        "z": 0
      }
    },
    "texture": "194cda7d-fdb4-4d03-8e06-b57f88bcce38@6c48a",
    "packable": true,
    "pixelsToUnit": 100,
    "pivot": {
      "x": 0.5,
      "y": 0.5
    },
    "meshType": 0
  }
}