{
  "__type__": "cc.SpriteFrame",
  "content": {
    "name": "darkMask_09",
    "atlas": "",
    "rect": {
      "x": 2,
      "y": 4,
      "width": 361,
      "height": 277
    },
    "offset": {
      "x": 1,
      "y": 1.5
    },
    "originalSize": {
      "width": 363,
      "height": 288
    },
    "rotated": false,
    "capInsets": [
      0,
      0,
      0,
      0
    ],
    "vertices": {
      "rawPosition": [
        -180.5,
        -138.5,
        0,
        180.5,
        -138.5,
        0,
        -180.5,
        138.5,
        0,
        180.5,
        138.5,
        0
      ],
      "indexes": [
        0,
        1,
        2,
        2,
        1,
        3
      ],
      "uv": [
        2,
        284,
        363,
        284,
        2,
        7,
        363,
        7
      ],
      "nuv": [
        0.005509641873278237,
        0.024305555555555556,
        1,
        0.024305555555555556,
        0.005509641873278237,
        0.9861111111111112,
        1,
        0.9861111111111112
      ],
      "minPos": {
        "x": -180.5,
        "y": -138.5,
        "z": 0
      },
      "maxPos": {
        "x": 180.5,
        "y": 138.5,
        "z": 0
      }
    },
    "texture": "19b9146e-e929-4b65-bd9d-1768201cbfa6@6c48a",
    "packable": true,
    "pixelsToUnit": 100,
    "pivot": {
      "x": 0.5,
      "y": 0.5
    },
    "meshType": 0
  }
}