{
  "__type__": "cc.SpriteFrame",
  "content": {
    "name": "obstacle4_1",
    "atlas": "",
    "rect": {
      "x": 1,
      "y": 0,
      "width": 248,
      "height": 221
    },
    "offset": {
      "x": 0.5,
      "y": 0
    },
    "originalSize": {
      "width": 249,
      "height": 221
    },
    "rotated": false,
    "capInsets": [
      0,
      0,
      0,
      0
    ],
    "vertices": {
      "rawPosition": [
        -124,
        -110.5,
        0,
        124,
        -110.5,
        0,
        -124,
        110.5,
        0,
        124,
        110.5,
        0
      ],
      "indexes": [
        0,
        1,
        2,
        2,
        1,
        3
      ],
      "uv": [
        1,
        221,
        249,
        221,
        1,
        0,
        249,
        0
      ],
      "nuv": [
        0.004016064257028112,
        0,
        1,
        0,
        0.004016064257028112,
        1,
        1,
        1
      ],
      "minPos": {
        "x": -124,
        "y": -110.5,
        "z": 0
      },
      "maxPos": {
        "x": 124,
        "y": 110.5,
        "z": 0
      }
    },
    "texture": "4b2edab1-a016-49b3-923f-97ea0de65549@6c48a",
    "packable": true,
    "pixelsToUnit": 100,
    "pivot": {
      "x": 0.5,
      "y": 0.5
    },
    "meshType": 0
  }
}