{
  "__type__": "cc.SpriteFrame",
  "content": {
    "name": "10_00007",
    "atlas": "",
    "rect": {
      "x": 17,
      "y": 6,
      "width": 152,
      "height": 113
    },
    "offset": {
      "x": 3,
      "y": 2.5
    },
    "originalSize": {
      "width": 180,
      "height": 130
    },
    "rotated": false,
    "capInsets": [
      0,
      0,
      0,
      0
    ],
    "vertices": {
      "rawPosition": [
        -76,
        -56.5,
        0,
        76,
        -56.5,
        0,
        -76,
        56.5,
        0,
        76,
        56.5,
        0
      ],
      "indexes": [
        0,
        1,
        2,
        2,
        1,
        3
      ],
      "uv": [
        17,
        124,
        169,
        124,
        17,
        11,
        169,
        11
      ],
      "nuv": [
        0.09444444444444444,
        0.08461538461538462,
        0.9388888888888889,
        0.08461538461538462,
        0.09444444444444444,
        0.9538461538461539,
        0.9388888888888889,
        0.9538461538461539
      ],
      "minPos": {
        "x": -76,
        "y": -56.5,
        "z": 0
      },
      "maxPos": {
        "x": 76,
        "y": 56.5,
        "z": 0
      }
    },
    "texture": "4bf0d8dd-87a3-47c3-ba16-6f3f8cb21179@6c48a",
    "packable": true,
    "pixelsToUnit": 100,
    "pivot": {
      "x": 0.5,
      "y": 0.5
    },
    "meshType": 0
  }
}