{
  "__type__": "cc.SpriteFrame",
  "content": {
    "name": "mainMenuBtn5_down",
    "atlas": "",
    "rect": {
      "x": 1,
      "y": 1,
      "width": 153,
      "height": 151
    },
    "offset": {
      "x": 0,
      "y": 0
    },
    "originalSize": {
      "width": 155,
      "height": 153
    },
    "rotated": false,
    "capInsets": [
      0,
      0,
      0,
      0
    ],
    "vertices": {
      "rawPosition": [
        -76.5,
        -75.5,
        0,
        76.5,
        -75.5,
        0,
        -76.5,
        75.5,
        0,
        76.5,
        75.5,
        0
      ],
      "indexes": [
        0,
        1,
        2,
        2,
        1,
        3
      ],
      "uv": [
        1,
        152,
        154,
        152,
        1,
        1,
        154,
        1
      ],
      "nuv": [
        0.0064516129032258064,
        0.006535947712418301,
        0.9935483870967742,
        0.006535947712418301,
        0.0064516129032258064,
        0.9934640522875817,
        0.9935483870967742,
        0.9934640522875817
      ],
      "minPos": {
        "x": -76.5,
        "y": -75.5,
        "z": 0
      },
      "maxPos": {
        "x": 76.5,
        "y": 75.5,
        "z": 0
      }
    },
    "texture": "a5860169-478b-490d-aef2-b48561d5e6de@6c48a",
    "packable": true,
    "pixelsToUnit": 100,
    "pivot": {
      "x": 0.5,
      "y": 0.5
    },
    "meshType": 0
  }
}