{
  "__type__": "cc.SpriteFrame",
  "content": {
    "name": "dangerWindToNear_00005",
    "atlas": "",
    "rect": {
      "x": 11,
      "y": 0,
      "width": 112,
      "height": 168
    },
    "offset": {
      "x": 5.5,
      "y": 0
    },
    "originalSize": {
      "width": 123,
      "height": 168
    },
    "rotated": false,
    "capInsets": [
      0,
      0,
      0,
      0
    ],
    "vertices": {
      "rawPosition": [
        -56,
        -84,
        0,
        56,
        -84,
        0,
        -56,
        84,
        0,
        56,
        84,
        0
      ],
      "indexes": [
        0,
        1,
        2,
        2,
        1,
        3
      ],
      "uv": [
        11,
        168,
        123,
        168,
        11,
        0,
        123,
        0
      ],
      "nuv": [
        0.08943089430894309,
        0,
        1,
        0,
        0.08943089430894309,
        1,
        1,
        1
      ],
      "minPos": {
        "x": -56,
        "y": -84,
        "z": 0
      },
      "maxPos": {
        "x": 56,
        "y": 84,
        "z": 0
      }
    },
    "texture": "5931ef25-a863-470b-aeab-95f422fc00ba@6c48a",
    "packable": true,
    "pixelsToUnit": 100,
    "pivot": {
      "x": 0.5,
      "y": 0.5
    },
    "meshType": 0
  }
}