{
  "__type__": "cc.SpriteFrame",
  "content": {
    "name": "monster25_05",
    "atlas": "",
    "rect": {
      "x": 3,
      "y": 1,
      "width": 109,
      "height": 99
    },
    "offset": {
      "x": 1.5,
      "y": 0
    },
    "originalSize": {
      "width": 112,
      "height": 101
    },
    "rotated": false,
    "capInsets": [
      0,
      0,
      0,
      0
    ],
    "vertices": {
      "rawPosition": [
        -54.5,
        -49.5,
        0,
        54.5,
        -49.5,
        0,
        -54.5,
        49.5,
        0,
        54.5,
        49.5,
        0
      ],
      "indexes": [
        0,
        1,
        2,
        2,
        1,
        3
      ],
      "uv": [
        3,
        100,
        112,
        100,
        3,
        1,
        112,
        1
      ],
      "nuv": [
        0.026785714285714284,
        0.009900990099009901,
        1,
        0.009900990099009901,
        0.026785714285714284,
        0.9900990099009901,
        1,
        0.9900990099009901
      ],
      "minPos": {
        "x": -54.5,
        "y": -49.5,
        "z": 0
      },
      "maxPos": {
        "x": 54.5,
        "y": 49.5,
        "z": 0
      }
    },
    "texture": "594a4045-773b-45c1-b645-43788ebc2bae@6c48a",
    "packable": true,
    "pixelsToUnit": 100,
    "pivot": {
      "x": 0.5,
      "y": 0.5
    },
    "meshType": 0
  }
}