{
  "__type__": "cc.SpriteFrame",
  "content": {
    "name": "monster14_14",
    "atlas": "",
    "rect": {
      "x": 11,
      "y": 21,
      "width": 107,
      "height": 93
    },
    "offset": {
      "x": 0.5,
      "y": -4.5
    },
    "originalSize": {
      "width": 128,
      "height": 126
    },
    "rotated": false,
    "capInsets": [
      0,
      0,
      0,
      0
    ],
    "vertices": {
      "rawPosition": [
        -53.5,
        -46.5,
        0,
        53.5,
        -46.5,
        0,
        -53.5,
        46.5,
        0,
        53.5,
        46.5,
        0
      ],
      "indexes": [
        0,
        1,
        2,
        2,
        1,
        3
      ],
      "uv": [
        11,
        105,
        118,
        105,
        11,
        12,
        118,
        12
      ],
      "nuv": [
        0.0859375,
        0.09523809523809523,
        0.921875,
        0.09523809523809523,
        0.0859375,
        0.8333333333333334,
        0.921875,
        0.8333333333333334
      ],
      "minPos": {
        "x": -53.5,
        "y": -46.5,
        "z": 0
      },
      "maxPos": {
        "x": 53.5,
        "y": 46.5,
        "z": 0
      }
    },
    "texture": "59d8572e-8776-41da-a666-4a28586d332c@6c48a",
    "packable": true,
    "pixelsToUnit": 100,
    "pivot": {
      "x": 0.5,
      "y": 0.5
    },
    "meshType": 0
  }
}