{
  "__type__": "cc.SpriteFrame",
  "content": {
    "name": "ccc_00006",
    "atlas": "",
    "rect": {
      "x": 8,
      "y": 5,
      "width": 57,
      "height": 110
    },
    "offset": {
      "x": 1.5,
      "y": 0
    },
    "originalSize": {
      "width": 70,
      "height": 120
    },
    "rotated": false,
    "capInsets": [
      0,
      0,
      0,
      0
    ],
    "vertices": {
      "rawPosition": [
        -28.5,
        -55,
        0,
        28.5,
        -55,
        0,
        -28.5,
        55,
        0,
        28.5,
        55,
        0
      ],
      "indexes": [
        0,
        1,
        2,
        2,
        1,
        3
      ],
      "uv": [
        8,
        115,
        65,
        115,
        8,
        5,
        65,
        5
      ],
      "nuv": [
        0.11428571428571428,
        0.041666666666666664,
        0.9285714285714286,
        0.041666666666666664,
        0.11428571428571428,
        0.9583333333333334,
        0.9285714285714286,
        0.9583333333333334
      ],
      "minPos": {
        "x": -28.5,
        "y": -55,
        "z": 0
      },
      "maxPos": {
        "x": 28.5,
        "y": 55,
        "z": 0
      }
    },
    "texture": "d2cb329a-2022-49db-baf5-7c11251bc05f@6c48a",
    "packable": true,
    "pixelsToUnit": 100,
    "pivot": {
      "x": 0.5,
      "y": 0.5
    },
    "meshType": 0
  }
}