{
  "__type__": "cc.SpriteFrame",
  "content": {
    "name": "thunderFissionBead_00003",
    "atlas": "",
    "rect": {
      "x": 0,
      "y": 22,
      "width": 221,
      "height": 171
    },
    "offset": {
      "x": 0,
      "y": 11
    },
    "originalSize": {
      "width": 221,
      "height": 237
    },
    "rotated": false,
    "capInsets": [
      0,
      0,
      0,
      0
    ],
    "vertices": {
      "rawPosition": [
        -110.5,
        -85.5,
        0,
        110.5,
        -85.5,
        0,
        -110.5,
        85.5,
        0,
        110.5,
        85.5,
        0
      ],
      "indexes": [
        0,
        1,
        2,
        2,
        1,
        3
      ],
      "uv": [
        0,
        215,
        221,
        215,
        0,
        44,
        221,
        44
      ],
      "nuv": [
        0,
        0.18565400843881857,
        1,
        0.18565400843881857,
        0,
        0.9071729957805907,
        1,
        0.9071729957805907
      ],
      "minPos": {
        "x": -110.5,
        "y": -85.5,
        "z": 0
      },
      "maxPos": {
        "x": 110.5,
        "y": 85.5,
        "z": 0
      }
    },
    "texture": "c8c17dba-6c9f-4428-b165-2df6493c81c6@6c48a",
    "packable": true,
    "pixelsToUnit": 100,
    "pivot": {
      "x": 0.5,
      "y": 0.5
    },
    "meshType": 0
  }
}