{
  "__type__": "cc.SpriteFrame",
  "content": {
    "name": "monster30_02",
    "atlas": "",
    "rect": {
      "x": 29,
      "y": 30,
      "width": 161,
      "height": 174
    },
    "offset": {
      "x": -16.5,
      "y": -7
    },
    "originalSize": {
      "width": 252,
      "height": 220
    },
    "rotated": false,
    "capInsets": [
      0,
      0,
      0,
      0
    ],
    "vertices": {
      "rawPosition": [
        -80.5,
        -87,
        0,
        80.5,
        -87,
        0,
        -80.5,
        87,
        0,
        80.5,
        87,
        0
      ],
      "indexes": [
        0,
        1,
        2,
        2,
        1,
        3
      ],
      "uv": [
        29,
        190,
        190,
        190,
        29,
        16,
        190,
        16
      ],
      "nuv": [
        0.11507936507936507,
        0.07272727272727272,
        0.753968253968254,
        0.07272727272727272,
        0.11507936507936507,
        0.8636363636363636,
        0.753968253968254,
        0.8636363636363636
      ],
      "minPos": {
        "x": -80.5,
        "y": -87,
        "z": 0
      },
      "maxPos": {
        "x": 80.5,
        "y": 87,
        "z": 0
      }
    },
    "texture": "e8736004-530a-4af8-b61c-0462ade5f2f1@6c48a",
    "packable": true,
    "pixelsToUnit": 100,
    "pivot": {
      "x": 0.5,
      "y": 0.5
    },
    "meshType": 0
  }
}