{
  "__type__": "cc.SpriteFrame",
  "content": {
    "name": "monster15_15",
    "atlas": "",
    "rect": {
      "x": 0,
      "y": 4,
      "width": 71,
      "height": 119
    },
    "offset": {
      "x": -1,
      "y": -1
    },
    "originalSize": {
      "width": 73,
      "height": 125
    },
    "rotated": false,
    "capInsets": [
      0,
      0,
      0,
      0
    ],
    "vertices": {
      "rawPosition": [
        -35.5,
        -59.5,
        0,
        35.5,
        -59.5,
        0,
        -35.5,
        59.5,
        0,
        35.5,
        59.5,
        0
      ],
      "indexes": [
        0,
        1,
        2,
        2,
        1,
        3
      ],
      "uv": [
        0,
        121,
        71,
        121,
        0,
        2,
        71,
        2
      ],
      "nuv": [
        0,
        0.016,
        0.9726027397260274,
        0.016,
        0,
        0.968,
        0.9726027397260274,
        0.968
      ],
      "minPos": {
        "x": -35.5,
        "y": -59.5,
        "z": 0
      },
      "maxPos": {
        "x": 35.5,
        "y": 59.5,
        "z": 0
      }
    },
    "texture": "a31083f7-5cba-461e-99b9-a9623ba5eff9@6c48a",
    "packable": true,
    "pixelsToUnit": 100,
    "pivot": {
      "x": 0.5,
      "y": 0.5
    },
    "meshType": 0
  }
}