{
  "__type__": "cc.SpriteFrame",
  "content": {
    "name": "boss2_15",
    "atlas": "",
    "rect": {
      "x": 10,
      "y": 1,
      "width": 224,
      "height": 200
    },
    "offset": {
      "x": -1,
      "y": 0
    },
    "originalSize": {
      "width": 246,
      "height": 202
    },
    "rotated": false,
    "capInsets": [
      0,
      0,
      0,
      0
    ],
    "vertices": {
      "rawPosition": [
        -112,
        -100,
        0,
        112,
        -100,
        0,
        -112,
        100,
        0,
        112,
        100,
        0
      ],
      "indexes": [
        0,
        1,
        2,
        2,
        1,
        3
      ],
      "uv": [
        10,
        201,
        234,
        201,
        10,
        1,
        234,
        1
      ],
      "nuv": [
        0.04065040650406504,
        0.0049504950495049506,
        0.9512195121951219,
        0.0049504950495049506,
        0.04065040650406504,
        0.995049504950495,
        0.9512195121951219,
        0.995049504950495
      ],
      "minPos": {
        "x": -112,
        "y": -100,
        "z": 0
      },
      "maxPos": {
        "x": 112,
        "y": 100,
        "z": 0
      }
    },
    "texture": "a354af22-3e6e-4988-a6d7-5084a47e7844@6c48a",
    "packable": true,
    "pixelsToUnit": 100,
    "pivot": {
      "x": 0.5,
      "y": 0.5
    },
    "meshType": 0
  }
}