{
  "__type__": "cc.SpriteFrame",
  "content": {
    "name": "thunderFissionBead_00006",
    "atlas": "",
    "rect": {
      "x": 0,
      "y": 14,
      "width": 179,
      "height": 223
    },
    "offset": {
      "x": -21,
      "y": -7
    },
    "originalSize": {
      "width": 221,
      "height": 237
    },
    "rotated": false,
    "capInsets": [
      0,
      0,
      0,
      0
    ],
    "vertices": {
      "rawPosition": [
        -89.5,
        -111.5,
        0,
        89.5,
        -111.5,
        0,
        -89.5,
        111.5,
        0,
        89.5,
        111.5,
        0
      ],
      "indexes": [
        0,
        1,
        2,
        2,
        1,
        3
      ],
      "uv": [
        0,
        223,
        179,
        223,
        0,
        0,
        179,
        0
      ],
      "nuv": [
        0,
        0,
        0.8099547511312217,
        0,
        0,
        0.9409282700421941,
        0.8099547511312217,
        0.9409282700421941
      ],
      "minPos": {
        "x": -89.5,
        "y": -111.5,
        "z": 0
      },
      "maxPos": {
        "x": 89.5,
        "y": 111.5,
        "z": 0
      }
    },
    "texture": "a3f6437b-6186-4a9e-90e5-a457ff4516bb@6c48a",
    "packable": true,
    "pixelsToUnit": 100,
    "pivot": {
      "x": 0.5,
      "y": 0.5
    },
    "meshType": 0
  }
}