{
  "__type__": "cc.SpriteFrame",
  "content": {
    "name": "fireBloom_009",
    "atlas": "",
    "rect": {
      "x": 23,
      "y": 18,
      "width": 279,
      "height": 284
    },
    "offset": {
      "x": 10,
      "y": -8
    },
    "originalSize": {
      "width": 305,
      "height": 304
    },
    "rotated": false,
    "capInsets": [
      0,
      0,
      0,
      0
    ],
    "vertices": {
      "rawPosition": [
        -139.5,
        -142,
        0,
        139.5,
        -142,
        0,
        -139.5,
        142,
        0,
        139.5,
        142,
        0
      ],
      "indexes": [
        0,
        1,
        2,
        2,
        1,
        3
      ],
      "uv": [
        23,
        286,
        302,
        286,
        23,
        2,
        302,
        2
      ],
      "nuv": [
        0.07540983606557378,
        0.006578947368421052,
        0.9901639344262295,
        0.006578947368421052,
        0.07540983606557378,
        0.9407894736842105,
        0.9901639344262295,
        0.9407894736842105
      ],
      "minPos": {
        "x": -139.5,
        "y": -142,
        "z": 0
      },
      "maxPos": {
        "x": 139.5,
        "y": 142,
        "z": 0
      }
    },
    "texture": "482ab951-0e0d-442c-a6b5-ccd00cd023de@6c48a",
    "packable": true,
    "pixelsToUnit": 100,
    "pivot": {
      "x": 0.5,
      "y": 0.5
    },
    "meshType": 0
  }
}