{
  "__type__": "cc.SpriteFrame",
  "content": {
    "name": "monster27_08",
    "atlas": "",
    "rect": {
      "x": 2,
      "y": 0,
      "width": 120,
      "height": 102
    },
    "offset": {
      "x": 0.5,
      "y": 0.5
    },
    "originalSize": {
      "width": 123,
      "height": 103
    },
    "rotated": false,
    "capInsets": [
      0,
      0,
      0,
      0
    ],
    "vertices": {
      "rawPosition": [
        -60,
        -51,
        0,
        60,
        -51,
        0,
        -60,
        51,
        0,
        60,
        51,
        0
      ],
      "indexes": [
        0,
        1,
        2,
        2,
        1,
        3
      ],
      "uv": [
        2,
        103,
        122,
        103,
        2,
        1,
        122,
        1
      ],
      "nuv": [
        0.016260162601626018,
        0.009708737864077669,
        0.991869918699187,
        0.009708737864077669,
        0.016260162601626018,
        1,
        0.991869918699187,
        1
      ],
      "minPos": {
        "x": -60,
        "y": -51,
        "z": 0
      },
      "maxPos": {
        "x": 60,
        "y": 51,
        "z": 0
      }
    },
    "texture": "66059d34-1174-4c2c-871f-34b8fd1eed28@6c48a",
    "packable": true,
    "pixelsToUnit": 100,
    "pivot": {
      "x": 0.5,
      "y": 0.5
    },
    "meshType": 0
  }
}