{
  "__type__": "cc.SpriteFrame",
  "content": {
    "name": "settingBtn",
    "atlas": "",
    "rect": {
      "x": 2,
      "y": 1,
      "width": 86,
      "height": 82
    },
    "offset": {
      "x": 0.5,
      "y": 0
    },
    "originalSize": {
      "width": 89,
      "height": 84
    },
    "rotated": false,
    "capInsets": [
      0,
      0,
      0,
      0
    ],
    "vertices": {
      "rawPosition": [
        -43,
        -41,
        0,
        43,
        -41,
        0,
        -43,
        41,
        0,
        43,
        41,
        0
      ],
      "indexes": [
        0,
        1,
        2,
        2,
        1,
        3
      ],
      "uv": [
        2,
        83,
        88,
        83,
        2,
        1,
        88,
        1
      ],
      "nuv": [
        0.02247191011235955,
        0.011904761904761904,
        0.9887640449438202,
        0.011904761904761904,
        0.02247191011235955,
        0.9880952380952381,
        0.9887640449438202,
        0.9880952380952381
      ],
      "minPos": {
        "x": -43,
        "y": -41,
        "z": 0
      },
      "maxPos": {
        "x": 43,
        "y": 41,
        "z": 0
      }
    },
    "texture": "3f257a88-6a16-4e2b-9dd1-bbb8300dec9a@6c48a",
    "packable": true,
    "pixelsToUnit": 100,
    "pivot": {
      "x": 0.5,
      "y": 0.5
    },
    "meshType": 0
  }
}