{
  "__type__": "cc.SpriteFrame",
  "content": {
    "name": "monster24-火_00",
    "atlas": "",
    "rect": {
      "x": 25,
      "y": 1,
      "width": 82,
      "height": 104
    },
    "offset": {
      "x": 2,
      "y": 3.5
    },
    "originalSize": {
      "width": 128,
      "height": 113
    },
    "rotated": false,
    "capInsets": [
      0,
      0,
      0,
      0
    ],
    "vertices": {
      "rawPosition": [
        -41,
        -52,
        0,
        41,
        -52,
        0,
        -41,
        52,
        0,
        41,
        52,
        0
      ],
      "indexes": [
        0,
        1,
        2,
        2,
        1,
        3
      ],
      "uv": [
        25,
        112,
        107,
        112,
        25,
        8,
        107,
        8
      ],
      "nuv": [
        0.1953125,
        0.07079646017699115,
        0.8359375,
        0.07079646017699115,
        0.1953125,
        0.9911504424778761,
        0.8359375,
        0.9911504424778761
      ],
      "minPos": {
        "x": -41,
        "y": -52,
        "z": 0
      },
      "maxPos": {
        "x": 41,
        "y": 52,
        "z": 0
      }
    },
    "texture": "3f4aea71-d6f1-4fe1-aa9b-3bb1b628a46d@6c48a",
    "packable": true,
    "pixelsToUnit": 100,
    "pivot": {
      "x": 0.5,
      "y": 0.5
    },
    "meshType": 0
  }
}