{
  "__type__": "cc.SpriteFrame",
  "content": {
    "name": "4_00008",
    "atlas": "",
    "rect": {
      "x": 10,
      "y": 13,
      "width": 156,
      "height": 121
    },
    "offset": {
      "x": 3,
      "y": -3.5
    },
    "originalSize": {
      "width": 170,
      "height": 140
    },
    "rotated": false,
    "capInsets": [
      0,
      0,
      0,
      0
    ],
    "vertices": {
      "rawPosition": [
        -78,
        -60.5,
        0,
        78,
        -60.5,
        0,
        -78,
        60.5,
        0,
        78,
        60.5,
        0
      ],
      "indexes": [
        0,
        1,
        2,
        2,
        1,
        3
      ],
      "uv": [
        10,
        127,
        166,
        127,
        10,
        6,
        166,
        6
      ],
      "nuv": [
        0.058823529411764705,
        0.04285714285714286,
        0.9764705882352941,
        0.04285714285714286,
        0.058823529411764705,
        0.9071428571428571,
        0.9764705882352941,
        0.9071428571428571
      ],
      "minPos": {
        "x": -78,
        "y": -60.5,
        "z": 0
      },
      "maxPos": {
        "x": 78,
        "y": 60.5,
        "z": 0
      }
    },
    "texture": "3f5b6ec7-184a-4b4f-bb8e-461f9226f4f3@6c48a",
    "packable": true,
    "pixelsToUnit": 100,
    "pivot": {
      "x": 0.5,
      "y": 0.5
    },
    "meshType": 0
  }
}