{
  "__type__": "cc.SpriteFrame",
  "content": {
    "name": "17_00000",
    "atlas": "",
    "rect": {
      "x": 24,
      "y": 10,
      "width": 85,
      "height": 134
    },
    "offset": {
      "x": 1.5,
      "y": -2
    },
    "originalSize": {
      "width": 130,
      "height": 150
    },
    "rotated": false,
    "capInsets": [
      0,
      0,
      0,
      0
    ],
    "vertices": {
      "rawPosition": [
        -42.5,
        -67,
        0,
        42.5,
        -67,
        0,
        -42.5,
        67,
        0,
        42.5,
        67,
        0
      ],
      "indexes": [
        0,
        1,
        2,
        2,
        1,
        3
      ],
      "uv": [
        24,
        140,
        109,
        140,
        24,
        6,
        109,
        6
      ],
      "nuv": [
        0.18461538461538463,
        0.04,
        0.8384615384615385,
        0.04,
        0.18461538461538463,
        0.9333333333333333,
        0.8384615384615385,
        0.9333333333333333
      ],
      "minPos": {
        "x": -42.5,
        "y": -67,
        "z": 0
      },
      "maxPos": {
        "x": 42.5,
        "y": 67,
        "z": 0
      }
    },
    "texture": "3f8e75bd-1205-4b0f-987f-5813eeab3f65@6c48a",
    "packable": true,
    "pixelsToUnit": 100,
    "pivot": {
      "x": 0.5,
      "y": 0.5
    },
    "meshType": 0
  }
}