{
  "__type__": "cc.SpriteFrame",
  "content": {
    "name": "boss1_07",
    "atlas": "",
    "rect": {
      "x": 38,
      "y": 10,
      "width": 196,
      "height": 181
    },
    "offset": {
      "x": 12,
      "y": -3
    },
    "originalSize": {
      "width": 248,
      "height": 195
    },
    "rotated": false,
    "capInsets": [
      0,
      0,
      0,
      0
    ],
    "vertices": {
      "rawPosition": [
        -98,
        -90.5,
        0,
        98,
        -90.5,
        0,
        -98,
        90.5,
        0,
        98,
        90.5,
        0
      ],
      "indexes": [
        0,
        1,
        2,
        2,
        1,
        3
      ],
      "uv": [
        38,
        185,
        234,
        185,
        38,
        4,
        234,
        4
      ],
      "nuv": [
        0.1532258064516129,
        0.020512820512820513,
        0.9435483870967742,
        0.020512820512820513,
        0.1532258064516129,
        0.9487179487179487,
        0.9435483870967742,
        0.9487179487179487
      ],
      "minPos": {
        "x": -98,
        "y": -90.5,
        "z": 0
      },
      "maxPos": {
        "x": 98,
        "y": 90.5,
        "z": 0
      }
    },
    "texture": "3fd4f50c-b648-4745-b926-bd5de53973ab@6c48a",
    "packable": true,
    "pixelsToUnit": 100,
    "pivot": {
      "x": 0.5,
      "y": 0.5
    },
    "meshType": 0
  }
}