{
  "__type__": "cc.SpriteFrame",
  "content": {
    "name": "run_00008",
    "atlas": "",
    "rect": {
      "x": 6,
      "y": 6,
      "width": 179,
      "height": 142
    },
    "offset": {
      "x": 0.5,
      "y": -2
    },
    "originalSize": {
      "width": 190,
      "height": 150
    },
    "rotated": false,
    "capInsets": [
      0,
      0,
      0,
      0
    ],
    "vertices": {
      "rawPosition": [
        -89.5,
        -71,
        0,
        89.5,
        -71,
        0,
        -89.5,
        71,
        0,
        89.5,
        71,
        0
      ],
      "indexes": [
        0,
        1,
        2,
        2,
        1,
        3
      ],
      "uv": [
        6,
        144,
        185,
        144,
        6,
        2,
        185,
        2
      ],
      "nuv": [
        0.031578947368421054,
        0.013333333333333334,
        0.9736842105263158,
        0.013333333333333334,
        0.031578947368421054,
        0.96,
        0.9736842105263158,
        0.96
      ],
      "minPos": {
        "x": -89.5,
        "y": -71,
        "z": 0
      },
      "maxPos": {
        "x": 89.5,
        "y": 71,
        "z": 0
      }
    },
    "texture": "6b2d55fe-8ee5-4371-9e2d-07c32c122e1c@6c48a",
    "packable": true,
    "pixelsToUnit": 100,
    "pivot": {
      "x": 0.5,
      "y": 0.5
    },
    "meshType": 0
  }
}