{
  "__type__": "cc.SpriteFrame",
  "content": {
    "name": "4_00001",
    "atlas": "",
    "rect": {
      "x": 11,
      "y": 12,
      "width": 157,
      "height": 124
    },
    "offset": {
      "x": 4.5,
      "y": -4
    },
    "originalSize": {
      "width": 170,
      "height": 140
    },
    "rotated": false,
    "capInsets": [
      0,
      0,
      0,
      0
    ],
    "vertices": {
      "rawPosition": [
        -78.5,
        -62,
        0,
        78.5,
        -62,
        0,
        -78.5,
        62,
        0,
        78.5,
        62,
        0
      ],
      "indexes": [
        0,
        1,
        2,
        2,
        1,
        3
      ],
      "uv": [
        11,
        128,
        168,
        128,
        11,
        4,
        168,
        4
      ],
      "nuv": [
        0.06470588235294118,
        0.02857142857142857,
        0.9882352941176471,
        0.02857142857142857,
        0.06470588235294118,
        0.9142857142857143,
        0.9882352941176471,
        0.9142857142857143
      ],
      "minPos": {
        "x": -78.5,
        "y": -62,
        "z": 0
      },
      "maxPos": {
        "x": 78.5,
        "y": 62,
        "z": 0
      }
    },
    "texture": "6ba3f472-8203-4d2b-8cb6-4cb8ca238162@6c48a",
    "packable": true,
    "pixelsToUnit": 100,
    "pivot": {
      "x": 0.5,
      "y": 0.5
    },
    "meshType": 0
  }
}