{
  "__type__": "cc.SpriteFrame",
  "content": {
    "name": "killcount_icon",
    "atlas": "",
    "rect": {
      "x": 6,
      "y": 9,
      "width": 32,
      "height": 27
    },
    "offset": {
      "x": 0,
      "y": -0.5
    },
    "originalSize": {
      "width": 44,
      "height": 44
    },
    "rotated": false,
    "capInsets": [
      0,
      0,
      0,
      0
    ],
    "vertices": {
      "rawPosition": [
        -16,
        -13.5,
        0,
        16,
        -13.5,
        0,
        -16,
        13.5,
        0,
        16,
        13.5,
        0
      ],
      "indexes": [
        0,
        1,
        2,
        2,
        1,
        3
      ],
      "uv": [
        6,
        35,
        38,
        35,
        6,
        8,
        38,
        8
      ],
      "nuv": [
        0.13636363636363635,
        0.18181818181818182,
        0.8636363636363636,
        0.18181818181818182,
        0.13636363636363635,
        0.7954545454545454,
        0.8636363636363636,
        0.7954545454545454
      ],
      "minPos": {
        "x": -16,
        "y": -13.5,
        "z": 0
      },
      "maxPos": {
        "x": 16,
        "y": 13.5,
        "z": 0
      }
    },
    "texture": "6baa443e-b814-43a2-acab-4475cb9f3223@6c48a",
    "packable": true,
    "pixelsToUnit": 100,
    "pivot": {
      "x": 0.5,
      "y": 0.5
    },
    "meshType": 0
  }
}