{
  "__type__": "cc.SpriteFrame",
  "content": {
    "name": "monster33_17",
    "atlas": "",
    "rect": {
      "x": 13,
      "y": 4,
      "width": 103,
      "height": 123
    },
    "offset": {
      "x": 4.5,
      "y": -1.5
    },
    "originalSize": {
      "width": 120,
      "height": 128
    },
    "rotated": false,
    "capInsets": [
      0,
      0,
      0,
      0
    ],
    "vertices": {
      "rawPosition": [
        -51.5,
        -61.5,
        0,
        51.5,
        -61.5,
        0,
        -51.5,
        61.5,
        0,
        51.5,
        61.5,
        0
      ],
      "indexes": [
        0,
        1,
        2,
        2,
        1,
        3
      ],
      "uv": [
        13,
        124,
        116,
        124,
        13,
        1,
        116,
        1
      ],
      "nuv": [
        0.10833333333333334,
        0.0078125,
        0.9666666666666667,
        0.0078125,
        0.10833333333333334,
        0.96875,
        0.9666666666666667,
        0.96875
      ],
      "minPos": {
        "x": -51.5,
        "y": -61.5,
        "z": 0
      },
      "maxPos": {
        "x": 51.5,
        "y": 61.5,
        "z": 0
      }
    },
    "texture": "343295a5-e705-4757-96f3-ce3da1e6bf19@6c48a",
    "packable": true,
    "pixelsToUnit": 100,
    "pivot": {
      "x": 0.5,
      "y": 0.5
    },
    "meshType": 0
  }
}