{
  "__type__": "cc.SpriteFrame",
  "content": {
    "name": "topMask",
    "atlas": "",
    "rect": {
      "x": 0,
      "y": 0,
      "width": 750,
      "height": 138
    },
    "offset": {
      "x": 0,
      "y": 1
    },
    "originalSize": {
      "width": 750,
      "height": 140
    },
    "rotated": false,
    "capInsets": [
      0,
      0,
      0,
      0
    ],
    "vertices": {
      "rawPosition": [
        -375,
        -69,
        0,
        375,
        -69,
        0,
        -375,
        69,
        0,
        375,
        69,
        0
      ],
      "indexes": [
        0,
        1,
        2,
        2,
        1,
        3
      ],
      "uv": [
        0,
        140,
        750,
        140,
        0,
        2,
        750,
        2
      ],
      "nuv": [
        0,
        0.014285714285714285,
        1,
        0.014285714285714285,
        0,
        1,
        1,
        1
      ],
      "minPos": {
        "x": -375,
        "y": -69,
        "z": 0
      },
      "maxPos": {
        "x": 375,
        "y": 69,
        "z": 0
      }
    },
    "texture": "34831755-320e-4a9a-928f-33fbaa1ddf42@6c48a",
    "packable": true,
    "pixelsToUnit": 100,
    "pivot": {
      "x": 0.5,
      "y": 0.5
    },
    "meshType": 0
  }
}