{
  "__type__": "cc.SpriteFrame",
  "content": {
    "name": "monster25_00",
    "atlas": "",
    "rect": {
      "x": 5,
      "y": 3,
      "width": 106,
      "height": 97
    },
    "offset": {
      "x": 2,
      "y": -1
    },
    "originalSize": {
      "width": 112,
      "height": 101
    },
    "rotated": false,
    "capInsets": [
      0,
      0,
      0,
      0
    ],
    "vertices": {
      "rawPosition": [
        -53,
        -48.5,
        0,
        53,
        -48.5,
        0,
        -53,
        48.5,
        0,
        53,
        48.5,
        0
      ],
      "indexes": [
        0,
        1,
        2,
        2,
        1,
        3
      ],
      "uv": [
        5,
        98,
        111,
        98,
        5,
        1,
        111,
        1
      ],
      "nuv": [
        0.044642857142857144,
        0.009900990099009901,
        0.9910714285714286,
        0.009900990099009901,
        0.044642857142857144,
        0.9702970297029703,
        0.9910714285714286,
        0.9702970297029703
      ],
      "minPos": {
        "x": -53,
        "y": -48.5,
        "z": 0
      },
      "maxPos": {
        "x": 53,
        "y": 48.5,
        "z": 0
      }
    },
    "texture": "34cf838d-d0e9-4c07-bb98-2a43bf9dd9e9@6c48a",
    "packable": true,
    "pixelsToUnit": 100,
    "pivot": {
      "x": 0.5,
      "y": 0.5
    },
    "meshType": 0
  }
}