{
  "__type__": "cc.SpriteFrame",
  "content": {
    "name": "fireBloom_007",
    "atlas": "",
    "rect": {
      "x": 22,
      "y": 17,
      "width": 283,
      "height": 286
    },
    "offset": {
      "x": 11,
      "y": -8
    },
    "originalSize": {
      "width": 305,
      "height": 304
    },
    "rotated": false,
    "capInsets": [
      0,
      0,
      0,
      0
    ],
    "vertices": {
      "rawPosition": [
        -141.5,
        -143,
        0,
        141.5,
        -143,
        0,
        -141.5,
        143,
        0,
        141.5,
        143,
        0
      ],
      "indexes": [
        0,
        1,
        2,
        2,
        1,
        3
      ],
      "uv": [
        22,
        287,
        305,
        287,
        22,
        1,
        305,
        1
      ],
      "nuv": [
        0.07213114754098361,
        0.003289473684210526,
        1,
        0.003289473684210526,
        0.07213114754098361,
        0.944078947368421,
        1,
        0.944078947368421
      ],
      "minPos": {
        "x": -141.5,
        "y": -143,
        "z": 0
      },
      "maxPos": {
        "x": 141.5,
        "y": 143,
        "z": 0
      }
    },
    "texture": "34ea143d-851e-41cb-83a9-cd0e1a18a4d7@6c48a",
    "packable": true,
    "pixelsToUnit": 100,
    "pivot": {
      "x": 0.5,
      "y": 0.5
    },
    "meshType": 0
  }
}