{
  "__type__": "cc.SpriteFrame",
  "content": {
    "name": "monster31_04",
    "atlas": "",
    "rect": {
      "x": 4,
      "y": 3,
      "width": 104,
      "height": 115
    },
    "offset": {
      "x": 1.5,
      "y": -0.5
    },
    "originalSize": {
      "width": 109,
      "height": 120
    },
    "rotated": false,
    "capInsets": [
      0,
      0,
      0,
      0
    ],
    "vertices": {
      "rawPosition": [
        -52,
        -57.5,
        0,
        52,
        -57.5,
        0,
        -52,
        57.5,
        0,
        52,
        57.5,
        0
      ],
      "indexes": [
        0,
        1,
        2,
        2,
        1,
        3
      ],
      "uv": [
        4,
        117,
        108,
        117,
        4,
        2,
        108,
        2
      ],
      "nuv": [
        0.03669724770642202,
        0.016666666666666666,
        0.9908256880733946,
        0.016666666666666666,
        0.03669724770642202,
        0.975,
        0.9908256880733946,
        0.975
      ],
      "minPos": {
        "x": -52,
        "y": -57.5,
        "z": 0
      },
      "maxPos": {
        "x": 52,
        "y": 57.5,
        "z": 0
      }
    },
    "texture": "1786fe12-1d1d-41c8-85e6-099309600580@6c48a",
    "packable": true,
    "pixelsToUnit": 100,
    "pivot": {
      "x": 0.5,
      "y": 0.5
    },
    "meshType": 0
  }
}