{
  "__type__": "cc.SpriteFrame",
  "content": {
    "name": "heroBaseInfoBg",
    "atlas": "",
    "rect": {
      "x": 1,
      "y": 1,
      "width": 444,
      "height": 156
    },
    "offset": {
      "x": 0,
      "y": 0
    },
    "originalSize": {
      "width": 446,
      "height": 158
    },
    "rotated": false,
    "capInsets": [
      0,
      0,
      0,
      0
    ],
    "vertices": {
      "rawPosition": [
        -222,
        -78,
        0,
        222,
        -78,
        0,
        -222,
        78,
        0,
        222,
        78,
        0
      ],
      "indexes": [
        0,
        1,
        2,
        2,
        1,
        3
      ],
      "uv": [
        1,
        157,
        445,
        157,
        1,
        1,
        445,
        1
      ],
      "nuv": [
        0.002242152466367713,
        0.006329113924050633,
        0.9977578475336323,
        0.006329113924050633,
        0.002242152466367713,
        0.9936708860759493,
        0.9977578475336323,
        0.9936708860759493
      ],
      "minPos": {
        "x": -222,
        "y": -78,
        "z": 0
      },
      "maxPos": {
        "x": 222,
        "y": 78,
        "z": 0
      }
    },
    "texture": "e583f5a8-7c14-4d75-885b-068a4260fd15@6c48a",
    "packable": true,
    "pixelsToUnit": 100,
    "pivot": {
      "x": 0.5,
      "y": 0.5
    },
    "meshType": 0
  }
}