{
  "__type__": "cc.SpriteFrame",
  "content": {
    "name": "mainMenuBtn3_down",
    "atlas": "",
    "rect": {
      "x": 8,
      "y": 1,
      "width": 137,
      "height": 151
    },
    "offset": {
      "x": -3,
      "y": 0.5
    },
    "originalSize": {
      "width": 159,
      "height": 154
    },
    "rotated": false,
    "capInsets": [
      0,
      0,
      0,
      0
    ],
    "vertices": {
      "rawPosition": [
        -68.5,
        -75.5,
        0,
        68.5,
        -75.5,
        0,
        -68.5,
        75.5,
        0,
        68.5,
        75.5,
        0
      ],
      "indexes": [
        0,
        1,
        2,
        2,
        1,
        3
      ],
      "uv": [
        8,
        153,
        145,
        153,
        8,
        2,
        145,
        2
      ],
      "nuv": [
        0.050314465408805034,
        0.012987012987012988,
        0.9119496855345912,
        0.012987012987012988,
        0.050314465408805034,
        0.9935064935064936,
        0.9119496855345912,
        0.9935064935064936
      ],
      "minPos": {
        "x": -68.5,
        "y": -75.5,
        "z": 0
      },
      "maxPos": {
        "x": 68.5,
        "y": 75.5,
        "z": 0
      }
    },
    "texture": "e363ebe2-e271-421b-a886-88fd60cd5cdc@6c48a",
    "packable": true,
    "pixelsToUnit": 100,
    "pivot": {
      "x": 0.5,
      "y": 0.5
    },
    "meshType": 0
  }
}