{
  "__type__": "cc.SpriteFrame",
  "content": {
    "name": "16_00004",
    "atlas": "",
    "rect": {
      "x": 9,
      "y": 3,
      "width": 88,
      "height": 101
    },
    "offset": {
      "x": 3,
      "y": -1
    },
    "originalSize": {
      "width": 100,
      "height": 105
    },
    "rotated": false,
    "capInsets": [
      0,
      0,
      0,
      0
    ],
    "vertices": {
      "rawPosition": [
        -44,
        -50.5,
        0,
        44,
        -50.5,
        0,
        -44,
        50.5,
        0,
        44,
        50.5,
        0
      ],
      "indexes": [
        0,
        1,
        2,
        2,
        1,
        3
      ],
      "uv": [
        9,
        102,
        97,
        102,
        9,
        1,
        97,
        1
      ],
      "nuv": [
        0.09,
        0.009523809523809525,
        0.97,
        0.009523809523809525,
        0.09,
        0.9714285714285714,
        0.97,
        0.9714285714285714
      ],
      "minPos": {
        "x": -44,
        "y": -50.5,
        "z": 0
      },
      "maxPos": {
        "x": 44,
        "y": 50.5,
        "z": 0
      }
    },
    "texture": "e3c9fcae-29a2-4ada-8654-cad3599289f1@6c48a",
    "packable": true,
    "pixelsToUnit": 100,
    "pivot": {
      "x": 0.5,
      "y": 0.5
    },
    "meshType": 0
  }
}