{
  "__type__": "cc.SpriteFrame",
  "content": {
    "name": "10_00008",
    "atlas": "",
    "rect": {
      "x": 17,
      "y": 8,
      "width": 150,
      "height": 113
    },
    "offset": {
      "x": 2,
      "y": 0.5
    },
    "originalSize": {
      "width": 180,
      "height": 130
    },
    "rotated": false,
    "capInsets": [
      0,
      0,
      0,
      0
    ],
    "vertices": {
      "rawPosition": [
        -75,
        -56.5,
        0,
        75,
        -56.5,
        0,
        -75,
        56.5,
        0,
        75,
        56.5,
        0
      ],
      "indexes": [
        0,
        1,
        2,
        2,
        1,
        3
      ],
      "uv": [
        17,
        122,
        167,
        122,
        17,
        9,
        167,
        9
      ],
      "nuv": [
        0.09444444444444444,
        0.06923076923076923,
        0.9277777777777778,
        0.06923076923076923,
        0.09444444444444444,
        0.9384615384615385,
        0.9277777777777778,
        0.9384615384615385
      ],
      "minPos": {
        "x": -75,
        "y": -56.5,
        "z": 0
      },
      "maxPos": {
        "x": 75,
        "y": 56.5,
        "z": 0
      }
    },
    "texture": "a609785e-dd70-47d1-a6e6-f8342a6dd6ec@6c48a",
    "packable": true,
    "pixelsToUnit": 100,
    "pivot": {
      "x": 0.5,
      "y": 0.5
    },
    "meshType": 0
  }
}