{
  "__type__": "cc.SpriteFrame",
  "content": {
    "name": "12_00005",
    "atlas": "",
    "rect": {
      "x": 15,
      "y": 5,
      "width": 152,
      "height": 144
    },
    "offset": {
      "x": 1,
      "y": -2
    },
    "originalSize": {
      "width": 180,
      "height": 150
    },
    "rotated": false,
    "capInsets": [
      0,
      0,
      0,
      0
    ],
    "vertices": {
      "rawPosition": [
        -76,
        -72,
        0,
        76,
        -72,
        0,
        -76,
        72,
        0,
        76,
        72,
        0
      ],
      "indexes": [
        0,
        1,
        2,
        2,
        1,
        3
      ],
      "uv": [
        15,
        145,
        167,
        145,
        15,
        1,
        167,
        1
      ],
      "nuv": [
        0.08333333333333333,
        0.006666666666666667,
        0.9277777777777778,
        0.006666666666666667,
        0.08333333333333333,
        0.9666666666666667,
        0.9277777777777778,
        0.9666666666666667
      ],
      "minPos": {
        "x": -76,
        "y": -72,
        "z": 0
      },
      "maxPos": {
        "x": 76,
        "y": 72,
        "z": 0
      }
    },
    "texture": "521fc1a2-bb47-4e2c-84a9-8875f8437aba@6c48a",
    "packable": true,
    "pixelsToUnit": 100,
    "pivot": {
      "x": 0.5,
      "y": 0.5
    },
    "meshType": 0
  }
}