{
  "__type__": "cc.SpriteFrame",
  "content": {
    "name": "17_00009",
    "atlas": "",
    "rect": {
      "x": 23,
      "y": 10,
      "width": 87,
      "height": 134
    },
    "offset": {
      "x": 1.5,
      "y": -2
    },
    "originalSize": {
      "width": 130,
      "height": 150
    },
    "rotated": false,
    "capInsets": [
      0,
      0,
      0,
      0
    ],
    "vertices": {
      "rawPosition": [
        -43.5,
        -67,
        0,
        43.5,
        -67,
        0,
        -43.5,
        67,
        0,
        43.5,
        67,
        0
      ],
      "indexes": [
        0,
        1,
        2,
        2,
        1,
        3
      ],
      "uv": [
        23,
        140,
        110,
        140,
        23,
        6,
        110,
        6
      ],
      "nuv": [
        0.17692307692307693,
        0.04,
        0.8461538461538461,
        0.04,
        0.17692307692307693,
        0.9333333333333333,
        0.8461538461538461,
        0.9333333333333333
      ],
      "minPos": {
        "x": -43.5,
        "y": -67,
        "z": 0
      },
      "maxPos": {
        "x": 43.5,
        "y": 67,
        "z": 0
      }
    },
    "texture": "5224c6c7-d12c-4182-b7c1-81991dd975e5@6c48a",
    "packable": true,
    "pixelsToUnit": 100,
    "pivot": {
      "x": 0.5,
      "y": 0.5
    },
    "meshType": 0
  }
}