{
  "__type__": "cc.SpriteFrame",
  "content": {
    "name": "mainMenuBtn1",
    "atlas": "",
    "rect": {
      "x": 6,
      "y": 1,
      "width": 147,
      "height": 130
    },
    "offset": {
      "x": 0.5,
      "y": 0
    },
    "originalSize": {
      "width": 158,
      "height": 132
    },
    "rotated": false,
    "capInsets": [
      0,
      0,
      0,
      0
    ],
    "vertices": {
      "rawPosition": [
        -73.5,
        -65,
        0,
        73.5,
        -65,
        0,
        -73.5,
        65,
        0,
        73.5,
        65,
        0
      ],
      "indexes": [
        0,
        1,
        2,
        2,
        1,
        3
      ],
      "uv": [
        6,
        131,
        153,
        131,
        6,
        1,
        153,
        1
      ],
      "nuv": [
        0.0379746835443038,
        0.007575757575757576,
        0.9683544303797469,
        0.007575757575757576,
        0.0379746835443038,
        0.9924242424242424,
        0.9683544303797469,
        0.9924242424242424
      ],
      "minPos": {
        "x": -73.5,
        "y": -65,
        "z": 0
      },
      "maxPos": {
        "x": 73.5,
        "y": 65,
        "z": 0
      }
    },
    "texture": "52ee8002-a7b8-4859-be42-499b075540de@6c48a",
    "packable": true,
    "pixelsToUnit": 100,
    "pivot": {
      "x": 0.5,
      "y": 0.5
    },
    "meshType": 0
  }
}