{
  "__type__": "cc.SpriteFrame",
  "content": {
    "name": "boss1_03",
    "atlas": "",
    "rect": {
      "x": 29,
      "y": 11,
      "width": 189,
      "height": 181
    },
    "offset": {
      "x": -0.5,
      "y": -4
    },
    "originalSize": {
      "width": 248,
      "height": 195
    },
    "rotated": false,
    "capInsets": [
      0,
      0,
      0,
      0
    ],
    "vertices": {
      "rawPosition": [
        -94.5,
        -90.5,
        0,
        94.5,
        -90.5,
        0,
        -94.5,
        90.5,
        0,
        94.5,
        90.5,
        0
      ],
      "indexes": [
        0,
        1,
        2,
        2,
        1,
        3
      ],
      "uv": [
        29,
        184,
        218,
        184,
        29,
        3,
        218,
        3
      ],
      "nuv": [
        0.11693548387096774,
        0.015384615384615385,
        0.8790322580645161,
        0.015384615384615385,
        0.11693548387096774,
        0.9435897435897436,
        0.8790322580645161,
        0.9435897435897436
      ],
      "minPos": {
        "x": -94.5,
        "y": -90.5,
        "z": 0
      },
      "maxPos": {
        "x": 94.5,
        "y": 90.5,
        "z": 0
      }
    },
    "texture": "ab0b8203-4218-45b4-86c7-486f117381e6@6c48a",
    "packable": true,
    "pixelsToUnit": 100,
    "pivot": {
      "x": 0.5,
      "y": 0.5
    },
    "meshType": 0
  }
}