{
  "__type__": "cc.SpriteFrame",
  "content": {
    "name": "darkMask_02",
    "atlas": "",
    "rect": {
      "x": 4,
      "y": 3,
      "width": 329,
      "height": 290
    },
    "offset": {
      "x": 0.5,
      "y": 1.5
    },
    "originalSize": {
      "width": 336,
      "height": 299
    },
    "rotated": false,
    "capInsets": [
      0,
      0,
      0,
      0
    ],
    "vertices": {
      "rawPosition": [
        -164.5,
        -145,
        0,
        164.5,
        -145,
        0,
        -164.5,
        145,
        0,
        164.5,
        145,
        0
      ],
      "indexes": [
        0,
        1,
        2,
        2,
        1,
        3
      ],
      "uv": [
        4,
        296,
        333,
        296,
        4,
        6,
        333,
        6
      ],
      "nuv": [
        0.011904761904761904,
        0.020066889632107024,
        0.9910714285714286,
        0.020066889632107024,
        0.011904761904761904,
        0.9899665551839465,
        0.9910714285714286,
        0.9899665551839465
      ],
      "minPos": {
        "x": -164.5,
        "y": -145,
        "z": 0
      },
      "maxPos": {
        "x": 164.5,
        "y": 145,
        "z": 0
      }
    },
    "texture": "a86c6f13-0dc0-4543-bd20-7b9e99afc30e@6c48a",
    "packable": true,
    "pixelsToUnit": 100,
    "pivot": {
      "x": 0.5,
      "y": 0.5
    },
    "meshType": 0
  }
}