{
  "__type__": "cc.SpriteFrame",
  "content": {
    "name": "versionNotice",
    "atlas": "",
    "rect": {
      "x": 1,
      "y": 2,
      "width": 172,
      "height": 145
    },
    "offset": {
      "x": 0,
      "y": 0.5
    },
    "originalSize": {
      "width": 174,
      "height": 150
    },
    "rotated": false,
    "capInsets": [
      0,
      0,
      0,
      0
    ],
    "vertices": {
      "rawPosition": [
        -86,
        -72.5,
        0,
        86,
        -72.5,
        0,
        -86,
        72.5,
        0,
        86,
        72.5,
        0
      ],
      "indexes": [
        0,
        1,
        2,
        2,
        1,
        3
      ],
      "uv": [
        1,
        148,
        173,
        148,
        1,
        3,
        173,
        3
      ],
      "nuv": [
        0.005747126436781609,
        0.02,
        0.9942528735632183,
        0.02,
        0.005747126436781609,
        0.9866666666666667,
        0.9942528735632183,
        0.9866666666666667
      ],
      "minPos": {
        "x": -86,
        "y": -72.5,
        "z": 0
      },
      "maxPos": {
        "x": 86,
        "y": 72.5,
        "z": 0
      }
    },
    "texture": "a8c3f92f-fc5b-4e03-8949-2e6c69475905@6c48a",
    "packable": true,
    "pixelsToUnit": 100,
    "pivot": {
      "x": 0.5,
      "y": 0.5
    },
    "meshType": 0
  }
}