{
  "__type__": "cc.SpriteFrame",
  "content": {
    "name": "doomsdayStorm_00005",
    "atlas": "",
    "rect": {
      "x": 2,
      "y": 7,
      "width": 138,
      "height": 93
    },
    "offset": {
      "x": -4,
      "y": 0
    },
    "originalSize": {
      "width": 150,
      "height": 107
    },
    "rotated": false,
    "capInsets": [
      0,
      0,
      0,
      0
    ],
    "vertices": {
      "rawPosition": [
        -69,
        -46.5,
        0,
        69,
        -46.5,
        0,
        -69,
        46.5,
        0,
        69,
        46.5,
        0
      ],
      "indexes": [
        0,
        1,
        2,
        2,
        1,
        3
      ],
      "uv": [
        2,
        100,
        140,
        100,
        2,
        7,
        140,
        7
      ],
      "nuv": [
        0.013333333333333334,
        0.06542056074766354,
        0.9333333333333333,
        0.06542056074766354,
        0.013333333333333334,
        0.9345794392523364,
        0.9333333333333333,
        0.9345794392523364
      ],
      "minPos": {
        "x": -69,
        "y": -46.5,
        "z": 0
      },
      "maxPos": {
        "x": 69,
        "y": 46.5,
        "z": 0
      }
    },
    "texture": "a8d99f5d-270b-4b04-be8c-0d846c6d7164@6c48a",
    "packable": true,
    "pixelsToUnit": 100,
    "pivot": {
      "x": 0.5,
      "y": 0.5
    },
    "meshType": 0
  }
}