{
  "__type__": "cc.SpriteFrame",
  "content": {
    "name": "hellFire_004",
    "atlas": "",
    "rect": {
      "x": 10,
      "y": 11,
      "width": 188,
      "height": 292
    },
    "offset": {
      "x": 2,
      "y": -3
    },
    "originalSize": {
      "width": 204,
      "height": 308
    },
    "rotated": false,
    "capInsets": [
      0,
      0,
      0,
      0
    ],
    "vertices": {
      "rawPosition": [
        -94,
        -146,
        0,
        94,
        -146,
        0,
        -94,
        146,
        0,
        94,
        146,
        0
      ],
      "indexes": [
        0,
        1,
        2,
        2,
        1,
        3
      ],
      "uv": [
        10,
        297,
        198,
        297,
        10,
        5,
        198,
        5
      ],
      "nuv": [
        0.049019607843137254,
        0.016233766233766232,
        0.9705882352941176,
        0.016233766233766232,
        0.049019607843137254,
        0.9642857142857143,
        0.9705882352941176,
        0.9642857142857143
      ],
      "minPos": {
        "x": -94,
        "y": -146,
        "z": 0
      },
      "maxPos": {
        "x": 94,
        "y": 146,
        "z": 0
      }
    },
    "texture": "a8dadfd3-4179-4b98-8055-71e2a4330ff8@6c48a",
    "packable": true,
    "pixelsToUnit": 100,
    "pivot": {
      "x": 0.5,
      "y": 0.5
    },
    "meshType": 0
  }
}