{
  "__type__": "cc.SpriteFrame",
  "content": {
    "name": "13_00000",
    "atlas": "",
    "rect": {
      "x": 19,
      "y": 13,
      "width": 125,
      "height": 176
    },
    "offset": {
      "x": 6.5,
      "y": -1
    },
    "originalSize": {
      "width": 150,
      "height": 200
    },
    "rotated": false,
    "capInsets": [
      0,
      0,
      0,
      0
    ],
    "vertices": {
      "rawPosition": [
        -62.5,
        -88,
        0,
        62.5,
        -88,
        0,
        -62.5,
        88,
        0,
        62.5,
        88,
        0
      ],
      "indexes": [
        0,
        1,
        2,
        2,
        1,
        3
      ],
      "uv": [
        19,
        187,
        144,
        187,
        19,
        11,
        144,
        11
      ],
      "nuv": [
        0.12666666666666668,
        0.055,
        0.96,
        0.055,
        0.12666666666666668,
        0.935,
        0.96,
        0.935
      ],
      "minPos": {
        "x": -62.5,
        "y": -88,
        "z": 0
      },
      "maxPos": {
        "x": 62.5,
        "y": 88,
        "z": 0
      }
    },
    "texture": "bf923147-8deb-49cb-ae9a-f0c63f6e1c8a@6c48a",
    "packable": true,
    "pixelsToUnit": 100,
    "pivot": {
      "x": 0.5,
      "y": 0.5
    },
    "meshType": 0
  }
}