{
  "__type__": "cc.SpriteFrame",
  "content": {
    "name": "darkMask_03",
    "atlas": "",
    "rect": {
      "x": 1,
      "y": 3,
      "width": 371,
      "height": 294
    },
    "offset": {
      "x": 0,
      "y": 1
    },
    "originalSize": {
      "width": 373,
      "height": 302
    },
    "rotated": false,
    "capInsets": [
      0,
      0,
      0,
      0
    ],
    "vertices": {
      "rawPosition": [
        -185.5,
        -147,
        0,
        185.5,
        -147,
        0,
        -185.5,
        147,
        0,
        185.5,
        147,
        0
      ],
      "indexes": [
        0,
        1,
        2,
        2,
        1,
        3
      ],
      "uv": [
        1,
        299,
        372,
        299,
        1,
        5,
        372,
        5
      ],
      "nuv": [
        0.002680965147453083,
        0.016556291390728478,
        0.9973190348525469,
        0.016556291390728478,
        0.002680965147453083,
        0.9900662251655629,
        0.9973190348525469,
        0.9900662251655629
      ],
      "minPos": {
        "x": -185.5,
        "y": -147,
        "z": 0
      },
      "maxPos": {
        "x": 185.5,
        "y": 147,
        "z": 0
      }
    },
    "texture": "458a4f26-35b6-43d4-a3b5-9b885847f297@6c48a",
    "packable": true,
    "pixelsToUnit": 100,
    "pivot": {
      "x": 0.5,
      "y": 0.5
    },
    "meshType": 0
  }
}