{
  "__type__": "cc.SpriteFrame",
  "content": {
    "name": "15_00003",
    "atlas": "",
    "rect": {
      "x": 6,
      "y": 8,
      "width": 49,
      "height": 101
    },
    "offset": {
      "x": 0.5,
      "y": 6.5
    },
    "originalSize": {
      "width": 60,
      "height": 130
    },
    "rotated": false,
    "capInsets": [
      0,
      0,
      0,
      0
    ],
    "vertices": {
      "rawPosition": [
        -24.5,
        -50.5,
        0,
        24.5,
        -50.5,
        0,
        -24.5,
        50.5,
        0,
        24.5,
        50.5,
        0
      ],
      "indexes": [
        0,
        1,
        2,
        2,
        1,
        3
      ],
      "uv": [
        6,
        122,
        55,
        122,
        6,
        21,
        55,
        21
      ],
      "nuv": [
        0.1,
        0.16153846153846155,
        0.9166666666666666,
        0.16153846153846155,
        0.1,
        0.9384615384615385,
        0.9166666666666666,
        0.9384615384615385
      ],
      "minPos": {
        "x": -24.5,
        "y": -50.5,
        "z": 0
      },
      "maxPos": {
        "x": 24.5,
        "y": 50.5,
        "z": 0
      }
    },
    "texture": "45bd5cdd-0c1a-4c1c-9e3b-26122801487d@6c48a",
    "packable": true,
    "pixelsToUnit": 100,
    "pivot": {
      "x": 0.5,
      "y": 0.5
    },
    "meshType": 0
  }
}