{
  "__type__": "cc.SpriteFrame",
  "content": {
    "name": "20_00005",
    "atlas": "",
    "rect": {
      "x": 5,
      "y": 7,
      "width": 61,
      "height": 81
    },
    "offset": {
      "x": 0.5,
      "y": 12.5
    },
    "originalSize": {
      "width": 70,
      "height": 120
    },
    "rotated": false,
    "capInsets": [
      0,
      0,
      0,
      0
    ],
    "vertices": {
      "rawPosition": [
        -30.5,
        -40.5,
        0,
        30.5,
        -40.5,
        0,
        -30.5,
        40.5,
        0,
        30.5,
        40.5,
        0
      ],
      "indexes": [
        0,
        1,
        2,
        2,
        1,
        3
      ],
      "uv": [
        5,
        113,
        66,
        113,
        5,
        32,
        66,
        32
      ],
      "nuv": [
        0.07142857142857142,
        0.26666666666666666,
        0.9428571428571428,
        0.26666666666666666,
        0.07142857142857142,
        0.9416666666666667,
        0.9428571428571428,
        0.9416666666666667
      ],
      "minPos": {
        "x": -30.5,
        "y": -40.5,
        "z": 0
      },
      "maxPos": {
        "x": 30.5,
        "y": 40.5,
        "z": 0
      }
    },
    "texture": "45e2dd0f-6289-4835-983d-af60ae180ccc@6c48a",
    "packable": true,
    "pixelsToUnit": 100,
    "pivot": {
      "x": 0.5,
      "y": 0.5
    },
    "meshType": 0
  }
}