{
  "__type__": "cc.SpriteFrame",
  "content": {
    "name": "monster33_19",
    "atlas": "",
    "rect": {
      "x": 10,
      "y": 2,
      "width": 109,
      "height": 126
    },
    "offset": {
      "x": 4.5,
      "y": -1
    },
    "originalSize": {
      "width": 120,
      "height": 128
    },
    "rotated": false,
    "capInsets": [
      0,
      0,
      0,
      0
    ],
    "vertices": {
      "rawPosition": [
        -54.5,
        -63,
        0,
        54.5,
        -63,
        0,
        -54.5,
        63,
        0,
        54.5,
        63,
        0
      ],
      "indexes": [
        0,
        1,
        2,
        2,
        1,
        3
      ],
      "uv": [
        10,
        126,
        119,
        126,
        10,
        0,
        119,
        0
      ],
      "nuv": [
        0.08333333333333333,
        0,
        0.9916666666666667,
        0,
        0.08333333333333333,
        0.984375,
        0.9916666666666667,
        0.984375
      ],
      "minPos": {
        "x": -54.5,
        "y": -63,
        "z": 0
      },
      "maxPos": {
        "x": 54.5,
        "y": 63,
        "z": 0
      }
    },
    "texture": "45e71676-1952-47cb-8b70-211a7c418348@6c48a",
    "packable": true,
    "pixelsToUnit": 100,
    "pivot": {
      "x": 0.5,
      "y": 0.5
    },
    "meshType": 0
  }
}