{
  "__type__": "cc.SpriteFrame",
  "content": {
    "name": "2_00006",
    "atlas": "",
    "rect": {
      "x": 3,
      "y": 5,
      "width": 92,
      "height": 108
    },
    "offset": {
      "x": 1.5,
      "y": 3.5
    },
    "originalSize": {
      "width": 95,
      "height": 125
    },
    "rotated": false,
    "capInsets": [
      0,
      0,
      0,
      0
    ],
    "vertices": {
      "rawPosition": [
        -46,
        -54,
        0,
        46,
        -54,
        0,
        -46,
        54,
        0,
        46,
        54,
        0
      ],
      "indexes": [
        0,
        1,
        2,
        2,
        1,
        3
      ],
      "uv": [
        3,
        120,
        95,
        120,
        3,
        12,
        95,
        12
      ],
      "nuv": [
        0.031578947368421054,
        0.096,
        1,
        0.096,
        0.031578947368421054,
        0.96,
        1,
        0.96
      ],
      "minPos": {
        "x": -46,
        "y": -54,
        "z": 0
      },
      "maxPos": {
        "x": 46,
        "y": 54,
        "z": 0
      }
    },
    "texture": "4d7a4522-cdad-4685-8785-8e45b75fc05e@6c48a",
    "packable": true,
    "pixelsToUnit": 100,
    "pivot": {
      "x": 0.5,
      "y": 0.5
    },
    "meshType": 0
  }
}