{
  "__type__": "cc.SpriteFrame",
  "content": {
    "name": "obstacle2_1",
    "atlas": "",
    "rect": {
      "x": 0,
      "y": 1,
      "width": 183,
      "height": 124
    },
    "offset": {
      "x": 0,
      "y": 0
    },
    "originalSize": {
      "width": 183,
      "height": 126
    },
    "rotated": false,
    "capInsets": [
      0,
      0,
      0,
      0
    ],
    "vertices": {
      "rawPosition": [
        -91.5,
        -62,
        0,
        91.5,
        -62,
        0,
        -91.5,
        62,
        0,
        91.5,
        62,
        0
      ],
      "indexes": [
        0,
        1,
        2,
        2,
        1,
        3
      ],
      "uv": [
        0,
        125,
        183,
        125,
        0,
        1,
        183,
        1
      ],
      "nuv": [
        0,
        0.007936507936507936,
        1,
        0.007936507936507936,
        0,
        0.9920634920634921,
        1,
        0.9920634920634921
      ],
      "minPos": {
        "x": -91.5,
        "y": -62,
        "z": 0
      },
      "maxPos": {
        "x": 91.5,
        "y": 62,
        "z": 0
      }
    },
    "texture": "4df8f0ab-8e9d-4f81-8194-6e3a84c17c7e@6c48a",
    "packable": true,
    "pixelsToUnit": 100,
    "pivot": {
      "x": 0.5,
      "y": 0.5
    },
    "meshType": 0
  }
}