{
  "__type__": "cc.SpriteFrame",
  "content": {
    "name": "monster25_12",
    "atlas": "",
    "rect": {
      "x": 3,
      "y": 1,
      "width": 106,
      "height": 99
    },
    "offset": {
      "x": 0,
      "y": 0
    },
    "originalSize": {
      "width": 112,
      "height": 101
    },
    "rotated": false,
    "capInsets": [
      0,
      0,
      0,
      0
    ],
    "vertices": {
      "rawPosition": [
        -53,
        -49.5,
        0,
        53,
        -49.5,
        0,
        -53,
        49.5,
        0,
        53,
        49.5,
        0
      ],
      "indexes": [
        0,
        1,
        2,
        2,
        1,
        3
      ],
      "uv": [
        3,
        100,
        109,
        100,
        3,
        1,
        109,
        1
      ],
      "nuv": [
        0.026785714285714284,
        0.009900990099009901,
        0.9732142857142857,
        0.009900990099009901,
        0.026785714285714284,
        0.9900990099009901,
        0.9732142857142857,
        0.9900990099009901
      ],
      "minPos": {
        "x": -53,
        "y": -49.5,
        "z": 0
      },
      "maxPos": {
        "x": 53,
        "y": 49.5,
        "z": 0
      }
    },
    "texture": "7d224e4e-4c65-478e-93ad-674f4d02b1db@6c48a",
    "packable": true,
    "pixelsToUnit": 100,
    "pivot": {
      "x": 0.5,
      "y": 0.5
    },
    "meshType": 0
  }
}