{
  "__type__": "cc.SpriteFrame",
  "content": {
    "name": "12_00009",
    "atlas": "",
    "rect": {
      "x": 13,
      "y": 4,
      "width": 156,
      "height": 141
    },
    "offset": {
      "x": 1,
      "y": 0.5
    },
    "originalSize": {
      "width": 180,
      "height": 150
    },
    "rotated": false,
    "capInsets": [
      0,
      0,
      0,
      0
    ],
    "vertices": {
      "rawPosition": [
        -78,
        -70.5,
        0,
        78,
        -70.5,
        0,
        -78,
        70.5,
        0,
        78,
        70.5,
        0
      ],
      "indexes": [
        0,
        1,
        2,
        2,
        1,
        3
      ],
      "uv": [
        13,
        146,
        169,
        146,
        13,
        5,
        169,
        5
      ],
      "nuv": [
        0.07222222222222222,
        0.03333333333333333,
        0.9388888888888889,
        0.03333333333333333,
        0.07222222222222222,
        0.9733333333333334,
        0.9388888888888889,
        0.9733333333333334
      ],
      "minPos": {
        "x": -78,
        "y": -70.5,
        "z": 0
      },
      "maxPos": {
        "x": 78,
        "y": 70.5,
        "z": 0
      }
    },
    "texture": "7d2f6c6b-e78e-495d-ae7a-d903aaa20347@6c48a",
    "packable": true,
    "pixelsToUnit": 100,
    "pivot": {
      "x": 0.5,
      "y": 0.5
    },
    "meshType": 0
  }
}