{
  "__type__": "cc.SpriteFrame",
  "content": {
    "name": "thunderFissionBead_00009",
    "atlas": "",
    "rect": {
      "x": 0,
      "y": 31,
      "width": 173,
      "height": 206
    },
    "offset": {
      "x": -24,
      "y": -15.5
    },
    "originalSize": {
      "width": 221,
      "height": 237
    },
    "rotated": false,
    "capInsets": [
      0,
      0,
      0,
      0
    ],
    "vertices": {
      "rawPosition": [
        -86.5,
        -103,
        0,
        86.5,
        -103,
        0,
        -86.5,
        103,
        0,
        86.5,
        103,
        0
      ],
      "indexes": [
        0,
        1,
        2,
        2,
        1,
        3
      ],
      "uv": [
        0,
        206,
        173,
        206,
        0,
        0,
        173,
        0
      ],
      "nuv": [
        0,
        0,
        0.7828054298642534,
        0,
        0,
        0.869198312236287,
        0.7828054298642534,
        0.869198312236287
      ],
      "minPos": {
        "x": -86.5,
        "y": -103,
        "z": 0
      },
      "maxPos": {
        "x": 86.5,
        "y": 103,
        "z": 0
      }
    },
    "texture": "7da29155-2abe-4eed-932b-325fff87fb14@6c48a",
    "packable": true,
    "pixelsToUnit": 100,
    "pivot": {
      "x": 0.5,
      "y": 0.5
    },
    "meshType": 0
  }
}