{
  "__type__": "cc.SpriteFrame",
  "content": {
    "name": "hellFire_008",
    "atlas": "",
    "rect": {
      "x": 14,
      "y": 5,
      "width": 179,
      "height": 288
    },
    "offset": {
      "x": 1.5,
      "y": 5
    },
    "originalSize": {
      "width": 204,
      "height": 308
    },
    "rotated": false,
    "capInsets": [
      0,
      0,
      0,
      0
    ],
    "vertices": {
      "rawPosition": [
        -89.5,
        -144,
        0,
        89.5,
        -144,
        0,
        -89.5,
        144,
        0,
        89.5,
        144,
        0
      ],
      "indexes": [
        0,
        1,
        2,
        2,
        1,
        3
      ],
      "uv": [
        14,
        303,
        193,
        303,
        14,
        15,
        193,
        15
      ],
      "nuv": [
        0.06862745098039216,
        0.048701298701298704,
        0.946078431372549,
        0.048701298701298704,
        0.06862745098039216,
        0.9837662337662337,
        0.946078431372549,
        0.9837662337662337
      ],
      "minPos": {
        "x": -89.5,
        "y": -144,
        "z": 0
      },
      "maxPos": {
        "x": 89.5,
        "y": 144,
        "z": 0
      }
    },
    "texture": "5bc988e1-8c02-4446-9be7-f912ef90f627@6c48a",
    "packable": true,
    "pixelsToUnit": 100,
    "pivot": {
      "x": 0.5,
      "y": 0.5
    },
    "meshType": 0
  }
}