{
  "__type__": "cc.SpriteFrame",
  "content": {
    "name": "run_00005",
    "atlas": "",
    "rect": {
      "x": 6,
      "y": 2,
      "width": 184,
      "height": 145
    },
    "offset": {
      "x": 3,
      "y": 0.5
    },
    "originalSize": {
      "width": 190,
      "height": 150
    },
    "rotated": false,
    "capInsets": [
      0,
      0,
      0,
      0
    ],
    "vertices": {
      "rawPosition": [
        -92,
        -72.5,
        0,
        92,
        -72.5,
        0,
        -92,
        72.5,
        0,
        92,
        72.5,
        0
      ],
      "indexes": [
        0,
        1,
        2,
        2,
        1,
        3
      ],
      "uv": [
        6,
        148,
        190,
        148,
        6,
        3,
        190,
        3
      ],
      "nuv": [
        0.031578947368421054,
        0.02,
        1,
        0.02,
        0.031578947368421054,
        0.9866666666666667,
        1,
        0.9866666666666667
      ],
      "minPos": {
        "x": -92,
        "y": -72.5,
        "z": 0
      },
      "maxPos": {
        "x": 92,
        "y": 72.5,
        "z": 0
      }
    },
    "texture": "267826f6-7e35-45ed-8866-904c4a50695c@6c48a",
    "packable": true,
    "pixelsToUnit": 100,
    "pivot": {
      "x": 0.5,
      "y": 0.5
    },
    "meshType": 0
  }
}