{
  "__type__": "cc.SpriteFrame",
  "content": {
    "name": "21_00004",
    "atlas": "",
    "rect": {
      "x": 20,
      "y": 3,
      "width": 119,
      "height": 143
    },
    "offset": {
      "x": 4.5,
      "y": 0.5
    },
    "originalSize": {
      "width": 150,
      "height": 150
    },
    "rotated": false,
    "capInsets": [
      0,
      0,
      0,
      0
    ],
    "vertices": {
      "rawPosition": [
        -59.5,
        -71.5,
        0,
        59.5,
        -71.5,
        0,
        -59.5,
        71.5,
        0,
        59.5,
        71.5,
        0
      ],
      "indexes": [
        0,
        1,
        2,
        2,
        1,
        3
      ],
      "uv": [
        20,
        147,
        139,
        147,
        20,
        4,
        139,
        4
      ],
      "nuv": [
        0.13333333333333333,
        0.02666666666666667,
        0.9266666666666666,
        0.02666666666666667,
        0.13333333333333333,
        0.98,
        0.9266666666666666,
        0.98
      ],
      "minPos": {
        "x": -59.5,
        "y": -71.5,
        "z": 0
      },
      "maxPos": {
        "x": 59.5,
        "y": 71.5,
        "z": 0
      }
    },
    "texture": "2696b1d5-d903-4d88-9c16-f7920eda6ecb@6c48a",
    "packable": true,
    "pixelsToUnit": 100,
    "pivot": {
      "x": 0.5,
      "y": 0.5
    },
    "meshType": 0
  }
}