{
  "__type__": "cc.SpriteFrame",
  "content": {
    "name": "2_00008",
    "atlas": "",
    "rect": {
      "x": 3,
      "y": 10,
      "width": 91,
      "height": 110
    },
    "offset": {
      "x": 1,
      "y": -2.5
    },
    "originalSize": {
      "width": 95,
      "height": 125
    },
    "rotated": false,
    "capInsets": [
      0,
      0,
      0,
      0
    ],
    "vertices": {
      "rawPosition": [
        -45.5,
        -55,
        0,
        45.5,
        -55,
        0,
        -45.5,
        55,
        0,
        45.5,
        55,
        0
      ],
      "indexes": [
        0,
        1,
        2,
        2,
        1,
        3
      ],
      "uv": [
        3,
        115,
        94,
        115,
        3,
        5,
        94,
        5
      ],
      "nuv": [
        0.031578947368421054,
        0.04,
        0.9894736842105263,
        0.04,
        0.031578947368421054,
        0.92,
        0.9894736842105263,
        0.92
      ],
      "minPos": {
        "x": -45.5,
        "y": -55,
        "z": 0
      },
      "maxPos": {
        "x": 45.5,
        "y": 55,
        "z": 0
      }
    },
    "texture": "47315f4b-f976-4dc4-ae28-498541a7f4eb@6c48a",
    "packable": true,
    "pixelsToUnit": 100,
    "pivot": {
      "x": 0.5,
      "y": 0.5
    },
    "meshType": 0
  }
}