{
  "__type__": "cc.SpriteFrame",
  "content": {
    "name": "6_00000",
    "atlas": "",
    "rect": {
      "x": 14,
      "y": 1,
      "width": 135,
      "height": 132
    },
    "offset": {
      "x": 6.5,
      "y": 0.5
    },
    "originalSize": {
      "width": 150,
      "height": 135
    },
    "rotated": false,
    "capInsets": [
      0,
      0,
      0,
      0
    ],
    "vertices": {
      "rawPosition": [
        -67.5,
        -66,
        0,
        67.5,
        -66,
        0,
        -67.5,
        66,
        0,
        67.5,
        66,
        0
      ],
      "indexes": [
        0,
        1,
        2,
        2,
        1,
        3
      ],
      "uv": [
        14,
        134,
        149,
        134,
        14,
        2,
        149,
        2
      ],
      "nuv": [
        0.09333333333333334,
        0.014814814814814815,
        0.9933333333333333,
        0.014814814814814815,
        0.09333333333333334,
        0.9925925925925926,
        0.9933333333333333,
        0.9925925925925926
      ],
      "minPos": {
        "x": -67.5,
        "y": -66,
        "z": 0
      },
      "maxPos": {
        "x": 67.5,
        "y": 66,
        "z": 0
      }
    },
    "texture": "4749eb2c-9e99-430b-81ee-2af540ec28ea@6c48a",
    "packable": true,
    "pixelsToUnit": 100,
    "pivot": {
      "x": 0.5,
      "y": 0.5
    },
    "meshType": 0
  }
}