{
  "__type__": "cc.SpriteFrame",
  "content": {
    "name": "stove",
    "atlas": "",
    "rect": {
      "x": 4,
      "y": 0,
      "width": 750,
      "height": 564
    },
    "offset": {
      "x": -1,
      "y": 0
    },
    "originalSize": {
      "width": 760,
      "height": 564
    },
    "rotated": false,
    "capInsets": [
      0,
      0,
      0,
      0
    ],
    "vertices": {
      "rawPosition": [
        -375,
        -282,
        0,
        375,
        -282,
        0,
        -375,
        282,
        0,
        375,
        282,
        0
      ],
      "indexes": [
        0,
        1,
        2,
        2,
        1,
        3
      ],
      "uv": [
        4,
        564,
        754,
        564,
        4,
        0,
        754,
        0
      ],
      "nuv": [
        0.005263157894736842,
        0,
        0.9921052631578947,
        0,
        0.005263157894736842,
        1,
        0.9921052631578947,
        1
      ],
      "minPos": {
        "x": -375,
        "y": -282,
        "z": 0
      },
      "maxPos": {
        "x": 375,
        "y": 282,
        "z": 0
      }
    },
    "texture": "47846b43-e378-42a5-b959-f84fd350d190@6c48a",
    "packable": true,
    "pixelsToUnit": 100,
    "pivot": {
      "x": 0.5,
      "y": 0.5
    },
    "meshType": 0
  }
}