{
  "__type__": "cc.SpriteFrame",
  "content": {
    "name": "7_00000",
    "atlas": "",
    "rect": {
      "x": 6,
      "y": 3,
      "width": 139,
      "height": 146
    },
    "offset": {
      "x": 0.5,
      "y": -1
    },
    "originalSize": {
      "width": 150,
      "height": 150
    },
    "rotated": false,
    "capInsets": [
      0,
      0,
      0,
      0
    ],
    "vertices": {
      "rawPosition": [
        -69.5,
        -73,
        0,
        69.5,
        -73,
        0,
        -69.5,
        73,
        0,
        69.5,
        73,
        0
      ],
      "indexes": [
        0,
        1,
        2,
        2,
        1,
        3
      ],
      "uv": [
        6,
        147,
        145,
        147,
        6,
        1,
        145,
        1
      ],
      "nuv": [
        0.04,
        0.006666666666666667,
        0.9666666666666667,
        0.006666666666666667,
        0.04,
        0.98,
        0.9666666666666667,
        0.98
      ],
      "minPos": {
        "x": -69.5,
        "y": -73,
        "z": 0
      },
      "maxPos": {
        "x": 69.5,
        "y": 73,
        "z": 0
      }
    },
    "texture": "47fc4713-2628-4206-9741-3bb7d0827e99@6c48a",
    "packable": true,
    "pixelsToUnit": 100,
    "pivot": {
      "x": 0.5,
      "y": 0.5
    },
    "meshType": 0
  }
}