{
  "__type__": "cc.SpriteFrame",
  "content": {
    "name": "thunderRunning_00011",
    "atlas": "",
    "rect": {
      "x": 0,
      "y": 10,
      "width": 150,
      "height": 230
    },
    "offset": {
      "x": 0,
      "y": -5
    },
    "originalSize": {
      "width": 150,
      "height": 240
    },
    "rotated": false,
    "capInsets": [
      0,
      0,
      0,
      0
    ],
    "vertices": {
      "rawPosition": [
        -75,
        -115,
        0,
        75,
        -115,
        0,
        -75,
        115,
        0,
        75,
        115,
        0
      ],
      "indexes": [
        0,
        1,
        2,
        2,
        1,
        3
      ],
      "uv": [
        0,
        230,
        150,
        230,
        0,
        0,
        150,
        0
      ],
      "nuv": [
        0,
        0,
        1,
        0,
        0,
        0.9583333333333334,
        1,
        0.9583333333333334
      ],
      "minPos": {
        "x": -75,
        "y": -115,
        "z": 0
      },
      "maxPos": {
        "x": 75,
        "y": 115,
        "z": 0
      }
    },
    "texture": "769bb24b-fe98-4b38-9e77-2395065fec56@6c48a",
    "packable": true,
    "pixelsToUnit": 100,
    "pivot": {
      "x": 0.5,
      "y": 0.5
    },
    "meshType": 0
  }
}