{
  "__type__": "cc.SpriteFrame",
  "content": {
    "name": "selectWeaponBg",
    "atlas": "",
    "rect": {
      "x": 0,
      "y": 1,
      "width": 240,
      "height": 419
    },
    "offset": {
      "x": 0,
      "y": -0.5
    },
    "originalSize": {
      "width": 240,
      "height": 420
    },
    "rotated": false,
    "capInsets": [
      0,
      162,
      0,
      129
    ],
    "vertices": {
      "rawPosition": [
        -120,
        -209.5,
        0,
        120,
        -209.5,
        0,
        -120,
        209.5,
        0,
        120,
        209.5,
        0
      ],
      "indexes": [
        0,
        1,
        2,
        2,
        1,
        3
      ],
      "uv": [
        0,
        419,
        240,
        419,
        0,
        0,
        240,
        0
      ],
      "nuv": [
        0,
        0,
        1,
        0,
        0,
        0.9976190476190476,
        1,
        0.9976190476190476
      ],
      "minPos": {
        "x": -120,
        "y": -209.5,
        "z": 0
      },
      "maxPos": {
        "x": 120,
        "y": 209.5,
        "z": 0
      }
    },
    "texture": "ec84d328-5523-45fa-ad23-1b9350f0a59e@6c48a",
    "packable": true,
    "pixelsToUnit": 100,
    "pivot": {
      "x": 0.5,
      "y": 0.5
    },
    "meshType": 0
  }
}