{
  "__type__": "cc.SpriteFrame",
  "content": {
    "name": "todaySignIn",
    "atlas": "",
    "rect": {
      "x": 2,
      "y": 2,
      "width": 170,
      "height": 146
    },
    "offset": {
      "x": 0.5,
      "y": 3.5
    },
    "originalSize": {
      "width": 173,
      "height": 157
    },
    "rotated": false,
    "capInsets": [
      0,
      0,
      0,
      0
    ],
    "vertices": {
      "rawPosition": [
        -85,
        -73,
        0,
        85,
        -73,
        0,
        -85,
        73,
        0,
        85,
        73,
        0
      ],
      "indexes": [
        0,
        1,
        2,
        2,
        1,
        3
      ],
      "uv": [
        2,
        155,
        172,
        155,
        2,
        9,
        172,
        9
      ],
      "nuv": [
        0.011560693641618497,
        0.05732484076433121,
        0.9942196531791907,
        0.05732484076433121,
        0.011560693641618497,
        0.9872611464968153,
        0.9942196531791907,
        0.9872611464968153
      ],
      "minPos": {
        "x": -85,
        "y": -73,
        "z": 0
      },
      "maxPos": {
        "x": 85,
        "y": 73,
        "z": 0
      }
    },
    "texture": "fc1a963d-8b2e-4f4f-9891-0ede00bacd84@6c48a",
    "packable": true,
    "pixelsToUnit": 100,
    "pivot": {
      "x": 0.5,
      "y": 0.5
    },
    "meshType": 0
  }
}