{
  "__type__": "cc.SpriteFrame",
  "content": {
    "name": "monster28_05",
    "atlas": "",
    "rect": {
      "x": 13,
      "y": 6,
      "width": 113,
      "height": 82
    },
    "offset": {
      "x": 5.5,
      "y": 3.5
    },
    "originalSize": {
      "width": 128,
      "height": 101
    },
    "rotated": false,
    "capInsets": [
      0,
      0,
      0,
      0
    ],
    "vertices": {
      "rawPosition": [
        -56.5,
        -41,
        0,
        56.5,
        -41,
        0,
        -56.5,
        41,
        0,
        56.5,
        41,
        0
      ],
      "indexes": [
        0,
        1,
        2,
        2,
        1,
        3
      ],
      "uv": [
        13,
        95,
        126,
        95,
        13,
        13,
        126,
        13
      ],
      "nuv": [
        0.1015625,
        0.12871287128712872,
        0.984375,
        0.12871287128712872,
        0.1015625,
        0.9405940594059405,
        0.984375,
        0.9405940594059405
      ],
      "minPos": {
        "x": -56.5,
        "y": -41,
        "z": 0
      },
      "maxPos": {
        "x": 56.5,
        "y": 41,
        "z": 0
      }
    },
    "texture": "fc32267f-302b-4a44-b971-31cbbd67e8ee@6c48a",
    "packable": true,
    "pixelsToUnit": 100,
    "pivot": {
      "x": 0.5,
      "y": 0.5
    },
    "meshType": 0
  }
}