{
  "__type__": "cc.SpriteFrame",
  "content": {
    "name": "11_00002",
    "atlas": "",
    "rect": {
      "x": 16,
      "y": 5,
      "width": 104,
      "height": 191
    },
    "offset": {
      "x": -2,
      "y": -0.5
    },
    "originalSize": {
      "width": 140,
      "height": 200
    },
    "rotated": false,
    "capInsets": [
      0,
      0,
      0,
      0
    ],
    "vertices": {
      "rawPosition": [
        -52,
        -95.5,
        0,
        52,
        -95.5,
        0,
        -52,
        95.5,
        0,
        52,
        95.5,
        0
      ],
      "indexes": [
        0,
        1,
        2,
        2,
        1,
        3
      ],
      "uv": [
        16,
        195,
        120,
        195,
        16,
        4,
        120,
        4
      ],
      "nuv": [
        0.11428571428571428,
        0.02,
        0.8571428571428571,
        0.02,
        0.11428571428571428,
        0.975,
        0.8571428571428571,
        0.975
      ],
      "minPos": {
        "x": -52,
        "y": -95.5,
        "z": 0
      },
      "maxPos": {
        "x": 52,
        "y": 95.5,
        "z": 0
      }
    },
    "texture": "fc3392f5-e6ef-4ec8-908e-a959d255435e@6c48a",
    "packable": true,
    "pixelsToUnit": 100,
    "pivot": {
      "x": 0.5,
      "y": 0.5
    },
    "meshType": 0
  }
}