{
  "__type__": "cc.SpriteFrame",
  "content": {
    "name": "2_00005",
    "atlas": "",
    "rect": {
      "x": 3,
      "y": 2,
      "width": 90,
      "height": 110
    },
    "offset": {
      "x": 0.5,
      "y": 5.5
    },
    "originalSize": {
      "width": 95,
      "height": 125
    },
    "rotated": false,
    "capInsets": [
      0,
      0,
      0,
      0
    ],
    "vertices": {
      "rawPosition": [
        -45,
        -55,
        0,
        45,
        -55,
        0,
        -45,
        55,
        0,
        45,
        55,
        0
      ],
      "indexes": [
        0,
        1,
        2,
        2,
        1,
        3
      ],
      "uv": [
        3,
        123,
        93,
        123,
        3,
        13,
        93,
        13
      ],
      "nuv": [
        0.031578947368421054,
        0.104,
        0.9789473684210527,
        0.104,
        0.031578947368421054,
        0.984,
        0.9789473684210527,
        0.984
      ],
      "minPos": {
        "x": -45,
        "y": -55,
        "z": 0
      },
      "maxPos": {
        "x": 45,
        "y": 55,
        "z": 0
      }
    },
    "texture": "80d2d37a-e1dc-458c-b55c-143768d136cc@6c48a",
    "packable": true,
    "pixelsToUnit": 100,
    "pivot": {
      "x": 0.5,
      "y": 0.5
    },
    "meshType": 0
  }
}