{
  "__type__": "cc.SpriteFrame",
  "content": {
    "name": "monster24-火_11",
    "atlas": "",
    "rect": {
      "x": 1,
      "y": 26,
      "width": 125,
      "height": 84
    },
    "offset": {
      "x": -0.5,
      "y": -11.5
    },
    "originalSize": {
      "width": 128,
      "height": 113
    },
    "rotated": false,
    "capInsets": [
      0,
      0,
      0,
      0
    ],
    "vertices": {
      "rawPosition": [
        -62.5,
        -42,
        0,
        62.5,
        -42,
        0,
        -62.5,
        42,
        0,
        62.5,
        42,
        0
      ],
      "indexes": [
        0,
        1,
        2,
        2,
        1,
        3
      ],
      "uv": [
        1,
        87,
        126,
        87,
        1,
        3,
        126,
        3
      ],
      "nuv": [
        0.0078125,
        0.02654867256637168,
        0.984375,
        0.02654867256637168,
        0.0078125,
        0.7699115044247787,
        0.984375,
        0.7699115044247787
      ],
      "minPos": {
        "x": -62.5,
        "y": -42,
        "z": 0
      },
      "maxPos": {
        "x": 62.5,
        "y": 42,
        "z": 0
      }
    },
    "texture": "d783b41a-99da-4f7f-b20e-73665686aa57@6c48a",
    "packable": true,
    "pixelsToUnit": 100,
    "pivot": {
      "x": 0.5,
      "y": 0.5
    },
    "meshType": 0
  }
}