{
  "__type__": "cc.SpriteFrame",
  "content": {
    "name": "boss1_01",
    "atlas": "",
    "rect": {
      "x": 24,
      "y": 8,
      "width": 186,
      "height": 184
    },
    "offset": {
      "x": -7,
      "y": -2.5
    },
    "originalSize": {
      "width": 248,
      "height": 195
    },
    "rotated": false,
    "capInsets": [
      0,
      0,
      0,
      0
    ],
    "vertices": {
      "rawPosition": [
        -93,
        -92,
        0,
        93,
        -92,
        0,
        -93,
        92,
        0,
        93,
        92,
        0
      ],
      "indexes": [
        0,
        1,
        2,
        2,
        1,
        3
      ],
      "uv": [
        24,
        187,
        210,
        187,
        24,
        3,
        210,
        3
      ],
      "nuv": [
        0.0967741935483871,
        0.015384615384615385,
        0.8467741935483871,
        0.015384615384615385,
        0.0967741935483871,
        0.958974358974359,
        0.8467741935483871,
        0.958974358974359
      ],
      "minPos": {
        "x": -93,
        "y": -92,
        "z": 0
      },
      "maxPos": {
        "x": 93,
        "y": 92,
        "z": 0
      }
    },
    "texture": "b528ca42-86bb-426e-ad06-adab60a6ace4@6c48a",
    "packable": true,
    "pixelsToUnit": 100,
    "pivot": {
      "x": 0.5,
      "y": 0.5
    },
    "meshType": 0
  }
}