{
  "__type__": "cc.SpriteFrame",
  "content": {
    "name": "4_00006",
    "atlas": "",
    "rect": {
      "x": 11,
      "y": 5,
      "width": 151,
      "height": 123
    },
    "offset": {
      "x": 1.5,
      "y": 3.5
    },
    "originalSize": {
      "width": 170,
      "height": 140
    },
    "rotated": false,
    "capInsets": [
      0,
      0,
      0,
      0
    ],
    "vertices": {
      "rawPosition": [
        -75.5,
        -61.5,
        0,
        75.5,
        -61.5,
        0,
        -75.5,
        61.5,
        0,
        75.5,
        61.5,
        0
      ],
      "indexes": [
        0,
        1,
        2,
        2,
        1,
        3
      ],
      "uv": [
        11,
        135,
        162,
        135,
        11,
        12,
        162,
        12
      ],
      "nuv": [
        0.06470588235294118,
        0.08571428571428572,
        0.9529411764705882,
        0.08571428571428572,
        0.06470588235294118,
        0.9642857142857143,
        0.9529411764705882,
        0.9642857142857143
      ],
      "minPos": {
        "x": -75.5,
        "y": -61.5,
        "z": 0
      },
      "maxPos": {
        "x": 75.5,
        "y": 61.5,
        "z": 0
      }
    },
    "texture": "b57b50e3-ff32-4da2-a823-81bc439f937b@6c48a",
    "packable": true,
    "pixelsToUnit": 100,
    "pivot": {
      "x": 0.5,
      "y": 0.5
    },
    "meshType": 0
  }
}