{
  "__type__": "cc.SpriteFrame",
  "content": {
    "name": "ccc_00000",
    "atlas": "",
    "rect": {
      "x": 7,
      "y": 5,
      "width": 61,
      "height": 110
    },
    "offset": {
      "x": 2.5,
      "y": 0
    },
    "originalSize": {
      "width": 70,
      "height": 120
    },
    "rotated": false,
    "capInsets": [
      0,
      0,
      0,
      0
    ],
    "vertices": {
      "rawPosition": [
        -30.5,
        -55,
        0,
        30.5,
        -55,
        0,
        -30.5,
        55,
        0,
        30.5,
        55,
        0
      ],
      "indexes": [
        0,
        1,
        2,
        2,
        1,
        3
      ],
      "uv": [
        7,
        115,
        68,
        115,
        7,
        5,
        68,
        5
      ],
      "nuv": [
        0.1,
        0.041666666666666664,
        0.9714285714285714,
        0.041666666666666664,
        0.1,
        0.9583333333333334,
        0.9714285714285714,
        0.9583333333333334
      ],
      "minPos": {
        "x": -30.5,
        "y": -55,
        "z": 0
      },
      "maxPos": {
        "x": 30.5,
        "y": 55,
        "z": 0
      }
    },
    "texture": "15350a7b-209d-4f8d-8e32-0e802746d5e4@6c48a",
    "packable": true,
    "pixelsToUnit": 100,
    "pivot": {
      "x": 0.5,
      "y": 0.5
    },
    "meshType": 0
  }
}