{
  "__type__": "cc.SpriteFrame",
  "content": {
    "name": "storageSpace",
    "atlas": "",
    "rect": {
      "x": 58,
      "y": 4,
      "width": 84,
      "height": 52
    },
    "offset": {
      "x": 0,
      "y": 0
    },
    "originalSize": {
      "width": 200,
      "height": 60
    },
    "rotated": false,
    "capInsets": [
      0,
      0,
      0,
      0
    ],
    "vertices": {
      "rawPosition": [
        -42,
        -26,
        0,
        42,
        -26,
        0,
        -42,
        26,
        0,
        42,
        26,
        0
      ],
      "indexes": [
        0,
        1,
        2,
        2,
        1,
        3
      ],
      "uv": [
        58,
        56,
        142,
        56,
        58,
        4,
        142,
        4
      ],
      "nuv": [
        0.29,
        0.06666666666666667,
        0.71,
        0.06666666666666667,
        0.29,
        0.9333333333333333,
        0.71,
        0.9333333333333333
      ],
      "minPos": {
        "x": -42,
        "y": -26,
        "z": 0
      },
      "maxPos": {
        "x": 42,
        "y": 26,
        "z": 0
      }
    },
    "texture": "155e7047-4b96-4e28-96db-d66eed1600a8@6c48a",
    "packable": true,
    "pixelsToUnit": 100,
    "pivot": {
      "x": 0.5,
      "y": 0.5
    },
    "meshType": 0
  }
}