{
  "__type__": "cc.SpriteFrame",
  "content": {
    "name": "2_00001",
    "atlas": "",
    "rect": {
      "x": 3,
      "y": 14,
      "width": 92,
      "height": 108
    },
    "offset": {
      "x": 1.5,
      "y": -5.5
    },
    "originalSize": {
      "width": 95,
      "height": 125
    },
    "rotated": false,
    "capInsets": [
      0,
      0,
      0,
      0
    ],
    "vertices": {
      "rawPosition": [
        -46,
        -54,
        0,
        46,
        -54,
        0,
        -46,
        54,
        0,
        46,
        54,
        0
      ],
      "indexes": [
        0,
        1,
        2,
        2,
        1,
        3
      ],
      "uv": [
        3,
        111,
        95,
        111,
        3,
        3,
        95,
        3
      ],
      "nuv": [
        0.031578947368421054,
        0.024,
        1,
        0.024,
        0.031578947368421054,
        0.888,
        1,
        0.888
      ],
      "minPos": {
        "x": -46,
        "y": -54,
        "z": 0
      },
      "maxPos": {
        "x": 46,
        "y": 54,
        "z": 0
      }
    },
    "texture": "15a5dbc8-b46e-4749-978b-098ff2b31a6f@6c48a",
    "packable": true,
    "pixelsToUnit": 100,
    "pivot": {
      "x": 0.5,
      "y": 0.5
    },
    "meshType": 0
  }
}