{
  "__type__": "cc.SpriteFrame",
  "content": {
    "name": "22_00009",
    "atlas": "",
    "rect": {
      "x": 5,
      "y": 19,
      "width": 161,
      "height": 149
    },
    "offset": {
      "x": -4.5,
      "y": -3.5
    },
    "originalSize": {
      "width": 180,
      "height": 180
    },
    "rotated": false,
    "capInsets": [
      0,
      0,
      0,
      0
    ],
    "vertices": {
      "rawPosition": [
        -80.5,
        -74.5,
        0,
        80.5,
        -74.5,
        0,
        -80.5,
        74.5,
        0,
        80.5,
        74.5,
        0
      ],
      "indexes": [
        0,
        1,
        2,
        2,
        1,
        3
      ],
      "uv": [
        5,
        161,
        166,
        161,
        5,
        12,
        166,
        12
      ],
      "nuv": [
        0.027777777777777776,
        0.06666666666666667,
        0.9222222222222223,
        0.06666666666666667,
        0.027777777777777776,
        0.8944444444444445,
        0.9222222222222223,
        0.8944444444444445
      ],
      "minPos": {
        "x": -80.5,
        "y": -74.5,
        "z": 0
      },
      "maxPos": {
        "x": 80.5,
        "y": 74.5,
        "z": 0
      }
    },
    "texture": "15b21346-d8a9-42ac-9125-d1ea1547b442@6c48a",
    "packable": true,
    "pixelsToUnit": 100,
    "pivot": {
      "x": 0.5,
      "y": 0.5
    },
    "meshType": 0
  }
}