{
  "__type__": "cc.SpriteFrame",
  "content": {
    "name": "monster31_15",
    "atlas": "",
    "rect": {
      "x": 2,
      "y": 2,
      "width": 104,
      "height": 114
    },
    "offset": {
      "x": -0.5,
      "y": 1
    },
    "originalSize": {
      "width": 109,
      "height": 120
    },
    "rotated": false,
    "capInsets": [
      0,
      0,
      0,
      0
    ],
    "vertices": {
      "rawPosition": [
        -52,
        -57,
        0,
        52,
        -57,
        0,
        -52,
        57,
        0,
        52,
        57,
        0
      ],
      "indexes": [
        0,
        1,
        2,
        2,
        1,
        3
      ],
      "uv": [
        2,
        118,
        106,
        118,
        2,
        4,
        106,
        4
      ],
      "nuv": [
        0.01834862385321101,
        0.03333333333333333,
        0.9724770642201835,
        0.03333333333333333,
        0.01834862385321101,
        0.9833333333333333,
        0.9724770642201835,
        0.9833333333333333
      ],
      "minPos": {
        "x": -52,
        "y": -57,
        "z": 0
      },
      "maxPos": {
        "x": 52,
        "y": 57,
        "z": 0
      }
    },
    "texture": "15b632a9-2b56-4df2-b833-b0a126b51487@6c48a",
    "packable": true,
    "pixelsToUnit": 100,
    "pivot": {
      "x": 0.5,
      "y": 0.5
    },
    "meshType": 0
  }
}