{
  "__type__": "cc.SpriteFrame",
  "content": {
    "name": "darkMask_06",
    "atlas": "",
    "rect": {
      "x": 1,
      "y": 3,
      "width": 391,
      "height": 288
    },
    "offset": {
      "x": 0,
      "y": 0.5
    },
    "originalSize": {
      "width": 393,
      "height": 295
    },
    "rotated": false,
    "capInsets": [
      0,
      0,
      0,
      0
    ],
    "vertices": {
      "rawPosition": [
        -195.5,
        -144,
        0,
        195.5,
        -144,
        0,
        -195.5,
        144,
        0,
        195.5,
        144,
        0
      ],
      "indexes": [
        0,
        1,
        2,
        2,
        1,
        3
      ],
      "uv": [
        1,
        292,
        392,
        292,
        1,
        4,
        392,
        4
      ],
      "nuv": [
        0.002544529262086514,
        0.013559322033898305,
        0.9974554707379135,
        0.013559322033898305,
        0.002544529262086514,
        0.9898305084745763,
        0.9974554707379135,
        0.9898305084745763
      ],
      "minPos": {
        "x": -195.5,
        "y": -144,
        "z": 0
      },
      "maxPos": {
        "x": 195.5,
        "y": 144,
        "z": 0
      }
    },
    "texture": "15bc6e02-b012-4c32-802b-92b7bee25fe2@6c48a",
    "packable": true,
    "pixelsToUnit": 100,
    "pivot": {
      "x": 0.5,
      "y": 0.5
    },
    "meshType": 0
  }
}