{
  "__type__": "cc.SpriteFrame",
  "content": {
    "name": "24_00003",
    "atlas": "",
    "rect": {
      "x": 53,
      "y": 5,
      "width": 112,
      "height": 144
    },
    "offset": {
      "x": 14,
      "y": -2
    },
    "originalSize": {
      "width": 190,
      "height": 150
    },
    "rotated": false,
    "capInsets": [
      0,
      0,
      0,
      0
    ],
    "vertices": {
      "rawPosition": [
        -56,
        -72,
        0,
        56,
        -72,
        0,
        -56,
        72,
        0,
        56,
        72,
        0
      ],
      "indexes": [
        0,
        1,
        2,
        2,
        1,
        3
      ],
      "uv": [
        53,
        145,
        165,
        145,
        53,
        1,
        165,
        1
      ],
      "nuv": [
        0.2789473684210526,
        0.006666666666666667,
        0.868421052631579,
        0.006666666666666667,
        0.2789473684210526,
        0.9666666666666667,
        0.868421052631579,
        0.9666666666666667
      ],
      "minPos": {
        "x": -56,
        "y": -72,
        "z": 0
      },
      "maxPos": {
        "x": 56,
        "y": 72,
        "z": 0
      }
    },
    "texture": "15d33141-4c76-497a-a57a-3d21237c45c8@6c48a",
    "packable": true,
    "pixelsToUnit": 100,
    "pivot": {
      "x": 0.5,
      "y": 0.5
    },
    "meshType": 0
  }
}