{
  "__type__": "cc.SpriteFrame",
  "content": {
    "name": "darkMask_07",
    "atlas": "",
    "rect": {
      "x": 1,
      "y": 5,
      "width": 388,
      "height": 275
    },
    "offset": {
      "x": 0,
      "y": 1.5
    },
    "originalSize": {
      "width": 390,
      "height": 288
    },
    "rotated": false,
    "capInsets": [
      0,
      0,
      0,
      0
    ],
    "vertices": {
      "rawPosition": [
        -194,
        -137.5,
        0,
        194,
        -137.5,
        0,
        -194,
        137.5,
        0,
        194,
        137.5,
        0
      ],
      "indexes": [
        0,
        1,
        2,
        2,
        1,
        3
      ],
      "uv": [
        1,
        283,
        389,
        283,
        1,
        8,
        389,
        8
      ],
      "nuv": [
        0.002564102564102564,
        0.027777777777777776,
        0.9974358974358974,
        0.027777777777777776,
        0.002564102564102564,
        0.9826388888888888,
        0.9974358974358974,
        0.9826388888888888
      ],
      "minPos": {
        "x": -194,
        "y": -137.5,
        "z": 0
      },
      "maxPos": {
        "x": 194,
        "y": 137.5,
        "z": 0
      }
    },
    "texture": "fd369afd-8bee-48d1-9b49-a6fcf22759cb@6c48a",
    "packable": true,
    "pixelsToUnit": 100,
    "pivot": {
      "x": 0.5,
      "y": 0.5
    },
    "meshType": 0
  }
}