{
  "__type__": "cc.SpriteFrame",
  "content": {
    "name": "thunderRunning_00001",
    "atlas": "",
    "rect": {
      "x": 0,
      "y": 11,
      "width": 150,
      "height": 229
    },
    "offset": {
      "x": 0,
      "y": -5.5
    },
    "originalSize": {
      "width": 150,
      "height": 240
    },
    "rotated": false,
    "capInsets": [
      0,
      0,
      0,
      0
    ],
    "vertices": {
      "rawPosition": [
        -75,
        -114.5,
        0,
        75,
        -114.5,
        0,
        -75,
        114.5,
        0,
        75,
        114.5,
        0
      ],
      "indexes": [
        0,
        1,
        2,
        2,
        1,
        3
      ],
      "uv": [
        0,
        229,
        150,
        229,
        0,
        0,
        150,
        0
      ],
      "nuv": [
        0,
        0,
        1,
        0,
        0,
        0.9541666666666667,
        1,
        0.9541666666666667
      ],
      "minPos": {
        "x": -75,
        "y": -114.5,
        "z": 0
      },
      "maxPos": {
        "x": 75,
        "y": 114.5,
        "z": 0
      }
    },
    "texture": "fd3993a4-91a5-4d5e-b392-362391bc8379@6c48a",
    "packable": true,
    "pixelsToUnit": 100,
    "pivot": {
      "x": 0.5,
      "y": 0.5
    },
    "meshType": 0
  }
}