{
  "__type__": "cc.SpriteFrame",
  "content": {
    "name": "boss2_17",
    "atlas": "",
    "rect": {
      "x": 6,
      "y": 1,
      "width": 218,
      "height": 199
    },
    "offset": {
      "x": -8,
      "y": 0.5
    },
    "originalSize": {
      "width": 246,
      "height": 202
    },
    "rotated": false,
    "capInsets": [
      0,
      0,
      0,
      0
    ],
    "vertices": {
      "rawPosition": [
        -109,
        -99.5,
        0,
        109,
        -99.5,
        0,
        -109,
        99.5,
        0,
        109,
        99.5,
        0
      ],
      "indexes": [
        0,
        1,
        2,
        2,
        1,
        3
      ],
      "uv": [
        6,
        201,
        224,
        201,
        6,
        2,
        224,
        2
      ],
      "nuv": [
        0.024390243902439025,
        0.009900990099009901,
        0.9105691056910569,
        0.009900990099009901,
        0.024390243902439025,
        0.995049504950495,
        0.9105691056910569,
        0.995049504950495
      ],
      "minPos": {
        "x": -109,
        "y": -99.5,
        "z": 0
      },
      "maxPos": {
        "x": 109,
        "y": 99.5,
        "z": 0
      }
    },
    "texture": "fd66763d-b68d-4811-a328-27e5038f3bdc@6c48a",
    "packable": true,
    "pixelsToUnit": 100,
    "pivot": {
      "x": 0.5,
      "y": 0.5
    },
    "meshType": 0
  }
}