{
  "__type__": "cc.SpriteFrame",
  "content": {
    "name": "run_00000",
    "atlas": "",
    "rect": {
      "x": 7,
      "y": 9,
      "width": 175,
      "height": 141
    },
    "offset": {
      "x": -0.5,
      "y": -4.5
    },
    "originalSize": {
      "width": 190,
      "height": 150
    },
    "rotated": false,
    "capInsets": [
      0,
      0,
      0,
      0
    ],
    "vertices": {
      "rawPosition": [
        -87.5,
        -70.5,
        0,
        87.5,
        -70.5,
        0,
        -87.5,
        70.5,
        0,
        87.5,
        70.5,
        0
      ],
      "indexes": [
        0,
        1,
        2,
        2,
        1,
        3
      ],
      "uv": [
        7,
        141,
        182,
        141,
        7,
        0,
        182,
        0
      ],
      "nuv": [
        0.03684210526315789,
        0,
        0.9578947368421052,
        0,
        0.03684210526315789,
        0.94,
        0.9578947368421052,
        0.94
      ],
      "minPos": {
        "x": -87.5,
        "y": -70.5,
        "z": 0
      },
      "maxPos": {
        "x": 87.5,
        "y": 70.5,
        "z": 0
      }
    },
    "texture": "fd7b0d97-1bc7-4366-9002-965286696645@6c48a",
    "packable": true,
    "pixelsToUnit": 100,
    "pivot": {
      "x": 0.5,
      "y": 0.5
    },
    "meshType": 0
  }
}