{
  "__type__": "cc.SpriteFrame",
  "content": {
    "name": "monster14_10",
    "atlas": "",
    "rect": {
      "x": 1,
      "y": 43,
      "width": 126,
      "height": 78
    },
    "offset": {
      "x": 0,
      "y": -19
    },
    "originalSize": {
      "width": 128,
      "height": 126
    },
    "rotated": false,
    "capInsets": [
      0,
      0,
      0,
      0
    ],
    "vertices": {
      "rawPosition": [
        -63,
        -39,
        0,
        63,
        -39,
        0,
        -63,
        39,
        0,
        63,
        39,
        0
      ],
      "indexes": [
        0,
        1,
        2,
        2,
        1,
        3
      ],
      "uv": [
        1,
        83,
        127,
        83,
        1,
        5,
        127,
        5
      ],
      "nuv": [
        0.0078125,
        0.03968253968253968,
        0.9921875,
        0.03968253968253968,
        0.0078125,
        0.6587301587301587,
        0.9921875,
        0.6587301587301587
      ],
      "minPos": {
        "x": -63,
        "y": -39,
        "z": 0
      },
      "maxPos": {
        "x": 63,
        "y": 39,
        "z": 0
      }
    },
    "texture": "fd9c8265-3936-44cb-a6ce-6bac67426066@6c48a",
    "packable": true,
    "pixelsToUnit": 100,
    "pivot": {
      "x": 0.5,
      "y": 0.5
    },
    "meshType": 0
  }
}