{
  "__type__": "cc.SpriteFrame",
  "content": {
    "name": "ddd_00004",
    "atlas": "",
    "rect": {
      "x": 9,
      "y": 3,
      "width": 58,
      "height": 97
    },
    "offset": {
      "x": 3,
      "y": -1.5
    },
    "originalSize": {
      "width": 70,
      "height": 100
    },
    "rotated": false,
    "capInsets": [
      0,
      0,
      0,
      0
    ],
    "vertices": {
      "rawPosition": [
        -29,
        -48.5,
        0,
        29,
        -48.5,
        0,
        -29,
        48.5,
        0,
        29,
        48.5,
        0
      ],
      "indexes": [
        0,
        1,
        2,
        2,
        1,
        3
      ],
      "uv": [
        9,
        97,
        67,
        97,
        9,
        0,
        67,
        0
      ],
      "nuv": [
        0.12857142857142856,
        0,
        0.9571428571428572,
        0,
        0.12857142857142856,
        0.97,
        0.9571428571428572,
        0.97
      ],
      "minPos": {
        "x": -29,
        "y": -48.5,
        "z": 0
      },
      "maxPos": {
        "x": 29,
        "y": 48.5,
        "z": 0
      }
    },
    "texture": "fda5d18a-cb41-421f-8ef5-3f4670543743@6c48a",
    "packable": true,
    "pixelsToUnit": 100,
    "pivot": {
      "x": 0.5,
      "y": 0.5
    },
    "meshType": 0
  }
}