{
  "__type__": "cc.SpriteFrame",
  "content": {
    "name": "10_00006",
    "atlas": "",
    "rect": {
      "x": 17,
      "y": 5,
      "width": 153,
      "height": 112
    },
    "offset": {
      "x": 3.5,
      "y": 4
    },
    "originalSize": {
      "width": 180,
      "height": 130
    },
    "rotated": false,
    "capInsets": [
      0,
      0,
      0,
      0
    ],
    "vertices": {
      "rawPosition": [
        -76.5,
        -56,
        0,
        76.5,
        -56,
        0,
        -76.5,
        56,
        0,
        76.5,
        56,
        0
      ],
      "indexes": [
        0,
        1,
        2,
        2,
        1,
        3
      ],
      "uv": [
        17,
        125,
        170,
        125,
        17,
        13,
        170,
        13
      ],
      "nuv": [
        0.09444444444444444,
        0.1,
        0.9444444444444444,
        0.1,
        0.09444444444444444,
        0.9615384615384616,
        0.9444444444444444,
        0.9615384615384616
      ],
      "minPos": {
        "x": -76.5,
        "y": -56,
        "z": 0
      },
      "maxPos": {
        "x": 76.5,
        "y": 56,
        "z": 0
      }
    },
    "texture": "3beb8ce1-cc83-45f8-8aec-a20dc2b56403@6c48a",
    "packable": true,
    "pixelsToUnit": 100,
    "pivot": {
      "x": 0.5,
      "y": 0.5
    },
    "meshType": 0
  }
}