{
  "__type__": "cc.SpriteFrame",
  "content": {
    "name": "monster19_15",
    "atlas": "",
    "rect": {
      "x": 2,
      "y": 5,
      "width": 213,
      "height": 127
    },
    "offset": {
      "x": 0.5,
      "y": -1
    },
    "originalSize": {
      "width": 216,
      "height": 135
    },
    "rotated": false,
    "capInsets": [
      0,
      0,
      0,
      0
    ],
    "vertices": {
      "rawPosition": [
        -106.5,
        -63.5,
        0,
        106.5,
        -63.5,
        0,
        -106.5,
        63.5,
        0,
        106.5,
        63.5,
        0
      ],
      "indexes": [
        0,
        1,
        2,
        2,
        1,
        3
      ],
      "uv": [
        2,
        130,
        215,
        130,
        2,
        3,
        215,
        3
      ],
      "nuv": [
        0.009259259259259259,
        0.022222222222222223,
        0.9953703703703703,
        0.022222222222222223,
        0.009259259259259259,
        0.9629629629629629,
        0.9953703703703703,
        0.9629629629629629
      ],
      "minPos": {
        "x": -106.5,
        "y": -63.5,
        "z": 0
      },
      "maxPos": {
        "x": 106.5,
        "y": 63.5,
        "z": 0
      }
    },
    "texture": "1a1eabf0-56e1-4ab5-a603-67d5d9d768b2@6c48a",
    "packable": true,
    "pixelsToUnit": 100,
    "pivot": {
      "x": 0.5,
      "y": 0.5
    },
    "meshType": 0
  }
}