{
  "__type__": "cc.SpriteFrame",
  "content": {
    "name": "hellFire_002",
    "atlas": "",
    "rect": {
      "x": 9,
      "y": 34,
      "width": 190,
      "height": 272
    },
    "offset": {
      "x": 2,
      "y": -16
    },
    "originalSize": {
      "width": 204,
      "height": 308
    },
    "rotated": false,
    "capInsets": [
      0,
      0,
      0,
      0
    ],
    "vertices": {
      "rawPosition": [
        -95,
        -136,
        0,
        95,
        -136,
        0,
        -95,
        136,
        0,
        95,
        136,
        0
      ],
      "indexes": [
        0,
        1,
        2,
        2,
        1,
        3
      ],
      "uv": [
        9,
        274,
        199,
        274,
        9,
        2,
        199,
        2
      ],
      "nuv": [
        0.04411764705882353,
        0.006493506493506494,
        0.9754901960784313,
        0.006493506493506494,
        0.04411764705882353,
        0.8896103896103896,
        0.9754901960784313,
        0.8896103896103896
      ],
      "minPos": {
        "x": -95,
        "y": -136,
        "z": 0
      },
      "maxPos": {
        "x": 95,
        "y": 136,
        "z": 0
      }
    },
    "texture": "e0018e81-1806-4849-acc1-85b4f577dbe7@6c48a",
    "packable": true,
    "pixelsToUnit": 100,
    "pivot": {
      "x": 0.5,
      "y": 0.5
    },
    "meshType": 0
  }
}