{
  "__type__": "cc.SpriteFrame",
  "content": {
    "name": "hellFire_0010",
    "atlas": "",
    "rect": {
      "x": 17,
      "y": 7,
      "width": 172,
      "height": 278
    },
    "offset": {
      "x": 1,
      "y": 8
    },
    "originalSize": {
      "width": 204,
      "height": 308
    },
    "rotated": false,
    "capInsets": [
      0,
      0,
      0,
      0
    ],
    "vertices": {
      "rawPosition": [
        -86,
        -139,
        0,
        86,
        -139,
        0,
        -86,
        139,
        0,
        86,
        139,
        0
      ],
      "indexes": [
        0,
        1,
        2,
        2,
        1,
        3
      ],
      "uv": [
        17,
        301,
        189,
        301,
        17,
        23,
        189,
        23
      ],
      "nuv": [
        0.08333333333333333,
        0.07467532467532467,
        0.9264705882352942,
        0.07467532467532467,
        0.08333333333333333,
        0.9772727272727273,
        0.9264705882352942,
        0.9772727272727273
      ],
      "minPos": {
        "x": -86,
        "y": -139,
        "z": 0
      },
      "maxPos": {
        "x": 86,
        "y": 139,
        "z": 0
      }
    },
    "texture": "116ed714-6337-49a4-8978-eb6f19c876ad@6c48a",
    "packable": true,
    "pixelsToUnit": 100,
    "pivot": {
      "x": 0.5,
      "y": 0.5
    },
    "meshType": 0
  }
}