{
  "__type__": "cc.SpriteFrame",
  "content": {
    "name": "ccc_00003",
    "atlas": "",
    "rect": {
      "x": 7,
      "y": 3,
      "width": 61,
      "height": 114
    },
    "offset": {
      "x": 2.5,
      "y": 0
    },
    "originalSize": {
      "width": 70,
      "height": 120
    },
    "rotated": false,
    "capInsets": [
      0,
      0,
      0,
      0
    ],
    "vertices": {
      "rawPosition": [
        -30.5,
        -57,
        0,
        30.5,
        -57,
        0,
        -30.5,
        57,
        0,
        30.5,
        57,
        0
      ],
      "indexes": [
        0,
        1,
        2,
        2,
        1,
        3
      ],
      "uv": [
        7,
        117,
        68,
        117,
        7,
        3,
        68,
        3
      ],
      "nuv": [
        0.1,
        0.025,
        0.9714285714285714,
        0.025,
        0.1,
        0.975,
        0.9714285714285714,
        0.975
      ],
      "minPos": {
        "x": -30.5,
        "y": -57,
        "z": 0
      },
      "maxPos": {
        "x": 30.5,
        "y": 57,
        "z": 0
      }
    },
    "texture": "368abc5c-971c-4a1e-9b46-9b3aa927b3fa@6c48a",
    "packable": true,
    "pixelsToUnit": 100,
    "pivot": {
      "x": 0.5,
      "y": 0.5
    },
    "meshType": 0
  }
}