{
  "__type__": "cc.SpriteFrame",
  "content": {
    "name": "darkMask_013",
    "atlas": "",
    "rect": {
      "x": 3,
      "y": 4,
      "width": 299,
      "height": 252
    },
    "offset": {
      "x": 0,
      "y": 4.5
    },
    "originalSize": {
      "width": 305,
      "height": 269
    },
    "rotated": false,
    "capInsets": [
      0,
      0,
      0,
      0
    ],
    "vertices": {
      "rawPosition": [
        -149.5,
        -126,
        0,
        149.5,
        -126,
        0,
        -149.5,
        126,
        0,
        149.5,
        126,
        0
      ],
      "indexes": [
        0,
        1,
        2,
        2,
        1,
        3
      ],
      "uv": [
        3,
        265,
        302,
        265,
        3,
        13,
        302,
        13
      ],
      "nuv": [
        0.009836065573770493,
        0.048327137546468404,
        0.9901639344262295,
        0.048327137546468404,
        0.009836065573770493,
        0.9851301115241635,
        0.9901639344262295,
        0.9851301115241635
      ],
      "minPos": {
        "x": -149.5,
        "y": -126,
        "z": 0
      },
      "maxPos": {
        "x": 149.5,
        "y": 126,
        "z": 0
      }
    },
    "texture": "dcc25101-ccc7-42b9-a437-784b053133c8@6c48a",
    "packable": true,
    "pixelsToUnit": 100,
    "pivot": {
      "x": 0.5,
      "y": 0.5
    },
    "meshType": 0
  }
}