{
  "__type__": "cc.SpriteFrame",
  "content": {
    "name": "thunder_0004",
    "atlas": "",
    "rect": {
      "x": 15,
      "y": 0,
      "width": 34,
      "height": 240
    },
    "offset": {
      "x": 3.5,
      "y": 0
    },
    "originalSize": {
      "width": 57,
      "height": 240
    },
    "rotated": false,
    "capInsets": [
      0,
      0,
      0,
      0
    ],
    "vertices": {
      "rawPosition": [
        -17,
        -120,
        0,
        17,
        -120,
        0,
        -17,
        120,
        0,
        17,
        120,
        0
      ],
      "indexes": [
        0,
        1,
        2,
        2,
        1,
        3
      ],
      "uv": [
        15,
        240,
        49,
        240,
        15,
        0,
        49,
        0
      ],
      "nuv": [
        0.2631578947368421,
        0,
        0.8596491228070176,
        0,
        0.2631578947368421,
        1,
        0.8596491228070176,
        1
      ],
      "minPos": {
        "x": -17,
        "y": -120,
        "z": 0
      },
      "maxPos": {
        "x": 17,
        "y": 120,
        "z": 0
      }
    },
    "texture": "2c315149-e400-4d21-9a6e-4dc31f873d78@6c48a",
    "packable": true,
    "pixelsToUnit": 100,
    "pivot": {
      "x": 0.5,
      "y": 0.5
    },
    "meshType": 0
  }
}