{
  "__type__": "cc.SpriteFrame",
  "content": {
    "name": "monster28_09",
    "atlas": "",
    "rect": {
      "x": 13,
      "y": 11,
      "width": 114,
      "height": 84
    },
    "offset": {
      "x": 6,
      "y": -2.5
    },
    "originalSize": {
      "width": 128,
      "height": 101
    },
    "rotated": false,
    "capInsets": [
      0,
      0,
      0,
      0
    ],
    "vertices": {
      "rawPosition": [
        -57,
        -42,
        0,
        57,
        -42,
        0,
        -57,
        42,
        0,
        57,
        42,
        0
      ],
      "indexes": [
        0,
        1,
        2,
        2,
        1,
        3
      ],
      "uv": [
        13,
        90,
        127,
        90,
        13,
        6,
        127,
        6
      ],
      "nuv": [
        0.1015625,
        0.0594059405940594,
        0.9921875,
        0.0594059405940594,
        0.1015625,
        0.8910891089108911,
        0.9921875,
        0.8910891089108911
      ],
      "minPos": {
        "x": -57,
        "y": -42,
        "z": 0
      },
      "maxPos": {
        "x": 57,
        "y": 42,
        "z": 0
      }
    },
    "texture": "2c38f569-2441-4fad-a57d-5639775f8d31@6c48a",
    "packable": true,
    "pixelsToUnit": 100,
    "pivot": {
      "x": 0.5,
      "y": 0.5
    },
    "meshType": 0
  }
}