{
  "__type__": "cc.SpriteFrame",
  "content": {
    "name": "hellFire_0011",
    "atlas": "",
    "rect": {
      "x": 25,
      "y": 18,
      "width": 157,
      "height": 262
    },
    "offset": {
      "x": 1.5,
      "y": 5
    },
    "originalSize": {
      "width": 204,
      "height": 308
    },
    "rotated": false,
    "capInsets": [
      0,
      0,
      0,
      0
    ],
    "vertices": {
      "rawPosition": [
        -78.5,
        -131,
        0,
        78.5,
        -131,
        0,
        -78.5,
        131,
        0,
        78.5,
        131,
        0
      ],
      "indexes": [
        0,
        1,
        2,
        2,
        1,
        3
      ],
      "uv": [
        25,
        290,
        182,
        290,
        25,
        28,
        182,
        28
      ],
      "nuv": [
        0.12254901960784313,
        0.09090909090909091,
        0.8921568627450981,
        0.09090909090909091,
        0.12254901960784313,
        0.9415584415584416,
        0.8921568627450981,
        0.9415584415584416
      ],
      "minPos": {
        "x": -78.5,
        "y": -131,
        "z": 0
      },
      "maxPos": {
        "x": 78.5,
        "y": 131,
        "z": 0
      }
    },
    "texture": "2c8a0418-7d88-49a3-80c8-b95f52f722fc@6c48a",
    "packable": true,
    "pixelsToUnit": 100,
    "pivot": {
      "x": 0.5,
      "y": 0.5
    },
    "meshType": 0
  }
}