{
  "__type__": "cc.SpriteFrame",
  "content": {
    "name": "8_00005",
    "atlas": "",
    "rect": {
      "x": 19,
      "y": 6,
      "width": 172,
      "height": 142
    },
    "offset": {
      "x": 5,
      "y": -2
    },
    "originalSize": {
      "width": 200,
      "height": 150
    },
    "rotated": false,
    "capInsets": [
      0,
      0,
      0,
      0
    ],
    "vertices": {
      "rawPosition": [
        -86,
        -71,
        0,
        86,
        -71,
        0,
        -86,
        71,
        0,
        86,
        71,
        0
      ],
      "indexes": [
        0,
        1,
        2,
        2,
        1,
        3
      ],
      "uv": [
        19,
        144,
        191,
        144,
        19,
        2,
        191,
        2
      ],
      "nuv": [
        0.095,
        0.013333333333333334,
        0.955,
        0.013333333333333334,
        0.095,
        0.96,
        0.955,
        0.96
      ],
      "minPos": {
        "x": -86,
        "y": -71,
        "z": 0
      },
      "maxPos": {
        "x": 86,
        "y": 71,
        "z": 0
      }
    },
    "texture": "2ca7e456-12dc-4556-b403-49badf442fb1@6c48a",
    "packable": true,
    "pixelsToUnit": 100,
    "pivot": {
      "x": 0.5,
      "y": 0.5
    },
    "meshType": 0
  }
}