{
  "__type__": "cc.SpriteFrame",
  "content": {
    "name": "12_00004",
    "atlas": "",
    "rect": {
      "x": 14,
      "y": 5,
      "width": 153,
      "height": 143
    },
    "offset": {
      "x": 0.5,
      "y": -1.5
    },
    "originalSize": {
      "width": 180,
      "height": 150
    },
    "rotated": false,
    "capInsets": [
      0,
      0,
      0,
      0
    ],
    "vertices": {
      "rawPosition": [
        -76.5,
        -71.5,
        0,
        76.5,
        -71.5,
        0,
        -76.5,
        71.5,
        0,
        76.5,
        71.5,
        0
      ],
      "indexes": [
        0,
        1,
        2,
        2,
        1,
        3
      ],
      "uv": [
        14,
        145,
        167,
        145,
        14,
        2,
        167,
        2
      ],
      "nuv": [
        0.07777777777777778,
        0.013333333333333334,
        0.9277777777777778,
        0.013333333333333334,
        0.07777777777777778,
        0.9666666666666667,
        0.9277777777777778,
        0.9666666666666667
      ],
      "minPos": {
        "x": -76.5,
        "y": -71.5,
        "z": 0
      },
      "maxPos": {
        "x": 76.5,
        "y": 71.5,
        "z": 0
      }
    },
    "texture": "5fb55fd8-7e5a-4594-b0fa-214cf57955f1@6c48a",
    "packable": true,
    "pixelsToUnit": 100,
    "pivot": {
      "x": 0.5,
      "y": 0.5
    },
    "meshType": 0
  }
}