{
  "__type__": "cc.SpriteFrame",
  "content": {
    "name": "14_00002",
    "atlas": "",
    "rect": {
      "x": 13,
      "y": 9,
      "width": 122,
      "height": 144
    },
    "offset": {
      "x": -1,
      "y": -1
    },
    "originalSize": {
      "width": 150,
      "height": 160
    },
    "rotated": false,
    "capInsets": [
      0,
      0,
      0,
      0
    ],
    "vertices": {
      "rawPosition": [
        -61,
        -72,
        0,
        61,
        -72,
        0,
        -61,
        72,
        0,
        61,
        72,
        0
      ],
      "indexes": [
        0,
        1,
        2,
        2,
        1,
        3
      ],
      "uv": [
        13,
        151,
        135,
        151,
        13,
        7,
        135,
        7
      ],
      "nuv": [
        0.08666666666666667,
        0.04375,
        0.9,
        0.04375,
        0.08666666666666667,
        0.94375,
        0.9,
        0.94375
      ],
      "minPos": {
        "x": -61,
        "y": -72,
        "z": 0
      },
      "maxPos": {
        "x": 61,
        "y": 72,
        "z": 0
      }
    },
    "texture": "970748a4-b8e5-440b-aaa1-3dccb20f0d7a@6c48a",
    "packable": true,
    "pixelsToUnit": 100,
    "pivot": {
      "x": 0.5,
      "y": 0.5
    },
    "meshType": 0
  }
}