{
  "__type__": "cc.SpriteFrame",
  "content": {
    "name": "guideFinger",
    "atlas": "",
    "rect": {
      "x": 9,
      "y": 0,
      "width": 140,
      "height": 130
    },
    "offset": {
      "x": 4,
      "y": 0.5
    },
    "originalSize": {
      "width": 150,
      "height": 131
    },
    "rotated": false,
    "capInsets": [
      0,
      0,
      0,
      0
    ],
    "vertices": {
      "rawPosition": [
        -70,
        -65,
        0,
        70,
        -65,
        0,
        -70,
        65,
        0,
        70,
        65,
        0
      ],
      "indexes": [
        0,
        1,
        2,
        2,
        1,
        3
      ],
      "uv": [
        9,
        131,
        149,
        131,
        9,
        1,
        149,
        1
      ],
      "nuv": [
        0.06,
        0.007633587786259542,
        0.9933333333333333,
        0.007633587786259542,
        0.06,
        1,
        0.9933333333333333,
        1
      ],
      "minPos": {
        "x": -70,
        "y": -65,
        "z": 0
      },
      "maxPos": {
        "x": 70,
        "y": 65,
        "z": 0
      }
    },
    "texture": "970948dc-6971-4c5e-917a-659017be5a88@6c48a",
    "packable": true,
    "pixelsToUnit": 100,
    "pivot": {
      "x": 0.5,
      "y": 0.5
    },
    "meshType": 0
  }
}