{
  "__type__": "cc.SpriteFrame",
  "content": {
    "name": "monster33_18",
    "atlas": "",
    "rect": {
      "x": 11,
      "y": 3,
      "width": 107,
      "height": 123
    },
    "offset": {
      "x": 4.5,
      "y": -0.5
    },
    "originalSize": {
      "width": 120,
      "height": 128
    },
    "rotated": false,
    "capInsets": [
      0,
      0,
      0,
      0
    ],
    "vertices": {
      "rawPosition": [
        -53.5,
        -61.5,
        0,
        53.5,
        -61.5,
        0,
        -53.5,
        61.5,
        0,
        53.5,
        61.5,
        0
      ],
      "indexes": [
        0,
        1,
        2,
        2,
        1,
        3
      ],
      "uv": [
        11,
        125,
        118,
        125,
        11,
        2,
        118,
        2
      ],
      "nuv": [
        0.09166666666666666,
        0.015625,
        0.9833333333333333,
        0.015625,
        0.09166666666666666,
        0.9765625,
        0.9833333333333333,
        0.9765625
      ],
      "minPos": {
        "x": -53.5,
        "y": -61.5,
        "z": 0
      },
      "maxPos": {
        "x": 53.5,
        "y": 61.5,
        "z": 0
      }
    },
    "texture": "97165841-d309-4672-8e46-f1258620e73c@6c48a",
    "packable": true,
    "pixelsToUnit": 100,
    "pivot": {
      "x": 0.5,
      "y": 0.5
    },
    "meshType": 0
  }
}