{
  "__type__": "cc.SpriteFrame",
  "content": {
    "name": "monster31_14",
    "atlas": "",
    "rect": {
      "x": 3,
      "y": 2,
      "width": 104,
      "height": 115
    },
    "offset": {
      "x": 0.5,
      "y": 0.5
    },
    "originalSize": {
      "width": 109,
      "height": 120
    },
    "rotated": false,
    "capInsets": [
      0,
      0,
      0,
      0
    ],
    "vertices": {
      "rawPosition": [
        -52,
        -57.5,
        0,
        52,
        -57.5,
        0,
        -52,
        57.5,
        0,
        52,
        57.5,
        0
      ],
      "indexes": [
        0,
        1,
        2,
        2,
        1,
        3
      ],
      "uv": [
        3,
        118,
        107,
        118,
        3,
        3,
        107,
        3
      ],
      "nuv": [
        0.027522935779816515,
        0.025,
        0.981651376146789,
        0.025,
        0.027522935779816515,
        0.9833333333333333,
        0.981651376146789,
        0.9833333333333333
      ],
      "minPos": {
        "x": -52,
        "y": -57.5,
        "z": 0
      },
      "maxPos": {
        "x": 52,
        "y": 57.5,
        "z": 0
      }
    },
    "texture": "978e85f4-380b-48c3-a86f-eca00e449b67@6c48a",
    "packable": true,
    "pixelsToUnit": 100,
    "pivot": {
      "x": 0.5,
      "y": 0.5
    },
    "meshType": 0
  }
}