{
  "__type__": "cc.SpriteFrame",
  "content": {
    "name": "monster19_00",
    "atlas": "",
    "rect": {
      "x": 1,
      "y": 1,
      "width": 209,
      "height": 131
    },
    "offset": {
      "x": -2.5,
      "y": 1
    },
    "originalSize": {
      "width": 216,
      "height": 135
    },
    "rotated": false,
    "capInsets": [
      0,
      0,
      0,
      0
    ],
    "vertices": {
      "rawPosition": [
        -104.5,
        -65.5,
        0,
        104.5,
        -65.5,
        0,
        -104.5,
        65.5,
        0,
        104.5,
        65.5,
        0
      ],
      "indexes": [
        0,
        1,
        2,
        2,
        1,
        3
      ],
      "uv": [
        1,
        134,
        210,
        134,
        1,
        3,
        210,
        3
      ],
      "nuv": [
        0.004629629629629629,
        0.022222222222222223,
        0.9722222222222222,
        0.022222222222222223,
        0.004629629629629629,
        0.9925925925925926,
        0.9722222222222222,
        0.9925925925925926
      ],
      "minPos": {
        "x": -104.5,
        "y": -65.5,
        "z": 0
      },
      "maxPos": {
        "x": 104.5,
        "y": 65.5,
        "z": 0
      }
    },
    "texture": "97b4a3be-8f1e-4c90-afff-80913faf5d07@6c48a",
    "packable": true,
    "pixelsToUnit": 100,
    "pivot": {
      "x": 0.5,
      "y": 0.5
    },
    "meshType": 0
  }
}