{
  "__type__": "cc.SpriteFrame",
  "content": {
    "name": "monster30_07",
    "atlas": "",
    "rect": {
      "x": 21,
      "y": 103,
      "width": 213,
      "height": 83
    },
    "offset": {
      "x": 1.5,
      "y": -34.5
    },
    "originalSize": {
      "width": 252,
      "height": 220
    },
    "rotated": false,
    "capInsets": [
      0,
      0,
      0,
      0
    ],
    "vertices": {
      "rawPosition": [
        -106.5,
        -41.5,
        0,
        106.5,
        -41.5,
        0,
        -106.5,
        41.5,
        0,
        106.5,
        41.5,
        0
      ],
      "indexes": [
        0,
        1,
        2,
        2,
        1,
        3
      ],
      "uv": [
        21,
        117,
        234,
        117,
        21,
        34,
        234,
        34
      ],
      "nuv": [
        0.08333333333333333,
        0.15454545454545454,
        0.9285714285714286,
        0.15454545454545454,
        0.08333333333333333,
        0.5318181818181819,
        0.9285714285714286,
        0.5318181818181819
      ],
      "minPos": {
        "x": -106.5,
        "y": -41.5,
        "z": 0
      },
      "maxPos": {
        "x": 106.5,
        "y": 41.5,
        "z": 0
      }
    },
    "texture": "97c25fab-75b5-43ac-912a-b78f72c0cf36@6c48a",
    "packable": true,
    "pixelsToUnit": 100,
    "pivot": {
      "x": 0.5,
      "y": 0.5
    },
    "meshType": 0
  }
}