{
  "__type__": "cc.SpriteFrame",
  "content": {
    "name": "4_00000",
    "atlas": "",
    "rect": {
      "x": 10,
      "y": 14,
      "width": 157,
      "height": 124
    },
    "offset": {
      "x": 3.5,
      "y": -6
    },
    "originalSize": {
      "width": 170,
      "height": 140
    },
    "rotated": false,
    "capInsets": [
      0,
      0,
      0,
      0
    ],
    "vertices": {
      "rawPosition": [
        -78.5,
        -62,
        0,
        78.5,
        -62,
        0,
        -78.5,
        62,
        0,
        78.5,
        62,
        0
      ],
      "indexes": [
        0,
        1,
        2,
        2,
        1,
        3
      ],
      "uv": [
        10,
        126,
        167,
        126,
        10,
        2,
        167,
        2
      ],
      "nuv": [
        0.058823529411764705,
        0.014285714285714285,
        0.9823529411764705,
        0.014285714285714285,
        0.058823529411764705,
        0.9,
        0.9823529411764705,
        0.9
      ],
      "minPos": {
        "x": -78.5,
        "y": -62,
        "z": 0
      },
      "maxPos": {
        "x": 78.5,
        "y": 62,
        "z": 0
      }
    },
    "texture": "1805bf46-06a7-4a55-abb3-5c20db2598c9@6c48a",
    "packable": true,
    "pixelsToUnit": 100,
    "pivot": {
      "x": 0.5,
      "y": 0.5
    },
    "meshType": 0
  }
}