{
  "__type__": "cc.SpriteFrame",
  "content": {
    "name": "doomsdayStorm_00002",
    "atlas": "",
    "rect": {
      "x": 11,
      "y": 3,
      "width": 130,
      "height": 103
    },
    "offset": {
      "x": 1,
      "y": -1
    },
    "originalSize": {
      "width": 150,
      "height": 107
    },
    "rotated": false,
    "capInsets": [
      0,
      0,
      0,
      0
    ],
    "vertices": {
      "rawPosition": [
        -65,
        -51.5,
        0,
        65,
        -51.5,
        0,
        -65,
        51.5,
        0,
        65,
        51.5,
        0
      ],
      "indexes": [
        0,
        1,
        2,
        2,
        1,
        3
      ],
      "uv": [
        11,
        104,
        141,
        104,
        11,
        1,
        141,
        1
      ],
      "nuv": [
        0.07333333333333333,
        0.009345794392523364,
        0.94,
        0.009345794392523364,
        0.07333333333333333,
        0.9719626168224299,
        0.94,
        0.9719626168224299
      ],
      "minPos": {
        "x": -65,
        "y": -51.5,
        "z": 0
      },
      "maxPos": {
        "x": 65,
        "y": 51.5,
        "z": 0
      }
    },
    "texture": "1864b362-4c08-43d7-b53d-effb17e11ea3@6c48a",
    "packable": true,
    "pixelsToUnit": 100,
    "pivot": {
      "x": 0.5,
      "y": 0.5
    },
    "meshType": 0
  }
}