{
  "__type__": "cc.SpriteFrame",
  "content": {
    "name": "19_00000",
    "atlas": "",
    "rect": {
      "x": 0,
      "y": 7,
      "width": 113,
      "height": 141
    },
    "offset": {
      "x": -3.5,
      "y": -2.5
    },
    "originalSize": {
      "width": 120,
      "height": 150
    },
    "rotated": false,
    "capInsets": [
      0,
      0,
      0,
      0
    ],
    "vertices": {
      "rawPosition": [
        -56.5,
        -70.5,
        0,
        56.5,
        -70.5,
        0,
        -56.5,
        70.5,
        0,
        56.5,
        70.5,
        0
      ],
      "indexes": [
        0,
        1,
        2,
        2,
        1,
        3
      ],
      "uv": [
        0,
        143,
        113,
        143,
        0,
        2,
        113,
        2
      ],
      "nuv": [
        0,
        0.013333333333333334,
        0.9416666666666667,
        0.013333333333333334,
        0,
        0.9533333333333334,
        0.9416666666666667,
        0.9533333333333334
      ],
      "minPos": {
        "x": -56.5,
        "y": -70.5,
        "z": 0
      },
      "maxPos": {
        "x": 56.5,
        "y": 70.5,
        "z": 0
      }
    },
    "texture": "426413e0-ec97-49f7-8d76-638bc387b256@6c48a",
    "packable": true,
    "pixelsToUnit": 100,
    "pivot": {
      "x": 0.5,
      "y": 0.5
    },
    "meshType": 0
  }
}