{
  "__type__": "cc.SpriteFrame",
  "content": {
    "name": "ccc_00004",
    "atlas": "",
    "rect": {
      "x": 7,
      "y": 4,
      "width": 60,
      "height": 112
    },
    "offset": {
      "x": 2,
      "y": 0
    },
    "originalSize": {
      "width": 70,
      "height": 120
    },
    "rotated": false,
    "capInsets": [
      0,
      0,
      0,
      0
    ],
    "vertices": {
      "rawPosition": [
        -30,
        -56,
        0,
        30,
        -56,
        0,
        -30,
        56,
        0,
        30,
        56,
        0
      ],
      "indexes": [
        0,
        1,
        2,
        2,
        1,
        3
      ],
      "uv": [
        7,
        116,
        67,
        116,
        7,
        4,
        67,
        4
      ],
      "nuv": [
        0.1,
        0.03333333333333333,
        0.9571428571428572,
        0.03333333333333333,
        0.1,
        0.9666666666666667,
        0.9571428571428572,
        0.9666666666666667
      ],
      "minPos": {
        "x": -30,
        "y": -56,
        "z": 0
      },
      "maxPos": {
        "x": 30,
        "y": 56,
        "z": 0
      }
    },
    "texture": "42a1ba8b-a053-4893-bfbb-39cf7a2af32d@6c48a",
    "packable": true,
    "pixelsToUnit": 100,
    "pivot": {
      "x": 0.5,
      "y": 0.5
    },
    "meshType": 0
  }
}