{
  "__type__": "cc.SpriteFrame",
  "content": {
    "name": "gameName",
    "atlas": "",
    "rect": {
      "x": 1,
      "y": 1,
      "width": 261,
      "height": 698
    },
    "offset": {
      "x": 0,
      "y": 0
    },
    "originalSize": {
      "width": 263,
      "height": 700
    },
    "rotated": false,
    "capInsets": [
      0,
      0,
      0,
      0
    ],
    "vertices": {
      "rawPosition": [
        -130.5,
        -349,
        0,
        130.5,
        -349,
        0,
        -130.5,
        349,
        0,
        130.5,
        349,
        0
      ],
      "indexes": [
        0,
        1,
        2,
        2,
        1,
        3
      ],
      "uv": [
        1,
        699,
        262,
        699,
        1,
        1,
        262,
        1
      ],
      "nuv": [
        0.0038022813688212928,
        0.0014285714285714286,
        0.9961977186311787,
        0.0014285714285714286,
        0.0038022813688212928,
        0.9985714285714286,
        0.9961977186311787,
        0.9985714285714286
      ],
      "minPos": {
        "x": -130.5,
        "y": -349,
        "z": 0
      },
      "maxPos": {
        "x": 130.5,
        "y": 349,
        "z": 0
      }
    },
    "texture": "25bfd57c-4987-43c5-babd-449542e9cc0e@6c48a",
    "packable": true,
    "pixelsToUnit": 100,
    "pivot": {
      "x": 0.5,
      "y": 0.5
    },
    "meshType": 0
  }
}