{
  "__type__": "cc.SpriteFrame",
  "content": {
    "name": "monster19_13",
    "atlas": "",
    "rect": {
      "x": 3,
      "y": 8,
      "width": 212,
      "height": 125
    },
    "offset": {
      "x": 1,
      "y": -3
    },
    "originalSize": {
      "width": 216,
      "height": 135
    },
    "rotated": false,
    "capInsets": [
      0,
      0,
      0,
      0
    ],
    "vertices": {
      "rawPosition": [
        -106,
        -62.5,
        0,
        106,
        -62.5,
        0,
        -106,
        62.5,
        0,
        106,
        62.5,
        0
      ],
      "indexes": [
        0,
        1,
        2,
        2,
        1,
        3
      ],
      "uv": [
        3,
        127,
        215,
        127,
        3,
        2,
        215,
        2
      ],
      "nuv": [
        0.013888888888888888,
        0.014814814814814815,
        0.9953703703703703,
        0.014814814814814815,
        0.013888888888888888,
        0.9407407407407408,
        0.9953703703703703,
        0.9407407407407408
      ],
      "minPos": {
        "x": -106,
        "y": -62.5,
        "z": 0
      },
      "maxPos": {
        "x": 106,
        "y": 62.5,
        "z": 0
      }
    },
    "texture": "aa2daf46-2460-477b-8eaf-c866d0a2b160@6c48a",
    "packable": true,
    "pixelsToUnit": 100,
    "pivot": {
      "x": 0.5,
      "y": 0.5
    },
    "meshType": 0
  }
}