{
  "__type__": "cc.SpriteFrame",
  "content": {
    "name": "monster14_09",
    "atlas": "",
    "rect": {
      "x": 19,
      "y": 21,
      "width": 92,
      "height": 101
    },
    "offset": {
      "x": 1,
      "y": -8.5
    },
    "originalSize": {
      "width": 128,
      "height": 126
    },
    "rotated": false,
    "capInsets": [
      0,
      0,
      0,
      0
    ],
    "vertices": {
      "rawPosition": [
        -46,
        -50.5,
        0,
        46,
        -50.5,
        0,
        -46,
        50.5,
        0,
        46,
        50.5,
        0
      ],
      "indexes": [
        0,
        1,
        2,
        2,
        1,
        3
      ],
      "uv": [
        19,
        105,
        111,
        105,
        19,
        4,
        111,
        4
      ],
      "nuv": [
        0.1484375,
        0.031746031746031744,
        0.8671875,
        0.031746031746031744,
        0.1484375,
        0.8333333333333334,
        0.8671875,
        0.8333333333333334
      ],
      "minPos": {
        "x": -46,
        "y": -50.5,
        "z": 0
      },
      "maxPos": {
        "x": 46,
        "y": 50.5,
        "z": 0
      }
    },
    "texture": "aa99ece3-18c5-46e2-9201-a2f3be672bc3@6c48a",
    "packable": true,
    "pixelsToUnit": 100,
    "pivot": {
      "x": 0.5,
      "y": 0.5
    },
    "meshType": 0
  }
}