{
  "__type__": "cc.SpriteFrame",
  "content": {
    "name": "12_00002",
    "atlas": "",
    "rect": {
      "x": 13,
      "y": 5,
      "width": 155,
      "height": 141
    },
    "offset": {
      "x": 0.5,
      "y": -0.5
    },
    "originalSize": {
      "width": 180,
      "height": 150
    },
    "rotated": false,
    "capInsets": [
      0,
      0,
      0,
      0
    ],
    "vertices": {
      "rawPosition": [
        -77.5,
        -70.5,
        0,
        77.5,
        -70.5,
        0,
        -77.5,
        70.5,
        0,
        77.5,
        70.5,
        0
      ],
      "indexes": [
        0,
        1,
        2,
        2,
        1,
        3
      ],
      "uv": [
        13,
        145,
        168,
        145,
        13,
        4,
        168,
        4
      ],
      "nuv": [
        0.07222222222222222,
        0.02666666666666667,
        0.9333333333333333,
        0.02666666666666667,
        0.07222222222222222,
        0.9666666666666667,
        0.9333333333333333,
        0.9666666666666667
      ],
      "minPos": {
        "x": -77.5,
        "y": -70.5,
        "z": 0
      },
      "maxPos": {
        "x": 77.5,
        "y": 70.5,
        "z": 0
      }
    },
    "texture": "2012a915-8758-4674-aa04-4f5fb95b5240@6c48a",
    "packable": true,
    "pixelsToUnit": 100,
    "pivot": {
      "x": 0.5,
      "y": 0.5
    },
    "meshType": 0
  }
}