{
  "__type__": "cc.SpriteFrame",
  "content": {
    "name": "12_00003",
    "atlas": "",
    "rect": {
      "x": 13,
      "y": 5,
      "width": 155,
      "height": 142
    },
    "offset": {
      "x": 0.5,
      "y": -1
    },
    "originalSize": {
      "width": 180,
      "height": 150
    },
    "rotated": false,
    "capInsets": [
      0,
      0,
      0,
      0
    ],
    "vertices": {
      "rawPosition": [
        -77.5,
        -71,
        0,
        77.5,
        -71,
        0,
        -77.5,
        71,
        0,
        77.5,
        71,
        0
      ],
      "indexes": [
        0,
        1,
        2,
        2,
        1,
        3
      ],
      "uv": [
        13,
        145,
        168,
        145,
        13,
        3,
        168,
        3
      ],
      "nuv": [
        0.07222222222222222,
        0.02,
        0.9333333333333333,
        0.02,
        0.07222222222222222,
        0.9666666666666667,
        0.9333333333333333,
        0.9666666666666667
      ],
      "minPos": {
        "x": -77.5,
        "y": -71,
        "z": 0
      },
      "maxPos": {
        "x": 77.5,
        "y": 71,
        "z": 0
      }
    },
    "texture": "203cce30-6370-46d9-86ac-9f740ecb7111@6c48a",
    "packable": true,
    "pixelsToUnit": 100,
    "pivot": {
      "x": 0.5,
      "y": 0.5
    },
    "meshType": 0
  }
}