{
  "__type__": "cc.SpriteFrame",
  "content": {
    "name": "21_00009",
    "atlas": "",
    "rect": {
      "x": 20,
      "y": 1,
      "width": 112,
      "height": 145
    },
    "offset": {
      "x": 1,
      "y": 1.5
    },
    "originalSize": {
      "width": 150,
      "height": 150
    },
    "rotated": false,
    "capInsets": [
      0,
      0,
      0,
      0
    ],
    "vertices": {
      "rawPosition": [
        -56,
        -72.5,
        0,
        56,
        -72.5,
        0,
        -56,
        72.5,
        0,
        56,
        72.5,
        0
      ],
      "indexes": [
        0,
        1,
        2,
        2,
        1,
        3
      ],
      "uv": [
        20,
        149,
        132,
        149,
        20,
        4,
        132,
        4
      ],
      "nuv": [
        0.13333333333333333,
        0.02666666666666667,
        0.88,
        0.02666666666666667,
        0.13333333333333333,
        0.9933333333333333,
        0.88,
        0.9933333333333333
      ],
      "minPos": {
        "x": -56,
        "y": -72.5,
        "z": 0
      },
      "maxPos": {
        "x": 56,
        "y": 72.5,
        "z": 0
      }
    },
    "texture": "206b04ef-99a2-4b8c-b0d8-195b658f966e@6c48a",
    "packable": true,
    "pixelsToUnit": 100,
    "pivot": {
      "x": 0.5,
      "y": 0.5
    },
    "meshType": 0
  }
}