{
  "__type__": "cc.SpriteFrame",
  "content": {
    "name": "6_00009",
    "atlas": "",
    "rect": {
      "x": 12,
      "y": 1,
      "width": 136,
      "height": 131
    },
    "offset": {
      "x": 5,
      "y": 1
    },
    "originalSize": {
      "width": 150,
      "height": 135
    },
    "rotated": false,
    "capInsets": [
      0,
      0,
      0,
      0
    ],
    "vertices": {
      "rawPosition": [
        -68,
        -65.5,
        0,
        68,
        -65.5,
        0,
        -68,
        65.5,
        0,
        68,
        65.5,
        0
      ],
      "indexes": [
        0,
        1,
        2,
        2,
        1,
        3
      ],
      "uv": [
        12,
        134,
        148,
        134,
        12,
        3,
        148,
        3
      ],
      "nuv": [
        0.08,
        0.022222222222222223,
        0.9866666666666667,
        0.022222222222222223,
        0.08,
        0.9925925925925926,
        0.9866666666666667,
        0.9925925925925926
      ],
      "minPos": {
        "x": -68,
        "y": -65.5,
        "z": 0
      },
      "maxPos": {
        "x": 68,
        "y": 65.5,
        "z": 0
      }
    },
    "texture": "206df4de-1de3-4491-aeb1-9f18758f85b2@6c48a",
    "packable": true,
    "pixelsToUnit": 100,
    "pivot": {
      "x": 0.5,
      "y": 0.5
    },
    "meshType": 0
  }
}