{
  "__type__": "cc.SpriteFrame",
  "content": {
    "name": "monster28_10",
    "atlas": "",
    "rect": {
      "x": 5,
      "y": 13,
      "width": 123,
      "height": 84
    },
    "offset": {
      "x": 2.5,
      "y": -4.5
    },
    "originalSize": {
      "width": 128,
      "height": 101
    },
    "rotated": false,
    "capInsets": [
      0,
      0,
      0,
      0
    ],
    "vertices": {
      "rawPosition": [
        -61.5,
        -42,
        0,
        61.5,
        -42,
        0,
        -61.5,
        42,
        0,
        61.5,
        42,
        0
      ],
      "indexes": [
        0,
        1,
        2,
        2,
        1,
        3
      ],
      "uv": [
        5,
        88,
        128,
        88,
        5,
        4,
        128,
        4
      ],
      "nuv": [
        0.0390625,
        0.039603960396039604,
        1,
        0.039603960396039604,
        0.0390625,
        0.8712871287128713,
        1,
        0.8712871287128713
      ],
      "minPos": {
        "x": -61.5,
        "y": -42,
        "z": 0
      },
      "maxPos": {
        "x": 61.5,
        "y": 42,
        "z": 0
      }
    },
    "texture": "751a6645-93f8-4df4-a6cd-b656919a453b@6c48a",
    "packable": true,
    "pixelsToUnit": 100,
    "pivot": {
      "x": 0.5,
      "y": 0.5
    },
    "meshType": 0
  }
}