{
  "__type__": "cc.SpriteFrame",
  "content": {
    "name": "monster30_06",
    "atlas": "",
    "rect": {
      "x": 15,
      "y": 100,
      "width": 222,
      "height": 87
    },
    "offset": {
      "x": 0,
      "y": -33.5
    },
    "originalSize": {
      "width": 252,
      "height": 220
    },
    "rotated": false,
    "capInsets": [
      0,
      0,
      0,
      0
    ],
    "vertices": {
      "rawPosition": [
        -111,
        -43.5,
        0,
        111,
        -43.5,
        0,
        -111,
        43.5,
        0,
        111,
        43.5,
        0
      ],
      "indexes": [
        0,
        1,
        2,
        2,
        1,
        3
      ],
      "uv": [
        15,
        120,
        237,
        120,
        15,
        33,
        237,
        33
      ],
      "nuv": [
        0.05952380952380952,
        0.15,
        0.9404761904761905,
        0.15,
        0.05952380952380952,
        0.5454545454545454,
        0.9404761904761905,
        0.5454545454545454
      ],
      "minPos": {
        "x": -111,
        "y": -43.5,
        "z": 0
      },
      "maxPos": {
        "x": 111,
        "y": 43.5,
        "z": 0
      }
    },
    "texture": "296d46bc-72bb-454f-a929-71c5064a99a5@6c48a",
    "packable": true,
    "pixelsToUnit": 100,
    "pivot": {
      "x": 0.5,
      "y": 0.5
    },
    "meshType": 0
  }
}