{
  "__type__": "cc.SpriteFrame",
  "content": {
    "name": "sunHeart_005",
    "atlas": "",
    "rect": {
      "x": 4,
      "y": 4,
      "width": 64,
      "height": 67
    },
    "offset": {
      "x": 0,
      "y": 0
    },
    "originalSize": {
      "width": 72,
      "height": 75
    },
    "rotated": false,
    "capInsets": [
      0,
      0,
      0,
      0
    ],
    "vertices": {
      "rawPosition": [
        -32,
        -33.5,
        0,
        32,
        -33.5,
        0,
        -32,
        33.5,
        0,
        32,
        33.5,
        0
      ],
      "indexes": [
        0,
        1,
        2,
        2,
        1,
        3
      ],
      "uv": [
        4,
        71,
        68,
        71,
        4,
        4,
        68,
        4
      ],
      "nuv": [
        0.05555555555555555,
        0.05333333333333334,
        0.9444444444444444,
        0.05333333333333334,
        0.05555555555555555,
        0.9466666666666667,
        0.9444444444444444,
        0.9466666666666667
      ],
      "minPos": {
        "x": -32,
        "y": -33.5,
        "z": 0
      },
      "maxPos": {
        "x": 32,
        "y": 33.5,
        "z": 0
      }
    },
    "texture": "298e7958-3975-4baa-9b94-23400c63341a@6c48a",
    "packable": true,
    "pixelsToUnit": 100,
    "pivot": {
      "x": 0.5,
      "y": 0.5
    },
    "meshType": 0
  }
}