{
  "__type__": "cc.SpriteFrame",
  "content": {
    "name": "monster15_09",
    "atlas": "",
    "rect": {
      "x": 0,
      "y": 6,
      "width": 72,
      "height": 117
    },
    "offset": {
      "x": -0.5,
      "y": -2
    },
    "originalSize": {
      "width": 73,
      "height": 125
    },
    "rotated": false,
    "capInsets": [
      0,
      0,
      0,
      0
    ],
    "vertices": {
      "rawPosition": [
        -36,
        -58.5,
        0,
        36,
        -58.5,
        0,
        -36,
        58.5,
        0,
        36,
        58.5,
        0
      ],
      "indexes": [
        0,
        1,
        2,
        2,
        1,
        3
      ],
      "uv": [
        0,
        119,
        72,
        119,
        0,
        2,
        72,
        2
      ],
      "nuv": [
        0,
        0.016,
        0.9863013698630136,
        0.016,
        0,
        0.952,
        0.9863013698630136,
        0.952
      ],
      "minPos": {
        "x": -36,
        "y": -58.5,
        "z": 0
      },
      "maxPos": {
        "x": 36,
        "y": 58.5,
        "z": 0
      }
    },
    "texture": "29b54761-4ec4-4d52-b065-ec7c8a70b66f@6c48a",
    "packable": true,
    "pixelsToUnit": 100,
    "pivot": {
      "x": 0.5,
      "y": 0.5
    },
    "meshType": 0
  }
}