{
  "__type__": "cc.SpriteFrame",
  "content": {
    "name": "boss1_00",
    "atlas": "",
    "rect": {
      "x": 22,
      "y": 6,
      "width": 187,
      "height": 186
    },
    "offset": {
      "x": -8.5,
      "y": -1.5
    },
    "originalSize": {
      "width": 248,
      "height": 195
    },
    "rotated": false,
    "capInsets": [
      0,
      0,
      0,
      0
    ],
    "vertices": {
      "rawPosition": [
        -93.5,
        -93,
        0,
        93.5,
        -93,
        0,
        -93.5,
        93,
        0,
        93.5,
        93,
        0
      ],
      "indexes": [
        0,
        1,
        2,
        2,
        1,
        3
      ],
      "uv": [
        22,
        189,
        209,
        189,
        22,
        3,
        209,
        3
      ],
      "nuv": [
        0.08870967741935484,
        0.015384615384615385,
        0.842741935483871,
        0.015384615384615385,
        0.08870967741935484,
        0.9692307692307692,
        0.842741935483871,
        0.9692307692307692
      ],
      "minPos": {
        "x": -93.5,
        "y": -93,
        "z": 0
      },
      "maxPos": {
        "x": 93.5,
        "y": 93,
        "z": 0
      }
    },
    "texture": "84c994cb-d84b-403b-aa8e-b9fc9231241a@6c48a",
    "packable": true,
    "pixelsToUnit": 100,
    "pivot": {
      "x": 0.5,
      "y": 0.5
    },
    "meshType": 0
  }
}