{
  "__type__": "cc.SpriteFrame",
  "content": {
    "name": "jinyuandan",
    "atlas": "",
    "rect": {
      "x": 13,
      "y": 12,
      "width": 128,
      "height": 127
    },
    "offset": {
      "x": 2,
      "y": -0.5
    },
    "originalSize": {
      "width": 150,
      "height": 150
    },
    "rotated": false,
    "capInsets": [
      0,
      0,
      0,
      0
    ],
    "vertices": {
      "rawPosition": [
        -64,
        -63.5,
        0,
        64,
        -63.5,
        0,
        -64,
        63.5,
        0,
        64,
        63.5,
        0
      ],
      "indexes": [
        0,
        1,
        2,
        2,
        1,
        3
      ],
      "uv": [
        13,
        138,
        141,
        138,
        13,
        11,
        141,
        11
      ],
      "nuv": [
        0.08666666666666667,
        0.07333333333333333,
        0.94,
        0.07333333333333333,
        0.08666666666666667,
        0.92,
        0.94,
        0.92
      ],
      "minPos": {
        "x": -64,
        "y": -63.5,
        "z": 0
      },
      "maxPos": {
        "x": 64,
        "y": 63.5,
        "z": 0
      }
    },
    "texture": "9d58ef10-a1e1-431b-83e7-3caa993a8662@6c48a",
    "packable": true,
    "pixelsToUnit": 100,
    "pivot": {
      "x": 0.5,
      "y": 0.5
    },
    "meshType": 0
  }
}