{
  "__type__": "cc.SpriteFrame",
  "content": {
    "name": "monster15_06",
    "atlas": "",
    "rect": {
      "x": 0,
      "y": 3,
      "width": 72,
      "height": 120
    },
    "offset": {
      "x": -0.5,
      "y": -0.5
    },
    "originalSize": {
      "width": 73,
      "height": 125
    },
    "rotated": false,
    "capInsets": [
      0,
      0,
      0,
      0
    ],
    "vertices": {
      "rawPosition": [
        -36,
        -60,
        0,
        36,
        -60,
        0,
        -36,
        60,
        0,
        36,
        60,
        0
      ],
      "indexes": [
        0,
        1,
        2,
        2,
        1,
        3
      ],
      "uv": [
        0,
        122,
        72,
        122,
        0,
        2,
        72,
        2
      ],
      "nuv": [
        0,
        0.016,
        0.9863013698630136,
        0.016,
        0,
        0.976,
        0.9863013698630136,
        0.976
      ],
      "minPos": {
        "x": -36,
        "y": -60,
        "z": 0
      },
      "maxPos": {
        "x": 36,
        "y": 60,
        "z": 0
      }
    },
    "texture": "9dbcb8ca-ffd5-4578-ac4a-a059b0809f59@6c48a",
    "packable": true,
    "pixelsToUnit": 100,
    "pivot": {
      "x": 0.5,
      "y": 0.5
    },
    "meshType": 0
  }
}