{
  "__type__": "cc.SpriteFrame",
  "content": {
    "name": "expProgress",
    "atlas": "",
    "rect": {
      "x": 2,
      "y": 1,
      "width": 349,
      "height": 16
    },
    "offset": {
      "x": 0.5,
      "y": 0.5
    },
    "originalSize": {
      "width": 352,
      "height": 19
    },
    "rotated": false,
    "capInsets": [
      0,
      0,
      0,
      0
    ],
    "vertices": {
      "rawPosition": [
        -174.5,
        -8,
        0,
        174.5,
        -8,
        0,
        -174.5,
        8,
        0,
        174.5,
        8,
        0
      ],
      "indexes": [
        0,
        1,
        2,
        2,
        1,
        3
      ],
      "uv": [
        2,
        18,
        351,
        18,
        2,
        2,
        351,
        2
      ],
      "nuv": [
        0.005681818181818182,
        0.10526315789473684,
        0.9971590909090909,
        0.10526315789473684,
        0.005681818181818182,
        0.9473684210526315,
        0.9971590909090909,
        0.9473684210526315
      ],
      "minPos": {
        "x": -174.5,
        "y": -8,
        "z": 0
      },
      "maxPos": {
        "x": 174.5,
        "y": 8,
        "z": 0
      }
    },
    "texture": "9de1f563-140c-4d97-997e-45973dcadd89@6c48a",
    "packable": true,
    "pixelsToUnit": 100,
    "pivot": {
      "x": 0.5,
      "y": 0.5
    },
    "meshType": 0
  }
}