{
  "__type__": "cc.SpriteFrame",
  "content": {
    "name": "boss1_05",
    "atlas": "",
    "rect": {
      "x": 33,
      "y": 14,
      "width": 193,
      "height": 178
    },
    "offset": {
      "x": 5.5,
      "y": -5.5
    },
    "originalSize": {
      "width": 248,
      "height": 195
    },
    "rotated": false,
    "capInsets": [
      0,
      0,
      0,
      0
    ],
    "vertices": {
      "rawPosition": [
        -96.5,
        -89,
        0,
        96.5,
        -89,
        0,
        -96.5,
        89,
        0,
        96.5,
        89,
        0
      ],
      "indexes": [
        0,
        1,
        2,
        2,
        1,
        3
      ],
      "uv": [
        33,
        181,
        226,
        181,
        33,
        3,
        226,
        3
      ],
      "nuv": [
        0.13306451612903225,
        0.015384615384615385,
        0.9112903225806451,
        0.015384615384615385,
        0.13306451612903225,
        0.9282051282051282,
        0.9112903225806451,
        0.9282051282051282
      ],
      "minPos": {
        "x": -96.5,
        "y": -89,
        "z": 0
      },
      "maxPos": {
        "x": 96.5,
        "y": 89,
        "z": 0
      }
    },
    "texture": "db5fd95a-6780-4924-a089-391cd50ffad6@6c48a",
    "packable": true,
    "pixelsToUnit": 100,
    "pivot": {
      "x": 0.5,
      "y": 0.5
    },
    "meshType": 0
  }
}