{
  "__type__": "cc.SpriteFrame",
  "content": {
    "name": "12_00007",
    "atlas": "",
    "rect": {
      "x": 14,
      "y": 5,
      "width": 154,
      "height": 143
    },
    "offset": {
      "x": 1,
      "y": -1.5
    },
    "originalSize": {
      "width": 180,
      "height": 150
    },
    "rotated": false,
    "capInsets": [
      0,
      0,
      0,
      0
    ],
    "vertices": {
      "rawPosition": [
        -77,
        -71.5,
        0,
        77,
        -71.5,
        0,
        -77,
        71.5,
        0,
        77,
        71.5,
        0
      ],
      "indexes": [
        0,
        1,
        2,
        2,
        1,
        3
      ],
      "uv": [
        14,
        145,
        168,
        145,
        14,
        2,
        168,
        2
      ],
      "nuv": [
        0.07777777777777778,
        0.013333333333333334,
        0.9333333333333333,
        0.013333333333333334,
        0.07777777777777778,
        0.9666666666666667,
        0.9333333333333333,
        0.9666666666666667
      ],
      "minPos": {
        "x": -77,
        "y": -71.5,
        "z": 0
      },
      "maxPos": {
        "x": 77,
        "y": 71.5,
        "z": 0
      }
    },
    "texture": "dbe75cde-5c99-42a2-ba0e-55fa2e0b40f4@6c48a",
    "packable": true,
    "pixelsToUnit": 100,
    "pivot": {
      "x": 0.5,
      "y": 0.5
    },
    "meshType": 0
  }
}