{
  "__type__": "cc.SpriteFrame",
  "content": {
    "name": "5_00000",
    "atlas": "",
    "rect": {
      "x": 0,
      "y": 16,
      "width": 139,
      "height": 134
    },
    "offset": {
      "x": -5.5,
      "y": -8
    },
    "originalSize": {
      "width": 150,
      "height": 150
    },
    "rotated": false,
    "capInsets": [
      0,
      0,
      0,
      0
    ],
    "vertices": {
      "rawPosition": [
        -69.5,
        -67,
        0,
        69.5,
        -67,
        0,
        -69.5,
        67,
        0,
        69.5,
        67,
        0
      ],
      "indexes": [
        0,
        1,
        2,
        2,
        1,
        3
      ],
      "uv": [
        0,
        134,
        139,
        134,
        0,
        0,
        139,
        0
      ],
      "nuv": [
        0,
        0,
        0.9266666666666666,
        0,
        0,
        0.8933333333333333,
        0.9266666666666666,
        0.8933333333333333
      ],
      "minPos": {
        "x": -69.5,
        "y": -67,
        "z": 0
      },
      "maxPos": {
        "x": 69.5,
        "y": 67,
        "z": 0
      }
    },
    "texture": "c5484ff4-17e0-49e0-9154-acb4d70fa2eb@6c48a",
    "packable": true,
    "pixelsToUnit": 100,
    "pivot": {
      "x": 0.5,
      "y": 0.5
    },
    "meshType": 0
  }
}