{
  "__type__": "cc.SpriteFrame",
  "content": {
    "name": "20_00000",
    "atlas": "",
    "rect": {
      "x": 5,
      "y": 24,
      "width": 61,
      "height": 81
    },
    "offset": {
      "x": 0.5,
      "y": -4.5
    },
    "originalSize": {
      "width": 70,
      "height": 120
    },
    "rotated": false,
    "capInsets": [
      0,
      0,
      0,
      0
    ],
    "vertices": {
      "rawPosition": [
        -30.5,
        -40.5,
        0,
        30.5,
        -40.5,
        0,
        -30.5,
        40.5,
        0,
        30.5,
        40.5,
        0
      ],
      "indexes": [
        0,
        1,
        2,
        2,
        1,
        3
      ],
      "uv": [
        5,
        96,
        66,
        96,
        5,
        15,
        66,
        15
      ],
      "nuv": [
        0.07142857142857142,
        0.125,
        0.9428571428571428,
        0.125,
        0.07142857142857142,
        0.8,
        0.9428571428571428,
        0.8
      ],
      "minPos": {
        "x": -30.5,
        "y": -40.5,
        "z": 0
      },
      "maxPos": {
        "x": 30.5,
        "y": 40.5,
        "z": 0
      }
    },
    "texture": "c5800ffa-fb28-489a-877d-55d3fe267c8c@6c48a",
    "packable": true,
    "pixelsToUnit": 100,
    "pivot": {
      "x": 0.5,
      "y": 0.5
    },
    "meshType": 0
  }
}