{
  "__type__": "cc.SpriteFrame",
  "content": {
    "name": "monster14_13",
    "atlas": "",
    "rect": {
      "x": 4,
      "y": 37,
      "width": 124,
      "height": 78
    },
    "offset": {
      "x": 2,
      "y": -13
    },
    "originalSize": {
      "width": 128,
      "height": 126
    },
    "rotated": false,
    "capInsets": [
      0,
      0,
      0,
      0
    ],
    "vertices": {
      "rawPosition": [
        -62,
        -39,
        0,
        62,
        -39,
        0,
        -62,
        39,
        0,
        62,
        39,
        0
      ],
      "indexes": [
        0,
        1,
        2,
        2,
        1,
        3
      ],
      "uv": [
        4,
        89,
        128,
        89,
        4,
        11,
        128,
        11
      ],
      "nuv": [
        0.03125,
        0.0873015873015873,
        1,
        0.0873015873015873,
        0.03125,
        0.7063492063492064,
        1,
        0.7063492063492064
      ],
      "minPos": {
        "x": -62,
        "y": -39,
        "z": 0
      },
      "maxPos": {
        "x": 62,
        "y": 39,
        "z": 0
      }
    },
    "texture": "c5f36b48-3a53-4a9c-97bf-da062b52f505@6c48a",
    "packable": true,
    "pixelsToUnit": 100,
    "pivot": {
      "x": 0.5,
      "y": 0.5
    },
    "meshType": 0
  }
}