{
  "__type__": "cc.SpriteFrame",
  "content": {
    "name": "doomsdayStorm_00012",
    "atlas": "",
    "rect": {
      "x": 2,
      "y": 4,
      "width": 139,
      "height": 96
    },
    "offset": {
      "x": -3.5,
      "y": 1.5
    },
    "originalSize": {
      "width": 150,
      "height": 107
    },
    "rotated": false,
    "capInsets": [
      0,
      0,
      0,
      0
    ],
    "vertices": {
      "rawPosition": [
        -69.5,
        -48,
        0,
        69.5,
        -48,
        0,
        -69.5,
        48,
        0,
        69.5,
        48,
        0
      ],
      "indexes": [
        0,
        1,
        2,
        2,
        1,
        3
      ],
      "uv": [
        2,
        103,
        141,
        103,
        2,
        7,
        141,
        7
      ],
      "nuv": [
        0.013333333333333334,
        0.06542056074766354,
        0.94,
        0.06542056074766354,
        0.013333333333333334,
        0.9626168224299065,
        0.94,
        0.9626168224299065
      ],
      "minPos": {
        "x": -69.5,
        "y": -48,
        "z": 0
      },
      "maxPos": {
        "x": 69.5,
        "y": 48,
        "z": 0
      }
    },
    "texture": "c5f794a0-52d5-4292-891b-dc9f7c8dc65f@6c48a",
    "packable": true,
    "pixelsToUnit": 100,
    "pivot": {
      "x": 0.5,
      "y": 0.5
    },
    "meshType": 0
  }
}