{
  "__type__": "cc.SpriteFrame",
  "content": {
    "name": "hellFire_006",
    "atlas": "",
    "rect": {
      "x": 11,
      "y": 3,
      "width": 185,
      "height": 299
    },
    "offset": {
      "x": 1.5,
      "y": 1.5
    },
    "originalSize": {
      "width": 204,
      "height": 308
    },
    "rotated": false,
    "capInsets": [
      0,
      0,
      0,
      0
    ],
    "vertices": {
      "rawPosition": [
        -92.5,
        -149.5,
        0,
        92.5,
        -149.5,
        0,
        -92.5,
        149.5,
        0,
        92.5,
        149.5,
        0
      ],
      "indexes": [
        0,
        1,
        2,
        2,
        1,
        3
      ],
      "uv": [
        11,
        305,
        196,
        305,
        11,
        6,
        196,
        6
      ],
      "nuv": [
        0.05392156862745098,
        0.01948051948051948,
        0.9607843137254902,
        0.01948051948051948,
        0.05392156862745098,
        0.9902597402597403,
        0.9607843137254902,
        0.9902597402597403
      ],
      "minPos": {
        "x": -92.5,
        "y": -149.5,
        "z": 0
      },
      "maxPos": {
        "x": 92.5,
        "y": 149.5,
        "z": 0
      }
    },
    "texture": "37621f6a-591d-474d-8353-2e8e46ca3348@6c48a",
    "packable": true,
    "pixelsToUnit": 100,
    "pivot": {
      "x": 0.5,
      "y": 0.5
    },
    "meshType": 0
  }
}