{
  "__type__": "cc.SpriteFrame",
  "content": {
    "name": "mainMenuBtn2",
    "atlas": "",
    "rect": {
      "x": 9,
      "y": 7,
      "width": 133,
      "height": 130
    },
    "offset": {
      "x": -3.5,
      "y": -2.5
    },
    "originalSize": {
      "width": 158,
      "height": 139
    },
    "rotated": false,
    "capInsets": [
      0,
      0,
      0,
      0
    ],
    "vertices": {
      "rawPosition": [
        -66.5,
        -65,
        0,
        66.5,
        -65,
        0,
        -66.5,
        65,
        0,
        66.5,
        65,
        0
      ],
      "indexes": [
        0,
        1,
        2,
        2,
        1,
        3
      ],
      "uv": [
        9,
        132,
        142,
        132,
        9,
        2,
        142,
        2
      ],
      "nuv": [
        0.056962025316455694,
        0.014388489208633094,
        0.8987341772151899,
        0.014388489208633094,
        0.056962025316455694,
        0.9496402877697842,
        0.8987341772151899,
        0.9496402877697842
      ],
      "minPos": {
        "x": -66.5,
        "y": -65,
        "z": 0
      },
      "maxPos": {
        "x": 66.5,
        "y": 65,
        "z": 0
      }
    },
    "texture": "6e33c80a-7ff0-4cba-afd8-045a52376599@6c48a",
    "packable": true,
    "pixelsToUnit": 100,
    "pivot": {
      "x": 0.5,
      "y": 0.5
    },
    "meshType": 0
  }
}