{
  "__type__": "cc.SpriteFrame",
  "content": {
    "name": "dangerWindToNear_00007",
    "atlas": "",
    "rect": {
      "x": 7,
      "y": 2,
      "width": 112,
      "height": 166
    },
    "offset": {
      "x": 1.5,
      "y": -1
    },
    "originalSize": {
      "width": 123,
      "height": 168
    },
    "rotated": false,
    "capInsets": [
      0,
      0,
      0,
      0
    ],
    "vertices": {
      "rawPosition": [
        -56,
        -83,
        0,
        56,
        -83,
        0,
        -56,
        83,
        0,
        56,
        83,
        0
      ],
      "indexes": [
        0,
        1,
        2,
        2,
        1,
        3
      ],
      "uv": [
        7,
        166,
        119,
        166,
        7,
        0,
        119,
        0
      ],
      "nuv": [
        0.056910569105691054,
        0,
        0.967479674796748,
        0,
        0.056910569105691054,
        0.9880952380952381,
        0.967479674796748,
        0.9880952380952381
      ],
      "minPos": {
        "x": -56,
        "y": -83,
        "z": 0
      },
      "maxPos": {
        "x": 56,
        "y": 83,
        "z": 0
      }
    },
    "texture": "6e35cc20-3d5d-409a-a5c5-551479581a51@6c48a",
    "packable": true,
    "pixelsToUnit": 100,
    "pivot": {
      "x": 0.5,
      "y": 0.5
    },
    "meshType": 0
  }
}