{
  "__type__": "cc.SpriteFrame",
  "content": {
    "name": "monster19_07",
    "atlas": "",
    "rect": {
      "x": 3,
      "y": 10,
      "width": 212,
      "height": 123
    },
    "offset": {
      "x": 1,
      "y": -4
    },
    "originalSize": {
      "width": 216,
      "height": 135
    },
    "rotated": false,
    "capInsets": [
      0,
      0,
      0,
      0
    ],
    "vertices": {
      "rawPosition": [
        -106,
        -61.5,
        0,
        106,
        -61.5,
        0,
        -106,
        61.5,
        0,
        106,
        61.5,
        0
      ],
      "indexes": [
        0,
        1,
        2,
        2,
        1,
        3
      ],
      "uv": [
        3,
        125,
        215,
        125,
        3,
        2,
        215,
        2
      ],
      "nuv": [
        0.013888888888888888,
        0.014814814814814815,
        0.9953703703703703,
        0.014814814814814815,
        0.013888888888888888,
        0.9259259259259259,
        0.9953703703703703,
        0.9259259259259259
      ],
      "minPos": {
        "x": -106,
        "y": -61.5,
        "z": 0
      },
      "maxPos": {
        "x": 106,
        "y": 61.5,
        "z": 0
      }
    },
    "texture": "6e7063d3-d011-4c9b-b7de-4215c1da2f53@6c48a",
    "packable": true,
    "pixelsToUnit": 100,
    "pivot": {
      "x": 0.5,
      "y": 0.5
    },
    "meshType": 0
  }
}