{
  "__type__": "cc.SpriteFrame",
  "content": {
    "name": "14_00001",
    "atlas": "",
    "rect": {
      "x": 12,
      "y": 9,
      "width": 121,
      "height": 144
    },
    "offset": {
      "x": -2.5,
      "y": -1
    },
    "originalSize": {
      "width": 150,
      "height": 160
    },
    "rotated": false,
    "capInsets": [
      0,
      0,
      0,
      0
    ],
    "vertices": {
      "rawPosition": [
        -60.5,
        -72,
        0,
        60.5,
        -72,
        0,
        -60.5,
        72,
        0,
        60.5,
        72,
        0
      ],
      "indexes": [
        0,
        1,
        2,
        2,
        1,
        3
      ],
      "uv": [
        12,
        151,
        133,
        151,
        12,
        7,
        133,
        7
      ],
      "nuv": [
        0.08,
        0.04375,
        0.8866666666666667,
        0.04375,
        0.08,
        0.94375,
        0.8866666666666667,
        0.94375
      ],
      "minPos": {
        "x": -60.5,
        "y": -72,
        "z": 0
      },
      "maxPos": {
        "x": 60.5,
        "y": 72,
        "z": 0
      }
    },
    "texture": "6e9f0665-0390-4fe6-b079-8c408bd66691@6c48a",
    "packable": true,
    "pixelsToUnit": 100,
    "pivot": {
      "x": 0.5,
      "y": 0.5
    },
    "meshType": 0
  }
}