{
  "__type__": "cc.SpriteFrame",
  "content": {
    "name": "monster15_17",
    "atlas": "",
    "rect": {
      "x": 0,
      "y": 2,
      "width": 72,
      "height": 122
    },
    "offset": {
      "x": -0.5,
      "y": -0.5
    },
    "originalSize": {
      "width": 73,
      "height": 125
    },
    "rotated": false,
    "capInsets": [
      0,
      0,
      0,
      0
    ],
    "vertices": {
      "rawPosition": [
        -36,
        -61,
        0,
        36,
        -61,
        0,
        -36,
        61,
        0,
        36,
        61,
        0
      ],
      "indexes": [
        0,
        1,
        2,
        2,
        1,
        3
      ],
      "uv": [
        0,
        123,
        72,
        123,
        0,
        1,
        72,
        1
      ],
      "nuv": [
        0,
        0.008,
        0.9863013698630136,
        0.008,
        0,
        0.984,
        0.9863013698630136,
        0.984
      ],
      "minPos": {
        "x": -36,
        "y": -61,
        "z": 0
      },
      "maxPos": {
        "x": 36,
        "y": 61,
        "z": 0
      }
    },
    "texture": "8c8e08ee-5719-4d65-bc99-172bffe6ae91@6c48a",
    "packable": true,
    "pixelsToUnit": 100,
    "pivot": {
      "x": 0.5,
      "y": 0.5
    },
    "meshType": 0
  }
}