{
  "__type__": "cc.SpriteFrame",
  "content": {
    "name": "8_00000",
    "atlas": "",
    "rect": {
      "x": 26,
      "y": 4,
      "width": 163,
      "height": 142
    },
    "offset": {
      "x": 7.5,
      "y": 0
    },
    "originalSize": {
      "width": 200,
      "height": 150
    },
    "rotated": false,
    "capInsets": [
      0,
      0,
      0,
      0
    ],
    "vertices": {
      "rawPosition": [
        -81.5,
        -71,
        0,
        81.5,
        -71,
        0,
        -81.5,
        71,
        0,
        81.5,
        71,
        0
      ],
      "indexes": [
        0,
        1,
        2,
        2,
        1,
        3
      ],
      "uv": [
        26,
        146,
        189,
        146,
        26,
        4,
        189,
        4
      ],
      "nuv": [
        0.13,
        0.02666666666666667,
        0.945,
        0.02666666666666667,
        0.13,
        0.9733333333333334,
        0.945,
        0.9733333333333334
      ],
      "minPos": {
        "x": -81.5,
        "y": -71,
        "z": 0
      },
      "maxPos": {
        "x": 81.5,
        "y": 71,
        "z": 0
      }
    },
    "texture": "09086b96-61bc-4e37-8e0a-c72acce6e1d6@6c48a",
    "packable": true,
    "pixelsToUnit": 100,
    "pivot": {
      "x": 0.5,
      "y": 0.5
    },
    "meshType": 0
  }
}