{
  "__type__": "cc.SpriteFrame",
  "content": {
    "name": "1_00008",
    "atlas": "",
    "rect": {
      "x": 3,
      "y": 1,
      "width": 94,
      "height": 129
    },
    "offset": {
      "x": 0,
      "y": -0.5
    },
    "originalSize": {
      "width": 100,
      "height": 130
    },
    "rotated": false,
    "capInsets": [
      0,
      0,
      0,
      0
    ],
    "vertices": {
      "rawPosition": [
        -47,
        -64.5,
        0,
        47,
        -64.5,
        0,
        -47,
        64.5,
        0,
        47,
        64.5,
        0
      ],
      "indexes": [
        0,
        1,
        2,
        2,
        1,
        3
      ],
      "uv": [
        3,
        129,
        97,
        129,
        3,
        0,
        97,
        0
      ],
      "nuv": [
        0.03,
        0,
        0.97,
        0,
        0.03,
        0.9923076923076923,
        0.97,
        0.9923076923076923
      ],
      "minPos": {
        "x": -47,
        "y": -64.5,
        "z": 0
      },
      "maxPos": {
        "x": 47,
        "y": 64.5,
        "z": 0
      }
    },
    "texture": "090d3475-edce-4712-8c58-b7adbef50519@6c48a",
    "packable": true,
    "pixelsToUnit": 100,
    "pivot": {
      "x": 0.5,
      "y": 0.5
    },
    "meshType": 0
  }
}