{
  "__type__": "cc.SpriteFrame",
  "content": {
    "name": "doomsdayStorm_00010",
    "atlas": "",
    "rect": {
      "x": 9,
      "y": 7,
      "width": 134,
      "height": 93
    },
    "offset": {
      "x": 1,
      "y": 0
    },
    "originalSize": {
      "width": 150,
      "height": 107
    },
    "rotated": false,
    "capInsets": [
      0,
      0,
      0,
      0
    ],
    "vertices": {
      "rawPosition": [
        -67,
        -46.5,
        0,
        67,
        -46.5,
        0,
        -67,
        46.5,
        0,
        67,
        46.5,
        0
      ],
      "indexes": [
        0,
        1,
        2,
        2,
        1,
        3
      ],
      "uv": [
        9,
        100,
        143,
        100,
        9,
        7,
        143,
        7
      ],
      "nuv": [
        0.06,
        0.06542056074766354,
        0.9533333333333334,
        0.06542056074766354,
        0.06,
        0.9345794392523364,
        0.9533333333333334,
        0.9345794392523364
      ],
      "minPos": {
        "x": -67,
        "y": -46.5,
        "z": 0
      },
      "maxPos": {
        "x": 67,
        "y": 46.5,
        "z": 0
      }
    },
    "texture": "09b98ae6-275e-4b51-85c6-6e4b4d6fe782@6c48a",
    "packable": true,
    "pixelsToUnit": 100,
    "pivot": {
      "x": 0.5,
      "y": 0.5
    },
    "meshType": 0
  }
}