{
  "__type__": "cc.SpriteFrame",
  "content": {
    "name": "monster30_08",
    "atlas": "",
    "rect": {
      "x": 20,
      "y": 103,
      "width": 212,
      "height": 86
    },
    "offset": {
      "x": 0,
      "y": -36
    },
    "originalSize": {
      "width": 252,
      "height": 220
    },
    "rotated": false,
    "capInsets": [
      0,
      0,
      0,
      0
    ],
    "vertices": {
      "rawPosition": [
        -106,
        -43,
        0,
        106,
        -43,
        0,
        -106,
        43,
        0,
        106,
        43,
        0
      ],
      "indexes": [
        0,
        1,
        2,
        2,
        1,
        3
      ],
      "uv": [
        20,
        117,
        232,
        117,
        20,
        31,
        232,
        31
      ],
      "nuv": [
        0.07936507936507936,
        0.1409090909090909,
        0.9206349206349206,
        0.1409090909090909,
        0.07936507936507936,
        0.5318181818181819,
        0.9206349206349206,
        0.5318181818181819
      ],
      "minPos": {
        "x": -106,
        "y": -43,
        "z": 0
      },
      "maxPos": {
        "x": 106,
        "y": 43,
        "z": 0
      }
    },
    "texture": "77dcb6a3-5eff-49d6-aa7d-b5d373bb7a7b@6c48a",
    "packable": true,
    "pixelsToUnit": 100,
    "pivot": {
      "x": 0.5,
      "y": 0.5
    },
    "meshType": 0
  }
}