{
  "__type__": "cc.SpriteFrame",
  "content": {
    "name": "boss2_05",
    "atlas": "",
    "rect": {
      "x": 3,
      "y": 1,
      "width": 217,
      "height": 198
    },
    "offset": {
      "x": -11.5,
      "y": 1
    },
    "originalSize": {
      "width": 246,
      "height": 202
    },
    "rotated": false,
    "capInsets": [
      0,
      0,
      0,
      0
    ],
    "vertices": {
      "rawPosition": [
        -108.5,
        -99,
        0,
        108.5,
        -99,
        0,
        -108.5,
        99,
        0,
        108.5,
        99,
        0
      ],
      "indexes": [
        0,
        1,
        2,
        2,
        1,
        3
      ],
      "uv": [
        3,
        201,
        220,
        201,
        3,
        3,
        220,
        3
      ],
      "nuv": [
        0.012195121951219513,
        0.01485148514851485,
        0.8943089430894309,
        0.01485148514851485,
        0.012195121951219513,
        0.995049504950495,
        0.8943089430894309,
        0.995049504950495
      ],
      "minPos": {
        "x": -108.5,
        "y": -99,
        "z": 0
      },
      "maxPos": {
        "x": 108.5,
        "y": 99,
        "z": 0
      }
    },
    "texture": "f62f3d6f-f991-4890-8ff3-9bb886d9b38f@6c48a",
    "packable": true,
    "pixelsToUnit": 100,
    "pivot": {
      "x": 0.5,
      "y": 0.5
    },
    "meshType": 0
  }
}