{
  "__type__": "cc.SpriteFrame",
  "content": {
    "name": "thunderFissionBead_00004",
    "atlas": "",
    "rect": {
      "x": 0,
      "y": 37,
      "width": 169,
      "height": 173
    },
    "offset": {
      "x": -26,
      "y": -5
    },
    "originalSize": {
      "width": 221,
      "height": 237
    },
    "rotated": false,
    "capInsets": [
      0,
      0,
      0,
      0
    ],
    "vertices": {
      "rawPosition": [
        -84.5,
        -86.5,
        0,
        84.5,
        -86.5,
        0,
        -84.5,
        86.5,
        0,
        84.5,
        86.5,
        0
      ],
      "indexes": [
        0,
        1,
        2,
        2,
        1,
        3
      ],
      "uv": [
        0,
        200,
        169,
        200,
        0,
        27,
        169,
        27
      ],
      "nuv": [
        0,
        0.11392405063291139,
        0.7647058823529411,
        0.11392405063291139,
        0,
        0.8438818565400844,
        0.7647058823529411,
        0.8438818565400844
      ],
      "minPos": {
        "x": -84.5,
        "y": -86.5,
        "z": 0
      },
      "maxPos": {
        "x": 84.5,
        "y": 86.5,
        "z": 0
      }
    },
    "texture": "f6a52693-378c-444b-8a72-a08b9074d202@6c48a",
    "packable": true,
    "pixelsToUnit": 100,
    "pivot": {
      "x": 0.5,
      "y": 0.5
    },
    "meshType": 0
  }
}