{
  "__type__": "cc.SpriteFrame",
  "content": {
    "name": "hellFire_0013",
    "atlas": "",
    "rect": {
      "x": 25,
      "y": 46,
      "width": 156,
      "height": 254
    },
    "offset": {
      "x": 1,
      "y": -19
    },
    "originalSize": {
      "width": 204,
      "height": 308
    },
    "rotated": false,
    "capInsets": [
      0,
      0,
      0,
      0
    ],
    "vertices": {
      "rawPosition": [
        -78,
        -127,
        0,
        78,
        -127,
        0,
        -78,
        127,
        0,
        78,
        127,
        0
      ],
      "indexes": [
        0,
        1,
        2,
        2,
        1,
        3
      ],
      "uv": [
        25,
        262,
        181,
        262,
        25,
        8,
        181,
        8
      ],
      "nuv": [
        0.12254901960784313,
        0.025974025974025976,
        0.8872549019607843,
        0.025974025974025976,
        0.12254901960784313,
        0.8506493506493507,
        0.8872549019607843,
        0.8506493506493507
      ],
      "minPos": {
        "x": -78,
        "y": -127,
        "z": 0
      },
      "maxPos": {
        "x": 78,
        "y": 127,
        "z": 0
      }
    },
    "texture": "d82d8d1c-97a1-4e9c-9de6-68e6f7100b46@6c48a",
    "packable": true,
    "pixelsToUnit": 100,
    "pivot": {
      "x": 0.5,
      "y": 0.5
    },
    "meshType": 0
  }
}