{
  "__type__": "cc.SpriteFrame",
  "content": {
    "name": "thunderFissionBead_00007",
    "atlas": "",
    "rect": {
      "x": 0,
      "y": 0,
      "width": 168,
      "height": 236
    },
    "offset": {
      "x": -26.5,
      "y": 0.5
    },
    "originalSize": {
      "width": 221,
      "height": 237
    },
    "rotated": false,
    "capInsets": [
      0,
      0,
      0,
      0
    ],
    "vertices": {
      "rawPosition": [
        -84,
        -118,
        0,
        84,
        -118,
        0,
        -84,
        118,
        0,
        84,
        118,
        0
      ],
      "indexes": [
        0,
        1,
        2,
        2,
        1,
        3
      ],
      "uv": [
        0,
        237,
        168,
        237,
        0,
        1,
        168,
        1
      ],
      "nuv": [
        0,
        0.004219409282700422,
        0.7601809954751131,
        0.004219409282700422,
        0,
        1,
        0.7601809954751131,
        1
      ],
      "minPos": {
        "x": -84,
        "y": -118,
        "z": 0
      },
      "maxPos": {
        "x": 84,
        "y": 118,
        "z": 0
      }
    },
    "texture": "d8c99cce-62da-43a0-827d-abd9259f3888@6c48a",
    "packable": true,
    "pixelsToUnit": 100,
    "pivot": {
      "x": 0.5,
      "y": 0.5
    },
    "meshType": 0
  }
}