{
  "__type__": "cc.SpriteFrame",
  "content": {
    "name": "boss2_03",
    "atlas": "",
    "rect": {
      "x": 2,
      "y": 1,
      "width": 210,
      "height": 199
    },
    "offset": {
      "x": -16,
      "y": 0.5
    },
    "originalSize": {
      "width": 246,
      "height": 202
    },
    "rotated": false,
    "capInsets": [
      0,
      0,
      0,
      0
    ],
    "vertices": {
      "rawPosition": [
        -105,
        -99.5,
        0,
        105,
        -99.5,
        0,
        -105,
        99.5,
        0,
        105,
        99.5,
        0
      ],
      "indexes": [
        0,
        1,
        2,
        2,
        1,
        3
      ],
      "uv": [
        2,
        201,
        212,
        201,
        2,
        2,
        212,
        2
      ],
      "nuv": [
        0.008130081300813009,
        0.009900990099009901,
        0.8617886178861789,
        0.009900990099009901,
        0.008130081300813009,
        0.995049504950495,
        0.8617886178861789,
        0.995049504950495
      ],
      "minPos": {
        "x": -105,
        "y": -99.5,
        "z": 0
      },
      "maxPos": {
        "x": 105,
        "y": 99.5,
        "z": 0
      }
    },
    "texture": "7279730b-c178-40e0-9a35-700804d9202e@6c48a",
    "packable": true,
    "pixelsToUnit": 100,
    "pivot": {
      "x": 0.5,
      "y": 0.5
    },
    "meshType": 0
  }
}