{
  "__type__": "cc.SpriteFrame",
  "content": {
    "name": "darkMask_010",
    "atlas": "",
    "rect": {
      "x": 2,
      "y": 18,
      "width": 357,
      "height": 271
    },
    "offset": {
      "x": 0.5,
      "y": -6.5
    },
    "originalSize": {
      "width": 360,
      "height": 294
    },
    "rotated": false,
    "capInsets": [
      0,
      0,
      0,
      0
    ],
    "vertices": {
      "rawPosition": [
        -178.5,
        -135.5,
        0,
        178.5,
        -135.5,
        0,
        -178.5,
        135.5,
        0,
        178.5,
        135.5,
        0
      ],
      "indexes": [
        0,
        1,
        2,
        2,
        1,
        3
      ],
      "uv": [
        2,
        276,
        359,
        276,
        2,
        5,
        359,
        5
      ],
      "nuv": [
        0.005555555555555556,
        0.017006802721088437,
        0.9972222222222222,
        0.017006802721088437,
        0.005555555555555556,
        0.9387755102040817,
        0.9972222222222222,
        0.9387755102040817
      ],
      "minPos": {
        "x": -178.5,
        "y": -135.5,
        "z": 0
      },
      "maxPos": {
        "x": 178.5,
        "y": 135.5,
        "z": 0
      }
    },
    "texture": "3328f9e2-e730-42d7-a634-3b0e2bda807d@6c48a",
    "packable": true,
    "pixelsToUnit": 100,
    "pivot": {
      "x": 0.5,
      "y": 0.5
    },
    "meshType": 0
  }
}