{
  "__type__": "cc.SpriteFrame",
  "content": {
    "name": "darkMask_05",
    "atlas": "",
    "rect": {
      "x": 1,
      "y": 2,
      "width": 390,
      "height": 289
    },
    "offset": {
      "x": 0,
      "y": 2
    },
    "originalSize": {
      "width": 392,
      "height": 297
    },
    "rotated": false,
    "capInsets": [
      0,
      0,
      0,
      0
    ],
    "vertices": {
      "rawPosition": [
        -195,
        -144.5,
        0,
        195,
        -144.5,
        0,
        -195,
        144.5,
        0,
        195,
        144.5,
        0
      ],
      "indexes": [
        0,
        1,
        2,
        2,
        1,
        3
      ],
      "uv": [
        1,
        295,
        391,
        295,
        1,
        6,
        391,
        6
      ],
      "nuv": [
        0.002551020408163265,
        0.020202020202020204,
        0.9974489795918368,
        0.020202020202020204,
        0.002551020408163265,
        0.9932659932659933,
        0.9974489795918368,
        0.9932659932659933
      ],
      "minPos": {
        "x": -195,
        "y": -144.5,
        "z": 0
      },
      "maxPos": {
        "x": 195,
        "y": 144.5,
        "z": 0
      }
    },
    "texture": "55b24ee6-d798-420a-b2cf-28d483a1384d@6c48a",
    "packable": true,
    "pixelsToUnit": 100,
    "pivot": {
      "x": 0.5,
      "y": 0.5
    },
    "meshType": 0
  }
}