{
  "__type__": "cc.SpriteFrame",
  "content": {
    "name": "16_00009",
    "atlas": "",
    "rect": {
      "x": 15,
      "y": 3,
      "width": 82,
      "height": 100
    },
    "offset": {
      "x": 6,
      "y": -0.5
    },
    "originalSize": {
      "width": 100,
      "height": 105
    },
    "rotated": false,
    "capInsets": [
      0,
      0,
      0,
      0
    ],
    "vertices": {
      "rawPosition": [
        -41,
        -50,
        0,
        41,
        -50,
        0,
        -41,
        50,
        0,
        41,
        50,
        0
      ],
      "indexes": [
        0,
        1,
        2,
        2,
        1,
        3
      ],
      "uv": [
        15,
        102,
        97,
        102,
        15,
        2,
        97,
        2
      ],
      "nuv": [
        0.15,
        0.01904761904761905,
        0.97,
        0.01904761904761905,
        0.15,
        0.9714285714285714,
        0.97,
        0.9714285714285714
      ],
      "minPos": {
        "x": -41,
        "y": -50,
        "z": 0
      },
      "maxPos": {
        "x": 41,
        "y": 50,
        "z": 0
      }
    },
    "texture": "55b612a8-7c88-4f35-8c50-3feeb7f7c85d@6c48a",
    "packable": true,
    "pixelsToUnit": 100,
    "pivot": {
      "x": 0.5,
      "y": 0.5
    },
    "meshType": 0
  }
}