{
  "__type__": "cc.SpriteFrame",
  "content": {
    "name": "monster27_03",
    "atlas": "",
    "rect": {
      "x": 1,
      "y": 4,
      "width": 121,
      "height": 99
    },
    "offset": {
      "x": 0,
      "y": -2
    },
    "originalSize": {
      "width": 123,
      "height": 103
    },
    "rotated": false,
    "capInsets": [
      0,
      0,
      0,
      0
    ],
    "vertices": {
      "rawPosition": [
        -60.5,
        -49.5,
        0,
        60.5,
        -49.5,
        0,
        -60.5,
        49.5,
        0,
        60.5,
        49.5,
        0
      ],
      "indexes": [
        0,
        1,
        2,
        2,
        1,
        3
      ],
      "uv": [
        1,
        99,
        122,
        99,
        1,
        0,
        122,
        0
      ],
      "nuv": [
        0.008130081300813009,
        0,
        0.991869918699187,
        0,
        0.008130081300813009,
        0.9611650485436893,
        0.991869918699187,
        0.9611650485436893
      ],
      "minPos": {
        "x": -60.5,
        "y": -49.5,
        "z": 0
      },
      "maxPos": {
        "x": 60.5,
        "y": 49.5,
        "z": 0
      }
    },
    "texture": "414633b6-2b5b-4310-bb06-8705ade7b33b@6c48a",
    "packable": true,
    "pixelsToUnit": 100,
    "pivot": {
      "x": 0.5,
      "y": 0.5
    },
    "meshType": 0
  }
}