{
  "__type__": "cc.SpriteFrame",
  "content": {
    "name": "lodingyun",
    "atlas": "",
    "rect": {
      "x": 6,
      "y": 1,
      "width": 518,
      "height": 88
    },
    "offset": {
      "x": -10,
      "y": 0
    },
    "originalSize": {
      "width": 550,
      "height": 90
    },
    "rotated": false,
    "capInsets": [
      0,
      0,
      0,
      0
    ],
    "vertices": {
      "rawPosition": [
        -259,
        -44,
        0,
        259,
        -44,
        0,
        -259,
        44,
        0,
        259,
        44,
        0
      ],
      "indexes": [
        0,
        1,
        2,
        2,
        1,
        3
      ],
      "uv": [
        6,
        89,
        524,
        89,
        6,
        1,
        524,
        1
      ],
      "nuv": [
        0.01090909090909091,
        0.011111111111111112,
        0.9527272727272728,
        0.011111111111111112,
        0.01090909090909091,
        0.9888888888888889,
        0.9527272727272728,
        0.9888888888888889
      ],
      "minPos": {
        "x": -259,
        "y": -44,
        "z": 0
      },
      "maxPos": {
        "x": 259,
        "y": 44,
        "z": 0
      }
    },
    "texture": "1e89aa75-8537-4995-910b-e222ab0a7856@6c48a",
    "packable": true,
    "pixelsToUnit": 100,
    "pivot": {
      "x": 0.5,
      "y": 0.5
    },
    "meshType": 0
  }
}