{
  "__type__": "cc.SpriteFrame",
  "content": {
    "name": "samadhiTrueFire_001",
    "atlas": "",
    "rect": {
      "x": 1,
      "y": 2,
      "width": 314,
      "height": 128
    },
    "offset": {
      "x": -1.5,
      "y": -1
    },
    "originalSize": {
      "width": 319,
      "height": 130
    },
    "rotated": false,
    "capInsets": [
      0,
      0,
      0,
      0
    ],
    "vertices": {
      "rawPosition": [
        -157,
        -64,
        0,
        157,
        -64,
        0,
        -157,
        64,
        0,
        157,
        64,
        0
      ],
      "indexes": [
        0,
        1,
        2,
        2,
        1,
        3
      ],
      "uv": [
        1,
        128,
        315,
        128,
        1,
        0,
        315,
        0
      ],
      "nuv": [
        0.003134796238244514,
        0,
        0.987460815047022,
        0,
        0.003134796238244514,
        0.9846153846153847,
        0.987460815047022,
        0.9846153846153847
      ],
      "minPos": {
        "x": -157,
        "y": -64,
        "z": 0
      },
      "maxPos": {
        "x": 157,
        "y": 64,
        "z": 0
      }
    },
    "texture": "2e13d2cb-ab7f-4f54-b580-3e0e7cc66103@6c48a",
    "packable": true,
    "pixelsToUnit": 100,
    "pivot": {
      "x": 0.5,
      "y": 0.5
    },
    "meshType": 0
  }
}