{
  "__type__": "cc.SpriteFrame",
  "content": {
    "name": "22_00006",
    "atlas": "",
    "rect": {
      "x": 31,
      "y": 21,
      "width": 135,
      "height": 149
    },
    "offset": {
      "x": 8.5,
      "y": -5.5
    },
    "originalSize": {
      "width": 180,
      "height": 180
    },
    "rotated": false,
    "capInsets": [
      0,
      0,
      0,
      0
    ],
    "vertices": {
      "rawPosition": [
        -67.5,
        -74.5,
        0,
        67.5,
        -74.5,
        0,
        -67.5,
        74.5,
        0,
        67.5,
        74.5,
        0
      ],
      "indexes": [
        0,
        1,
        2,
        2,
        1,
        3
      ],
      "uv": [
        31,
        159,
        166,
        159,
        31,
        10,
        166,
        10
      ],
      "nuv": [
        0.17222222222222222,
        0.05555555555555555,
        0.9222222222222223,
        0.05555555555555555,
        0.17222222222222222,
        0.8833333333333333,
        0.9222222222222223,
        0.8833333333333333
      ],
      "minPos": {
        "x": -67.5,
        "y": -74.5,
        "z": 0
      },
      "maxPos": {
        "x": 67.5,
        "y": 74.5,
        "z": 0
      }
    },
    "texture": "241a569e-d636-484d-b5dd-4e07805e52b2@6c48a",
    "packable": true,
    "pixelsToUnit": 100,
    "pivot": {
      "x": 0.5,
      "y": 0.5
    },
    "meshType": 0
  }
}