{
  "__type__": "cc.SpriteFrame",
  "content": {
    "name": "2_00003",
    "atlas": "",
    "rect": {
      "x": 3,
      "y": 6,
      "width": 91,
      "height": 110
    },
    "offset": {
      "x": 1,
      "y": 1.5
    },
    "originalSize": {
      "width": 95,
      "height": 125
    },
    "rotated": false,
    "capInsets": [
      0,
      0,
      0,
      0
    ],
    "vertices": {
      "rawPosition": [
        -45.5,
        -55,
        0,
        45.5,
        -55,
        0,
        -45.5,
        55,
        0,
        45.5,
        55,
        0
      ],
      "indexes": [
        0,
        1,
        2,
        2,
        1,
        3
      ],
      "uv": [
        3,
        119,
        94,
        119,
        3,
        9,
        94,
        9
      ],
      "nuv": [
        0.031578947368421054,
        0.072,
        0.9894736842105263,
        0.072,
        0.031578947368421054,
        0.952,
        0.9894736842105263,
        0.952
      ],
      "minPos": {
        "x": -45.5,
        "y": -55,
        "z": 0
      },
      "maxPos": {
        "x": 45.5,
        "y": 55,
        "z": 0
      }
    },
    "texture": "b1953f7a-7ce3-4524-91f2-3901843e912d@6c48a",
    "packable": true,
    "pixelsToUnit": 100,
    "pivot": {
      "x": 0.5,
      "y": 0.5
    },
    "meshType": 0
  }
}