{
  "__type__": "cc.SpriteFrame",
  "content": {
    "name": "skillBookLayerBg",
    "atlas": "",
    "rect": {
      "x": 1,
      "y": 1,
      "width": 750,
      "height": 1623
    },
    "offset": {
      "x": 0,
      "y": 0
    },
    "originalSize": {
      "width": 752,
      "height": 1625
    },
    "rotated": false,
    "capInsets": [
      0,
      0,
      0,
      0
    ],
    "vertices": {
      "rawPosition": [
        -375,
        -811.5,
        0,
        375,
        -811.5,
        0,
        -375,
        811.5,
        0,
        375,
        811.5,
        0
      ],
      "indexes": [
        0,
        1,
        2,
        2,
        1,
        3
      ],
      "uv": [
        1,
        1624,
        751,
        1624,
        1,
        1,
        751,
        1
      ],
      "nuv": [
        0.0013297872340425532,
        0.0006153846153846154,
        0.9986702127659575,
        0.0006153846153846154,
        0.0013297872340425532,
        0.9993846153846154,
        0.9986702127659575,
        0.9993846153846154
      ],
      "minPos": {
        "x": -375,
        "y": -811.5,
        "z": 0
      },
      "maxPos": {
        "x": 375,
        "y": 811.5,
        "z": 0
      }
    },
    "texture": "b1ed0177-f6d0-4423-b039-55fb79bbeee5@6c48a",
    "packable": true,
    "pixelsToUnit": 100,
    "pivot": {
      "x": 0.5,
      "y": 0.5
    },
    "meshType": 0
  }
}