{
  "__type__": "cc.SpriteFrame",
  "content": {
    "name": "fireBloom_005",
    "atlas": "",
    "rect": {
      "x": 10,
      "y": 10,
      "width": 295,
      "height": 291
    },
    "offset": {
      "x": 5,
      "y": -3.5
    },
    "originalSize": {
      "width": 305,
      "height": 304
    },
    "rotated": false,
    "capInsets": [
      0,
      0,
      0,
      0
    ],
    "vertices": {
      "rawPosition": [
        -147.5,
        -145.5,
        0,
        147.5,
        -145.5,
        0,
        -147.5,
        145.5,
        0,
        147.5,
        145.5,
        0
      ],
      "indexes": [
        0,
        1,
        2,
        2,
        1,
        3
      ],
      "uv": [
        10,
        294,
        305,
        294,
        10,
        3,
        305,
        3
      ],
      "nuv": [
        0.03278688524590164,
        0.009868421052631578,
        1,
        0.009868421052631578,
        0.03278688524590164,
        0.9671052631578947,
        1,
        0.9671052631578947
      ],
      "minPos": {
        "x": -147.5,
        "y": -145.5,
        "z": 0
      },
      "maxPos": {
        "x": 147.5,
        "y": 145.5,
        "z": 0
      }
    },
    "texture": "5d640ee6-a8e1-4e00-99bd-eea2743086a6@6c48a",
    "packable": true,
    "pixelsToUnit": 100,
    "pivot": {
      "x": 0.5,
      "y": 0.5
    },
    "meshType": 0
  }
}