{
  "__type__": "cc.SpriteFrame",
  "content": {
    "name": "mainMenuBtn1_down",
    "atlas": "",
    "rect": {
      "x": 5,
      "y": 1,
      "width": 159,
      "height": 152
    },
    "offset": {
      "x": 2,
      "y": 0
    },
    "originalSize": {
      "width": 165,
      "height": 154
    },
    "rotated": false,
    "capInsets": [
      0,
      0,
      0,
      0
    ],
    "vertices": {
      "rawPosition": [
        -79.5,
        -76,
        0,
        79.5,
        -76,
        0,
        -79.5,
        76,
        0,
        79.5,
        76,
        0
      ],
      "indexes": [
        0,
        1,
        2,
        2,
        1,
        3
      ],
      "uv": [
        5,
        153,
        164,
        153,
        5,
        1,
        164,
        1
      ],
      "nuv": [
        0.030303030303030304,
        0.006493506493506494,
        0.9939393939393939,
        0.006493506493506494,
        0.030303030303030304,
        0.9935064935064936,
        0.9939393939393939,
        0.9935064935064936
      ],
      "minPos": {
        "x": -79.5,
        "y": -76,
        "z": 0
      },
      "maxPos": {
        "x": 79.5,
        "y": 76,
        "z": 0
      }
    },
    "texture": "990b6a81-ef0c-4607-99b0-7d55f4e6fec6@6c48a",
    "packable": true,
    "pixelsToUnit": 100,
    "pivot": {
      "x": 0.5,
      "y": 0.5
    },
    "meshType": 0
  }
}