{
  "__type__": "cc.SpriteFrame",
  "content": {
    "name": "18_00002",
    "atlas": "",
    "rect": {
      "x": 11,
      "y": 18,
      "width": 79,
      "height": 112
    },
    "offset": {
      "x": 0.5,
      "y": 1
    },
    "originalSize": {
      "width": 100,
      "height": 150
    },
    "rotated": false,
    "capInsets": [
      0,
      0,
      0,
      0
    ],
    "vertices": {
      "rawPosition": [
        -39.5,
        -56,
        0,
        39.5,
        -56,
        0,
        -39.5,
        56,
        0,
        39.5,
        56,
        0
      ],
      "indexes": [
        0,
        1,
        2,
        2,
        1,
        3
      ],
      "uv": [
        11,
        132,
        90,
        132,
        11,
        20,
        90,
        20
      ],
      "nuv": [
        0.11,
        0.13333333333333333,
        0.9,
        0.13333333333333333,
        0.11,
        0.88,
        0.9,
        0.88
      ],
      "minPos": {
        "x": -39.5,
        "y": -56,
        "z": 0
      },
      "maxPos": {
        "x": 39.5,
        "y": 56,
        "z": 0
      }
    },
    "texture": "9913d90e-3f5c-490d-85a6-bc32e8cc5481@6c48a",
    "packable": true,
    "pixelsToUnit": 100,
    "pivot": {
      "x": 0.5,
      "y": 0.5
    },
    "meshType": 0
  }
}