{
  "__type__": "cc.SpriteFrame",
  "content": {
    "name": "12_00008",
    "atlas": "",
    "rect": {
      "x": 13,
      "y": 5,
      "width": 156,
      "height": 141
    },
    "offset": {
      "x": 1,
      "y": -0.5
    },
    "originalSize": {
      "width": 180,
      "height": 150
    },
    "rotated": false,
    "capInsets": [
      0,
      0,
      0,
      0
    ],
    "vertices": {
      "rawPosition": [
        -78,
        -70.5,
        0,
        78,
        -70.5,
        0,
        -78,
        70.5,
        0,
        78,
        70.5,
        0
      ],
      "indexes": [
        0,
        1,
        2,
        2,
        1,
        3
      ],
      "uv": [
        13,
        145,
        169,
        145,
        13,
        4,
        169,
        4
      ],
      "nuv": [
        0.07222222222222222,
        0.02666666666666667,
        0.9388888888888889,
        0.02666666666666667,
        0.07222222222222222,
        0.9666666666666667,
        0.9388888888888889,
        0.9666666666666667
      ],
      "minPos": {
        "x": -78,
        "y": -70.5,
        "z": 0
      },
      "maxPos": {
        "x": 78,
        "y": 70.5,
        "z": 0
      }
    },
    "texture": "cb375012-14be-43c2-9de5-ea63b5a117aa@6c48a",
    "packable": true,
    "pixelsToUnit": 100,
    "pivot": {
      "x": 0.5,
      "y": 0.5
    },
    "meshType": 0
  }
}