{
  "__type__": "cc.SpriteFrame",
  "content": {
    "name": "19_00007",
    "atlas": "",
    "rect": {
      "x": 4,
      "y": 7,
      "width": 112,
      "height": 141
    },
    "offset": {
      "x": 0,
      "y": -2.5
    },
    "originalSize": {
      "width": 120,
      "height": 150
    },
    "rotated": false,
    "capInsets": [
      0,
      0,
      0,
      0
    ],
    "vertices": {
      "rawPosition": [
        -56,
        -70.5,
        0,
        56,
        -70.5,
        0,
        -56,
        70.5,
        0,
        56,
        70.5,
        0
      ],
      "indexes": [
        0,
        1,
        2,
        2,
        1,
        3
      ],
      "uv": [
        4,
        143,
        116,
        143,
        4,
        2,
        116,
        2
      ],
      "nuv": [
        0.03333333333333333,
        0.013333333333333334,
        0.9666666666666667,
        0.013333333333333334,
        0.03333333333333333,
        0.9533333333333334,
        0.9666666666666667,
        0.9533333333333334
      ],
      "minPos": {
        "x": -56,
        "y": -70.5,
        "z": 0
      },
      "maxPos": {
        "x": 56,
        "y": 70.5,
        "z": 0
      }
    },
    "texture": "cb8f4abe-6c7d-4841-a46f-3ab524babef2@6c48a",
    "packable": true,
    "pixelsToUnit": 100,
    "pivot": {
      "x": 0.5,
      "y": 0.5
    },
    "meshType": 0
  }
}