{
  "__type__": "cc.SpriteFrame",
  "content": {
    "name": "monster29_06",
    "atlas": "",
    "rect": {
      "x": 13,
      "y": 57,
      "width": 186,
      "height": 88
    },
    "offset": {
      "x": -22,
      "y": -28.5
    },
    "originalSize": {
      "width": 256,
      "height": 145
    },
    "rotated": false,
    "capInsets": [
      0,
      0,
      0,
      0
    ],
    "vertices": {
      "rawPosition": [
        -93,
        -44,
        0,
        93,
        -44,
        0,
        -93,
        44,
        0,
        93,
        44,
        0
      ],
      "indexes": [
        0,
        1,
        2,
        2,
        1,
        3
      ],
      "uv": [
        13,
        88,
        199,
        88,
        13,
        0,
        199,
        0
      ],
      "nuv": [
        0.05078125,
        0,
        0.77734375,
        0,
        0.05078125,
        0.6068965517241379,
        0.77734375,
        0.6068965517241379
      ],
      "minPos": {
        "x": -93,
        "y": -44,
        "z": 0
      },
      "maxPos": {
        "x": 93,
        "y": 44,
        "z": 0
      }
    },
    "texture": "b34fdc79-7958-4ce8-ae24-d7f64ec4a84c@6c48a",
    "packable": true,
    "pixelsToUnit": 100,
    "pivot": {
      "x": 0.5,
      "y": 0.5
    },
    "meshType": 0
  }
}