{
  "__type__": "cc.SpriteFrame",
  "content": {
    "name": "trainingGary",
    "atlas": "",
    "rect": {
      "x": 0,
      "y": 6,
      "width": 741,
      "height": 761
    },
    "offset": {
      "x": -4.5,
      "y": -0.5
    },
    "originalSize": {
      "width": 750,
      "height": 772
    },
    "rotated": false,
    "capInsets": [
      0,
      0,
      0,
      0
    ],
    "vertices": {
      "rawPosition": [
        -370.5,
        -380.5,
        0,
        370.5,
        -380.5,
        0,
        -370.5,
        380.5,
        0,
        370.5,
        380.5,
        0
      ],
      "indexes": [
        0,
        1,
        2,
        2,
        1,
        3
      ],
      "uv": [
        0,
        766,
        741,
        766,
        0,
        5,
        741,
        5
      ],
      "nuv": [
        0,
        0.006476683937823834,
        0.988,
        0.006476683937823834,
        0,
        0.9922279792746114,
        0.988,
        0.9922279792746114
      ],
      "minPos": {
        "x": -370.5,
        "y": -380.5,
        "z": 0
      },
      "maxPos": {
        "x": 370.5,
        "y": 380.5,
        "z": 0
      }
    },
    "texture": "b3ad0199-434b-4714-b1b0-965316eeee17@6c48a",
    "packable": true,
    "pixelsToUnit": 100,
    "pivot": {
      "x": 0.5,
      "y": 0.5
    },
    "meshType": 0
  }
}