{
  "__type__": "cc.SpriteFrame",
  "content": {
    "name": "boss2_12",
    "atlas": "",
    "rect": {
      "x": 10,
      "y": 0,
      "width": 235,
      "height": 201
    },
    "offset": {
      "x": 4.5,
      "y": 0.5
    },
    "originalSize": {
      "width": 246,
      "height": 202
    },
    "rotated": false,
    "capInsets": [
      0,
      0,
      0,
      0
    ],
    "vertices": {
      "rawPosition": [
        -117.5,
        -100.5,
        0,
        117.5,
        -100.5,
        0,
        -117.5,
        100.5,
        0,
        117.5,
        100.5,
        0
      ],
      "indexes": [
        0,
        1,
        2,
        2,
        1,
        3
      ],
      "uv": [
        10,
        202,
        245,
        202,
        10,
        1,
        245,
        1
      ],
      "nuv": [
        0.04065040650406504,
        0.0049504950495049506,
        0.9959349593495935,
        0.0049504950495049506,
        0.04065040650406504,
        1,
        0.9959349593495935,
        1
      ],
      "minPos": {
        "x": -117.5,
        "y": -100.5,
        "z": 0
      },
      "maxPos": {
        "x": 117.5,
        "y": 100.5,
        "z": 0
      }
    },
    "texture": "b3e4aecd-e9a0-4978-8667-a00dfa07ea1b@6c48a",
    "packable": true,
    "pixelsToUnit": 100,
    "pivot": {
      "x": 0.5,
      "y": 0.5
    },
    "meshType": 0
  }
}