{
  "__type__": "cc.SpriteFrame",
  "content": {
    "name": "21_00005",
    "atlas": "",
    "rect": {
      "x": 20,
      "y": 4,
      "width": 120,
      "height": 141
    },
    "offset": {
      "x": 5,
      "y": 0.5
    },
    "originalSize": {
      "width": 150,
      "height": 150
    },
    "rotated": false,
    "capInsets": [
      0,
      0,
      0,
      0
    ],
    "vertices": {
      "rawPosition": [
        -60,
        -70.5,
        0,
        60,
        -70.5,
        0,
        -60,
        70.5,
        0,
        60,
        70.5,
        0
      ],
      "indexes": [
        0,
        1,
        2,
        2,
        1,
        3
      ],
      "uv": [
        20,
        146,
        140,
        146,
        20,
        5,
        140,
        5
      ],
      "nuv": [
        0.13333333333333333,
        0.03333333333333333,
        0.9333333333333333,
        0.03333333333333333,
        0.13333333333333333,
        0.9733333333333334,
        0.9333333333333333,
        0.9733333333333334
      ],
      "minPos": {
        "x": -60,
        "y": -70.5,
        "z": 0
      },
      "maxPos": {
        "x": 60,
        "y": 70.5,
        "z": 0
      }
    },
    "texture": "eea8eb17-76a0-44db-a06f-512ad4afbfa1@6c48a",
    "packable": true,
    "pixelsToUnit": 100,
    "pivot": {
      "x": 0.5,
      "y": 0.5
    },
    "meshType": 0
  }
}