{
  "__type__": "cc.SpriteFrame",
  "content": {
    "name": "thunder_0006",
    "atlas": "",
    "rect": {
      "x": 0,
      "y": 185,
      "width": 55,
      "height": 55
    },
    "offset": {
      "x": -1,
      "y": -92.5
    },
    "originalSize": {
      "width": 57,
      "height": 240
    },
    "rotated": false,
    "capInsets": [
      0,
      0,
      0,
      0
    ],
    "vertices": {
      "rawPosition": [
        -27.5,
        -27.5,
        0,
        27.5,
        -27.5,
        0,
        -27.5,
        27.5,
        0,
        27.5,
        27.5,
        0
      ],
      "indexes": [
        0,
        1,
        2,
        2,
        1,
        3
      ],
      "uv": [
        0,
        55,
        55,
        55,
        0,
        0,
        55,
        0
      ],
      "nuv": [
        0,
        0,
        0.9649122807017544,
        0,
        0,
        0.22916666666666666,
        0.9649122807017544,
        0.22916666666666666
      ],
      "minPos": {
        "x": -27.5,
        "y": -27.5,
        "z": 0
      },
      "maxPos": {
        "x": 27.5,
        "y": 27.5,
        "z": 0
      }
    },
    "texture": "eed3ff62-7130-4859-89d6-422284db72c0@6c48a",
    "packable": true,
    "pixelsToUnit": 100,
    "pivot": {
      "x": 0.5,
      "y": 0.5
    },
    "meshType": 0
  }
}