{
  "__type__": "cc.SpriteFrame",
  "content": {
    "name": "monster27_01",
    "atlas": "",
    "rect": {
      "x": 1,
      "y": 4,
      "width": 120,
      "height": 99
    },
    "offset": {
      "x": -0.5,
      "y": -2
    },
    "originalSize": {
      "width": 123,
      "height": 103
    },
    "rotated": false,
    "capInsets": [
      0,
      0,
      0,
      0
    ],
    "vertices": {
      "rawPosition": [
        -60,
        -49.5,
        0,
        60,
        -49.5,
        0,
        -60,
        49.5,
        0,
        60,
        49.5,
        0
      ],
      "indexes": [
        0,
        1,
        2,
        2,
        1,
        3
      ],
      "uv": [
        1,
        99,
        121,
        99,
        1,
        0,
        121,
        0
      ],
      "nuv": [
        0.008130081300813009,
        0,
        0.983739837398374,
        0,
        0.008130081300813009,
        0.9611650485436893,
        0.983739837398374,
        0.9611650485436893
      ],
      "minPos": {
        "x": -60,
        "y": -49.5,
        "z": 0
      },
      "maxPos": {
        "x": 60,
        "y": 49.5,
        "z": 0
      }
    },
    "texture": "3278fca4-e156-4482-9bd3-1d40ad2fb463@6c48a",
    "packable": true,
    "pixelsToUnit": 100,
    "pivot": {
      "x": 0.5,
      "y": 0.5
    },
    "meshType": 0
  }
}