{
  "__type__": "cc.SpriteFrame",
  "content": {
    "name": "ddd_00002",
    "atlas": "",
    "rect": {
      "x": 15,
      "y": 2,
      "width": 37,
      "height": 98
    },
    "offset": {
      "x": -1.5,
      "y": -1
    },
    "originalSize": {
      "width": 70,
      "height": 100
    },
    "rotated": false,
    "capInsets": [
      0,
      0,
      0,
      0
    ],
    "vertices": {
      "rawPosition": [
        -18.5,
        -49,
        0,
        18.5,
        -49,
        0,
        -18.5,
        49,
        0,
        18.5,
        49,
        0
      ],
      "indexes": [
        0,
        1,
        2,
        2,
        1,
        3
      ],
      "uv": [
        15,
        98,
        52,
        98,
        15,
        0,
        52,
        0
      ],
      "nuv": [
        0.21428571428571427,
        0,
        0.7428571428571429,
        0,
        0.21428571428571427,
        0.98,
        0.7428571428571429,
        0.98
      ],
      "minPos": {
        "x": -18.5,
        "y": -49,
        "z": 0
      },
      "maxPos": {
        "x": 18.5,
        "y": 49,
        "z": 0
      }
    },
    "texture": "32cd703c-2707-4d8c-82af-d32c911884e5@6c48a",
    "packable": true,
    "pixelsToUnit": 100,
    "pivot": {
      "x": 0.5,
      "y": 0.5
    },
    "meshType": 0
  }
}