{
  "__type__": "cc.SpriteFrame",
  "content": {
    "name": "24_00006",
    "atlas": "",
    "rect": {
      "x": 53,
      "y": 6,
      "width": 112,
      "height": 143
    },
    "offset": {
      "x": 14,
      "y": -2.5
    },
    "originalSize": {
      "width": 190,
      "height": 150
    },
    "rotated": false,
    "capInsets": [
      0,
      0,
      0,
      0
    ],
    "vertices": {
      "rawPosition": [
        -56,
        -71.5,
        0,
        56,
        -71.5,
        0,
        -56,
        71.5,
        0,
        56,
        71.5,
        0
      ],
      "indexes": [
        0,
        1,
        2,
        2,
        1,
        3
      ],
      "uv": [
        53,
        144,
        165,
        144,
        53,
        1,
        165,
        1
      ],
      "nuv": [
        0.2789473684210526,
        0.006666666666666667,
        0.868421052631579,
        0.006666666666666667,
        0.2789473684210526,
        0.96,
        0.868421052631579,
        0.96
      ],
      "minPos": {
        "x": -56,
        "y": -71.5,
        "z": 0
      },
      "maxPos": {
        "x": 56,
        "y": 71.5,
        "z": 0
      }
    },
    "texture": "32e388e2-2049-4ee1-a93a-56462f918a2b@6c48a",
    "packable": true,
    "pixelsToUnit": 100,
    "pivot": {
      "x": 0.5,
      "y": 0.5
    },
    "meshType": 0
  }
}