{
  "__type__": "cc.SpriteFrame",
  "content": {
    "name": "18_00001",
    "atlas": "",
    "rect": {
      "x": 11,
      "y": 22,
      "width": 79,
      "height": 112
    },
    "offset": {
      "x": 0.5,
      "y": -3
    },
    "originalSize": {
      "width": 100,
      "height": 150
    },
    "rotated": false,
    "capInsets": [
      0,
      0,
      0,
      0
    ],
    "vertices": {
      "rawPosition": [
        -39.5,
        -56,
        0,
        39.5,
        -56,
        0,
        -39.5,
        56,
        0,
        39.5,
        56,
        0
      ],
      "indexes": [
        0,
        1,
        2,
        2,
        1,
        3
      ],
      "uv": [
        11,
        128,
        90,
        128,
        11,
        16,
        90,
        16
      ],
      "nuv": [
        0.11,
        0.10666666666666667,
        0.9,
        0.10666666666666667,
        0.11,
        0.8533333333333334,
        0.9,
        0.8533333333333334
      ],
      "minPos": {
        "x": -39.5,
        "y": -56,
        "z": 0
      },
      "maxPos": {
        "x": 39.5,
        "y": 56,
        "z": 0
      }
    },
    "texture": "2810cfa3-730c-4ff0-a400-ba7fa9b916ec@6c48a",
    "packable": true,
    "pixelsToUnit": 100,
    "pivot": {
      "x": 0.5,
      "y": 0.5
    },
    "meshType": 0
  }
}