{
  "__type__": "cc.SpriteFrame",
  "content": {
    "name": "monster14_08",
    "atlas": "",
    "rect": {
      "x": 30,
      "y": 14,
      "width": 73,
      "height": 110
    },
    "offset": {
      "x": 2.5,
      "y": -6
    },
    "originalSize": {
      "width": 128,
      "height": 126
    },
    "rotated": false,
    "capInsets": [
      0,
      0,
      0,
      0
    ],
    "vertices": {
      "rawPosition": [
        -36.5,
        -55,
        0,
        36.5,
        -55,
        0,
        -36.5,
        55,
        0,
        36.5,
        55,
        0
      ],
      "indexes": [
        0,
        1,
        2,
        2,
        1,
        3
      ],
      "uv": [
        30,
        112,
        103,
        112,
        30,
        2,
        103,
        2
      ],
      "nuv": [
        0.234375,
        0.015873015873015872,
        0.8046875,
        0.015873015873015872,
        0.234375,
        0.8888888888888888,
        0.8046875,
        0.8888888888888888
      ],
      "minPos": {
        "x": -36.5,
        "y": -55,
        "z": 0
      },
      "maxPos": {
        "x": 36.5,
        "y": 55,
        "z": 0
      }
    },
    "texture": "28bfcc7d-d9d5-4d1b-845e-27df4e105f22@6c48a",
    "packable": true,
    "pixelsToUnit": 100,
    "pivot": {
      "x": 0.5,
      "y": 0.5
    },
    "meshType": 0
  }
}