{
  "__type__": "cc.SpriteFrame",
  "content": {
    "name": "boss1_04",
    "atlas": "",
    "rect": {
      "x": 31,
      "y": 12,
      "width": 191,
      "height": 180
    },
    "offset": {
      "x": 2.5,
      "y": -4.5
    },
    "originalSize": {
      "width": 248,
      "height": 195
    },
    "rotated": false,
    "capInsets": [
      0,
      0,
      0,
      0
    ],
    "vertices": {
      "rawPosition": [
        -95.5,
        -90,
        0,
        95.5,
        -90,
        0,
        -95.5,
        90,
        0,
        95.5,
        90,
        0
      ],
      "indexes": [
        0,
        1,
        2,
        2,
        1,
        3
      ],
      "uv": [
        31,
        183,
        222,
        183,
        31,
        3,
        222,
        3
      ],
      "nuv": [
        0.125,
        0.015384615384615385,
        0.8951612903225806,
        0.015384615384615385,
        0.125,
        0.9384615384615385,
        0.8951612903225806,
        0.9384615384615385
      ],
      "minPos": {
        "x": -95.5,
        "y": -90,
        "z": 0
      },
      "maxPos": {
        "x": 95.5,
        "y": 90,
        "z": 0
      }
    },
    "texture": "1c1f7e19-f03c-497a-9cc0-71db76d2924b@6c48a",
    "packable": true,
    "pixelsToUnit": 100,
    "pivot": {
      "x": 0.5,
      "y": 0.5
    },
    "meshType": 0
  }
}