{
  "__type__": "cc.SpriteFrame",
  "content": {
    "name": "btnBg1",
    "atlas": "",
    "rect": {
      "x": 0,
      "y": 1,
      "width": 137,
      "height": 128
    },
    "offset": {
      "x": 0,
      "y": -0.5
    },
    "originalSize": {
      "width": 137,
      "height": 129
    },
    "rotated": false,
    "capInsets": [
      0,
      0,
      0,
      0
    ],
    "vertices": {
      "rawPosition": [
        -68.5,
        -64,
        0,
        68.5,
        -64,
        0,
        -68.5,
        64,
        0,
        68.5,
        64,
        0
      ],
      "indexes": [
        0,
        1,
        2,
        2,
        1,
        3
      ],
      "uv": [
        0,
        128,
        137,
        128,
        0,
        0,
        137,
        0
      ],
      "nuv": [
        0,
        0,
        1,
        0,
        0,
        0.9922480620155039,
        1,
        0.9922480620155039
      ],
      "minPos": {
        "x": -68.5,
        "y": -64,
        "z": 0
      },
      "maxPos": {
        "x": 68.5,
        "y": 64,
        "z": 0
      }
    },
    "texture": "1c2c2190-0a5e-4791-84c7-9c8b6ef7946b@6c48a",
    "packable": true,
    "pixelsToUnit": 100,
    "pivot": {
      "x": 0.5,
      "y": 0.5
    },
    "meshType": 0
  }
}