{
  "__type__": "cc.SpriteFrame",
  "content": {
    "name": "sunHeart_002",
    "atlas": "",
    "rect": {
      "x": 2,
      "y": 2,
      "width": 89,
      "height": 92
    },
    "offset": {
      "x": -0.5,
      "y": 0.5
    },
    "originalSize": {
      "width": 94,
      "height": 97
    },
    "rotated": false,
    "capInsets": [
      0,
      0,
      0,
      0
    ],
    "vertices": {
      "rawPosition": [
        -44.5,
        -46,
        0,
        44.5,
        -46,
        0,
        -44.5,
        46,
        0,
        44.5,
        46,
        0
      ],
      "indexes": [
        0,
        1,
        2,
        2,
        1,
        3
      ],
      "uv": [
        2,
        95,
        91,
        95,
        2,
        3,
        91,
        3
      ],
      "nuv": [
        0.02127659574468085,
        0.030927835051546393,
        0.9680851063829787,
        0.030927835051546393,
        0.02127659574468085,
        0.979381443298969,
        0.9680851063829787,
        0.979381443298969
      ],
      "minPos": {
        "x": -44.5,
        "y": -46,
        "z": 0
      },
      "maxPos": {
        "x": 44.5,
        "y": 46,
        "z": 0
      }
    },
    "texture": "c42dbebe-ffda-411d-afac-4281bdba2b6e@6c48a",
    "packable": true,
    "pixelsToUnit": 100,
    "pivot": {
      "x": 0.5,
      "y": 0.5
    },
    "meshType": 0
  }
}