{
  "__type__": "cc.SpriteFrame",
  "content": {
    "name": "2_00000",
    "atlas": "",
    "rect": {
      "x": 3,
      "y": 14,
      "width": 90,
      "height": 109
    },
    "offset": {
      "x": 0.5,
      "y": -6
    },
    "originalSize": {
      "width": 95,
      "height": 125
    },
    "rotated": false,
    "capInsets": [
      0,
      0,
      0,
      0
    ],
    "vertices": {
      "rawPosition": [
        -45,
        -54.5,
        0,
        45,
        -54.5,
        0,
        -45,
        54.5,
        0,
        45,
        54.5,
        0
      ],
      "indexes": [
        0,
        1,
        2,
        2,
        1,
        3
      ],
      "uv": [
        3,
        111,
        93,
        111,
        3,
        2,
        93,
        2
      ],
      "nuv": [
        0.031578947368421054,
        0.016,
        0.9789473684210527,
        0.016,
        0.031578947368421054,
        0.888,
        0.9789473684210527,
        0.888
      ],
      "minPos": {
        "x": -45,
        "y": -54.5,
        "z": 0
      },
      "maxPos": {
        "x": 45,
        "y": 54.5,
        "z": 0
      }
    },
    "texture": "c4d697c5-15a3-483f-a0d4-ad7e39483a60@6c48a",
    "packable": true,
    "pixelsToUnit": 100,
    "pivot": {
      "x": 0.5,
      "y": 0.5
    },
    "meshType": 0
  }
}