{
  "__type__": "cc.SpriteFrame",
  "content": {
    "name": "equWeaponCD",
    "atlas": "",
    "rect": {
      "x": 0,
      "y": 0,
      "width": 196,
      "height": 21
    },
    "offset": {
      "x": 0,
      "y": 0.5
    },
    "originalSize": {
      "width": 196,
      "height": 22
    },
    "rotated": false,
    "capInsets": [
      0,
      0,
      0,
      0
    ],
    "vertices": {
      "rawPosition": [
        -98,
        -10.5,
        0,
        98,
        -10.5,
        0,
        -98,
        10.5,
        0,
        98,
        10.5,
        0
      ],
      "indexes": [
        0,
        1,
        2,
        2,
        1,
        3
      ],
      "uv": [
        0,
        22,
        196,
        22,
        0,
        1,
        196,
        1
      ],
      "nuv": [
        0,
        0.045454545454545456,
        1,
        0.045454545454545456,
        0,
        1,
        1,
        1
      ],
      "minPos": {
        "x": -98,
        "y": -10.5,
        "z": 0
      },
      "maxPos": {
        "x": 98,
        "y": 10.5,
        "z": 0
      }
    },
    "texture": "c1a5a193-15e9-440d-8647-a3c6860b725e@6c48a",
    "packable": true,
    "pixelsToUnit": 100,
    "pivot": {
      "x": 0.5,
      "y": 0.5
    },
    "meshType": 0
  }
}