{
  "__type__": "cc.SpriteFrame",
  "content": {
    "name": "monster31_09",
    "atlas": "",
    "rect": {
      "x": 3,
      "y": 2,
      "width": 103,
      "height": 115
    },
    "offset": {
      "x": 0,
      "y": 0.5
    },
    "originalSize": {
      "width": 109,
      "height": 120
    },
    "rotated": false,
    "capInsets": [
      0,
      0,
      0,
      0
    ],
    "vertices": {
      "rawPosition": [
        -51.5,
        -57.5,
        0,
        51.5,
        -57.5,
        0,
        -51.5,
        57.5,
        0,
        51.5,
        57.5,
        0
      ],
      "indexes": [
        0,
        1,
        2,
        2,
        1,
        3
      ],
      "uv": [
        3,
        118,
        106,
        118,
        3,
        3,
        106,
        3
      ],
      "nuv": [
        0.027522935779816515,
        0.025,
        0.9724770642201835,
        0.025,
        0.027522935779816515,
        0.9833333333333333,
        0.9724770642201835,
        0.9833333333333333
      ],
      "minPos": {
        "x": -51.5,
        "y": -57.5,
        "z": 0
      },
      "maxPos": {
        "x": 51.5,
        "y": 57.5,
        "z": 0
      }
    },
    "texture": "8e203937-b266-4400-9f39-8dcf135335a5@6c48a",
    "packable": true,
    "pixelsToUnit": 100,
    "pivot": {
      "x": 0.5,
      "y": 0.5
    },
    "meshType": 0
  }
}