{
  "__type__": "cc.SpriteFrame",
  "content": {
    "name": "monster19_09",
    "atlas": "",
    "rect": {
      "x": 0,
      "y": 12,
      "width": 210,
      "height": 122
    },
    "offset": {
      "x": -3,
      "y": -5.5
    },
    "originalSize": {
      "width": 216,
      "height": 135
    },
    "rotated": false,
    "capInsets": [
      0,
      0,
      0,
      0
    ],
    "vertices": {
      "rawPosition": [
        -105,
        -61,
        0,
        105,
        -61,
        0,
        -105,
        61,
        0,
        105,
        61,
        0
      ],
      "indexes": [
        0,
        1,
        2,
        2,
        1,
        3
      ],
      "uv": [
        0,
        123,
        210,
        123,
        0,
        1,
        210,
        1
      ],
      "nuv": [
        0,
        0.007407407407407408,
        0.9722222222222222,
        0.007407407407407408,
        0,
        0.9111111111111111,
        0.9722222222222222,
        0.9111111111111111
      ],
      "minPos": {
        "x": -105,
        "y": -61,
        "z": 0
      },
      "maxPos": {
        "x": 105,
        "y": 61,
        "z": 0
      }
    },
    "texture": "8e7f76fd-3b24-4fe4-9f30-57c6870f54de@6c48a",
    "packable": true,
    "pixelsToUnit": 100,
    "pivot": {
      "x": 0.5,
      "y": 0.5
    },
    "meshType": 0
  }
}