{
  "__type__": "cc.SpriteFrame",
  "content": {
    "name": "monster19_08",
    "atlas": "",
    "rect": {
      "x": 3,
      "y": 11,
      "width": 210,
      "height": 123
    },
    "offset": {
      "x": 0,
      "y": -5
    },
    "originalSize": {
      "width": 216,
      "height": 135
    },
    "rotated": false,
    "capInsets": [
      0,
      0,
      0,
      0
    ],
    "vertices": {
      "rawPosition": [
        -105,
        -61.5,
        0,
        105,
        -61.5,
        0,
        -105,
        61.5,
        0,
        105,
        61.5,
        0
      ],
      "indexes": [
        0,
        1,
        2,
        2,
        1,
        3
      ],
      "uv": [
        3,
        124,
        213,
        124,
        3,
        1,
        213,
        1
      ],
      "nuv": [
        0.013888888888888888,
        0.007407407407407408,
        0.9861111111111112,
        0.007407407407407408,
        0.013888888888888888,
        0.9185185185185185,
        0.9861111111111112,
        0.9185185185185185
      ],
      "minPos": {
        "x": -105,
        "y": -61.5,
        "z": 0
      },
      "maxPos": {
        "x": 105,
        "y": 61.5,
        "z": 0
      }
    },
    "texture": "3e10a9f2-6873-4e9c-a4e5-1869480c9716@6c48a",
    "packable": true,
    "pixelsToUnit": 100,
    "pivot": {
      "x": 0.5,
      "y": 0.5
    },
    "meshType": 0
  }
}