{
  "__type__": "cc.SpriteFrame",
  "content": {
    "name": "6_00007",
    "atlas": "",
    "rect": {
      "x": 5,
      "y": 3,
      "width": 139,
      "height": 127
    },
    "offset": {
      "x": -0.5,
      "y": 1
    },
    "originalSize": {
      "width": 150,
      "height": 135
    },
    "rotated": false,
    "capInsets": [
      0,
      0,
      0,
      0
    ],
    "vertices": {
      "rawPosition": [
        -69.5,
        -63.5,
        0,
        69.5,
        -63.5,
        0,
        -69.5,
        63.5,
        0,
        69.5,
        63.5,
        0
      ],
      "indexes": [
        0,
        1,
        2,
        2,
        1,
        3
      ],
      "uv": [
        5,
        132,
        144,
        132,
        5,
        5,
        144,
        5
      ],
      "nuv": [
        0.03333333333333333,
        0.037037037037037035,
        0.96,
        0.037037037037037035,
        0.03333333333333333,
        0.9777777777777777,
        0.96,
        0.9777777777777777
      ],
      "minPos": {
        "x": -69.5,
        "y": -63.5,
        "z": 0
      },
      "maxPos": {
        "x": 69.5,
        "y": 63.5,
        "z": 0
      }
    },
    "texture": "3e50f9ee-9502-4641-aad5-ca29c05d06f4@6c48a",
    "packable": true,
    "pixelsToUnit": 100,
    "pivot": {
      "x": 0.5,
      "y": 0.5
    },
    "meshType": 0
  }
}