{
  "__type__": "cc.SpriteFrame",
  "content": {
    "name": "run_00001",
    "atlas": "",
    "rect": {
      "x": 6,
      "y": 8,
      "width": 177,
      "height": 142
    },
    "offset": {
      "x": -0.5,
      "y": -4
    },
    "originalSize": {
      "width": 190,
      "height": 150
    },
    "rotated": false,
    "capInsets": [
      0,
      0,
      0,
      0
    ],
    "vertices": {
      "rawPosition": [
        -88.5,
        -71,
        0,
        88.5,
        -71,
        0,
        -88.5,
        71,
        0,
        88.5,
        71,
        0
      ],
      "indexes": [
        0,
        1,
        2,
        2,
        1,
        3
      ],
      "uv": [
        6,
        142,
        183,
        142,
        6,
        0,
        183,
        0
      ],
      "nuv": [
        0.031578947368421054,
        0,
        0.9631578947368421,
        0,
        0.031578947368421054,
        0.9466666666666667,
        0.9631578947368421,
        0.9466666666666667
      ],
      "minPos": {
        "x": -88.5,
        "y": -71,
        "z": 0
      },
      "maxPos": {
        "x": 88.5,
        "y": 71,
        "z": 0
      }
    },
    "texture": "3ea1e359-3ad9-44cd-ac44-98bfbe5bb39a@6c48a",
    "packable": true,
    "pixelsToUnit": 100,
    "pivot": {
      "x": 0.5,
      "y": 0.5
    },
    "meshType": 0
  }
}