{
  "__type__": "cc.SpriteFrame",
  "content": {
    "name": "boss2_11",
    "atlas": "",
    "rect": {
      "x": 9,
      "y": 0,
      "width": 235,
      "height": 201
    },
    "offset": {
      "x": 3.5,
      "y": 0.5
    },
    "originalSize": {
      "width": 246,
      "height": 202
    },
    "rotated": false,
    "capInsets": [
      0,
      0,
      0,
      0
    ],
    "vertices": {
      "rawPosition": [
        -117.5,
        -100.5,
        0,
        117.5,
        -100.5,
        0,
        -117.5,
        100.5,
        0,
        117.5,
        100.5,
        0
      ],
      "indexes": [
        0,
        1,
        2,
        2,
        1,
        3
      ],
      "uv": [
        9,
        202,
        244,
        202,
        9,
        1,
        244,
        1
      ],
      "nuv": [
        0.036585365853658534,
        0.0049504950495049506,
        0.991869918699187,
        0.0049504950495049506,
        0.036585365853658534,
        1,
        0.991869918699187,
        1
      ],
      "minPos": {
        "x": -117.5,
        "y": -100.5,
        "z": 0
      },
      "maxPos": {
        "x": 117.5,
        "y": 100.5,
        "z": 0
      }
    },
    "texture": "3ea8d64a-a0d7-40bb-b7f9-ab9f6f6512d4@6c48a",
    "packable": true,
    "pixelsToUnit": 100,
    "pivot": {
      "x": 0.5,
      "y": 0.5
    },
    "meshType": 0
  }
}