{
  "__type__": "cc.SpriteFrame",
  "content": {
    "name": "monster24-火_13",
    "atlas": "",
    "rect": {
      "x": 0,
      "y": 22,
      "width": 126,
      "height": 86
    },
    "offset": {
      "x": -1,
      "y": -8.5
    },
    "originalSize": {
      "width": 128,
      "height": 113
    },
    "rotated": false,
    "capInsets": [
      0,
      0,
      0,
      0
    ],
    "vertices": {
      "rawPosition": [
        -63,
        -43,
        0,
        63,
        -43,
        0,
        -63,
        43,
        0,
        63,
        43,
        0
      ],
      "indexes": [
        0,
        1,
        2,
        2,
        1,
        3
      ],
      "uv": [
        0,
        91,
        126,
        91,
        0,
        5,
        126,
        5
      ],
      "nuv": [
        0,
        0.04424778761061947,
        0.984375,
        0.04424778761061947,
        0,
        0.8053097345132744,
        0.984375,
        0.8053097345132744
      ],
      "minPos": {
        "x": -63,
        "y": -43,
        "z": 0
      },
      "maxPos": {
        "x": 63,
        "y": 43,
        "z": 0
      }
    },
    "texture": "3eb2ea89-1b8c-4a03-8261-ec901bf0f275@6c48a",
    "packable": true,
    "pixelsToUnit": 100,
    "pivot": {
      "x": 0.5,
      "y": 0.5
    },
    "meshType": 0
  }
}