{
  "__type__": "cc.SpriteFrame",
  "content": {
    "name": "samadhiTrueFire_007",
    "atlas": "",
    "rect": {
      "x": 0,
      "y": 0,
      "width": 313,
      "height": 130
    },
    "offset": {
      "x": 0,
      "y": 1.5
    },
    "originalSize": {
      "width": 313,
      "height": 133
    },
    "rotated": false,
    "capInsets": [
      0,
      0,
      0,
      0
    ],
    "vertices": {
      "rawPosition": [
        -156.5,
        -65,
        0,
        156.5,
        -65,
        0,
        -156.5,
        65,
        0,
        156.5,
        65,
        0
      ],
      "indexes": [
        0,
        1,
        2,
        2,
        1,
        3
      ],
      "uv": [
        0,
        133,
        313,
        133,
        0,
        3,
        313,
        3
      ],
      "nuv": [
        0,
        0.022556390977443608,
        1,
        0.022556390977443608,
        0,
        1,
        1,
        1
      ],
      "minPos": {
        "x": -156.5,
        "y": -65,
        "z": 0
      },
      "maxPos": {
        "x": 156.5,
        "y": 65,
        "z": 0
      }
    },
    "texture": "3eb746ba-0df4-4dfb-89ce-46956d3267aa@6c48a",
    "packable": true,
    "pixelsToUnit": 100,
    "pivot": {
      "x": 0.5,
      "y": 0.5
    },
    "meshType": 0
  }
}