{
  "__type__": "cc.SpriteFrame",
  "content": {
    "name": "boss1_12",
    "atlas": "",
    "rect": {
      "x": 11,
      "y": 3,
      "width": 198,
      "height": 189
    },
    "offset": {
      "x": -14,
      "y": 0
    },
    "originalSize": {
      "width": 248,
      "height": 195
    },
    "rotated": false,
    "capInsets": [
      0,
      0,
      0,
      0
    ],
    "vertices": {
      "rawPosition": [
        -99,
        -94.5,
        0,
        99,
        -94.5,
        0,
        -99,
        94.5,
        0,
        99,
        94.5,
        0
      ],
      "indexes": [
        0,
        1,
        2,
        2,
        1,
        3
      ],
      "uv": [
        11,
        192,
        209,
        192,
        11,
        3,
        209,
        3
      ],
      "nuv": [
        0.04435483870967742,
        0.015384615384615385,
        0.842741935483871,
        0.015384615384615385,
        0.04435483870967742,
        0.9846153846153847,
        0.842741935483871,
        0.9846153846153847
      ],
      "minPos": {
        "x": -99,
        "y": -94.5,
        "z": 0
      },
      "maxPos": {
        "x": 99,
        "y": 94.5,
        "z": 0
      }
    },
    "texture": "e462d094-49d6-4835-a001-f32a37e32a01@6c48a",
    "packable": true,
    "pixelsToUnit": 100,
    "pivot": {
      "x": 0.5,
      "y": 0.5
    },
    "meshType": 0
  }
}