{
  "__type__": "cc.SpriteFrame",
  "content": {
    "name": "mergeTarget",
    "atlas": "",
    "rect": {
      "x": 1,
      "y": 0,
      "width": 500,
      "height": 256
    },
    "offset": {
      "x": 0,
      "y": 0
    },
    "originalSize": {
      "width": 502,
      "height": 256
    },
    "rotated": false,
    "capInsets": [
      0,
      0,
      0,
      0
    ],
    "vertices": {
      "rawPosition": [
        -250,
        -128,
        0,
        250,
        -128,
        0,
        -250,
        128,
        0,
        250,
        128,
        0
      ],
      "indexes": [
        0,
        1,
        2,
        2,
        1,
        3
      ],
      "uv": [
        1,
        256,
        501,
        256,
        1,
        0,
        501,
        0
      ],
      "nuv": [
        0.00199203187250996,
        0,
        0.99800796812749,
        0,
        0.00199203187250996,
        1,
        0.99800796812749,
        1
      ],
      "minPos": {
        "x": -250,
        "y": -128,
        "z": 0
      },
      "maxPos": {
        "x": 250,
        "y": 128,
        "z": 0
      }
    },
    "texture": "9bfca939-9148-4f32-a919-7c776ab4e46a@6c48a",
    "packable": true,
    "pixelsToUnit": 100,
    "pivot": {
      "x": 0.5,
      "y": 0.5
    },
    "meshType": 0
  }
}