{
  "__type__": "cc.SpriteFrame",
  "content": {
    "name": "xinfa",
    "atlas": "",
    "rect": {
      "x": 1,
      "y": 1,
      "width": 133,
      "height": 64
    },
    "offset": {
      "x": 0,
      "y": 0
    },
    "originalSize": {
      "width": 135,
      "height": 66
    },
    "rotated": false,
    "capInsets": [
      0,
      0,
      0,
      0
    ],
    "vertices": {
      "rawPosition": [
        -66.5,
        -32,
        0,
        66.5,
        -32,
        0,
        -66.5,
        32,
        0,
        66.5,
        32,
        0
      ],
      "indexes": [
        0,
        1,
        2,
        2,
        1,
        3
      ],
      "uv": [
        1,
        65,
        134,
        65,
        1,
        1,
        134,
        1
      ],
      "nuv": [
        0.007407407407407408,
        0.015151515151515152,
        0.9925925925925926,
        0.015151515151515152,
        0.007407407407407408,
        0.9848484848484849,
        0.9925925925925926,
        0.9848484848484849
      ],
      "minPos": {
        "x": -66.5,
        "y": -32,
        "z": 0
      },
      "maxPos": {
        "x": 66.5,
        "y": 32,
        "z": 0
      }
    },
    "texture": "f1b29561-5140-40ed-86ff-3d2b5fb10b0b@6c48a",
    "packable": true,
    "pixelsToUnit": 100,
    "pivot": {
      "x": 0.5,
      "y": 0.5
    },
    "meshType": 0
  }
}