{
  "__type__": "cc.SpriteFrame",
  "content": {
    "name": "1_00000",
    "atlas": "",
    "rect": {
      "x": 1,
      "y": 1,
      "width": 95,
      "height": 129
    },
    "offset": {
      "x": -1.5,
      "y": -0.5
    },
    "originalSize": {
      "width": 100,
      "height": 130
    },
    "rotated": false,
    "capInsets": [
      0,
      0,
      0,
      0
    ],
    "vertices": {
      "rawPosition": [
        -47.5,
        -64.5,
        0,
        47.5,
        -64.5,
        0,
        -47.5,
        64.5,
        0,
        47.5,
        64.5,
        0
      ],
      "indexes": [
        0,
        1,
        2,
        2,
        1,
        3
      ],
      "uv": [
        1,
        129,
        96,
        129,
        1,
        0,
        96,
        0
      ],
      "nuv": [
        0.01,
        0,
        0.96,
        0,
        0.01,
        0.9923076923076923,
        0.96,
        0.9923076923076923
      ],
      "minPos": {
        "x": -47.5,
        "y": -64.5,
        "z": 0
      },
      "maxPos": {
        "x": 47.5,
        "y": 64.5,
        "z": 0
      }
    },
    "texture": "f1e2d5d7-7e3c-4ed7-92ff-26accedf0fdb@6c48a",
    "packable": true,
    "pixelsToUnit": 100,
    "pivot": {
      "x": 0.5,
      "y": 0.5
    },
    "meshType": 0
  }
}