{
  "__type__": "cc.SpriteFrame",
  "content": {
    "name": "ddd_00012",
    "atlas": "",
    "rect": {
      "x": 9,
      "y": 50,
      "width": 46,
      "height": 42
    },
    "offset": {
      "x": -3,
      "y": -21
    },
    "originalSize": {
      "width": 70,
      "height": 100
    },
    "rotated": false,
    "capInsets": [
      0,
      0,
      0,
      0
    ],
    "vertices": {
      "rawPosition": [
        -23,
        -21,
        0,
        23,
        -21,
        0,
        -23,
        21,
        0,
        23,
        21,
        0
      ],
      "indexes": [
        0,
        1,
        2,
        2,
        1,
        3
      ],
      "uv": [
        9,
        50,
        55,
        50,
        9,
        8,
        55,
        8
      ],
      "nuv": [
        0.12857142857142856,
        0.08,
        0.7857142857142857,
        0.08,
        0.12857142857142856,
        0.5,
        0.7857142857142857,
        0.5
      ],
      "minPos": {
        "x": -23,
        "y": -21,
        "z": 0
      },
      "maxPos": {
        "x": 23,
        "y": 21,
        "z": 0
      }
    },
    "texture": "4c061551-a450-4f9f-bc65-6a9c755972ba@6c48a",
    "packable": true,
    "pixelsToUnit": 100,
    "pivot": {
      "x": 0.5,
      "y": 0.5
    },
    "meshType": 0
  }
}