{
  "__type__": "cc.SpriteFrame",
  "content": {
    "name": "dangerWindToNear_00000",
    "atlas": "",
    "rect": {
      "x": 4,
      "y": 0,
      "width": 119,
      "height": 165
    },
    "offset": {
      "x": 2,
      "y": 1.5
    },
    "originalSize": {
      "width": 123,
      "height": 168
    },
    "rotated": false,
    "capInsets": [
      0,
      0,
      0,
      0
    ],
    "vertices": {
      "rawPosition": [
        -59.5,
        -82.5,
        0,
        59.5,
        -82.5,
        0,
        -59.5,
        82.5,
        0,
        59.5,
        82.5,
        0
      ],
      "indexes": [
        0,
        1,
        2,
        2,
        1,
        3
      ],
      "uv": [
        4,
        168,
        123,
        168,
        4,
        3,
        123,
        3
      ],
      "nuv": [
        0.032520325203252036,
        0.017857142857142856,
        1,
        0.017857142857142856,
        0.032520325203252036,
        1,
        1,
        1
      ],
      "minPos": {
        "x": -59.5,
        "y": -82.5,
        "z": 0
      },
      "maxPos": {
        "x": 59.5,
        "y": 82.5,
        "z": 0
      }
    },
    "texture": "6ab41393-5d98-4436-b2b4-ae8d15e41787@6c48a",
    "packable": true,
    "pixelsToUnit": 100,
    "pivot": {
      "x": 0.5,
      "y": 0.5
    },
    "meshType": 0
  }
}