{
  "__type__": "cc.SpriteFrame",
  "content": {
    "name": "11_00007",
    "atlas": "",
    "rect": {
      "x": 20,
      "y": 7,
      "width": 104,
      "height": 188
    },
    "offset": {
      "x": 2,
      "y": -1
    },
    "originalSize": {
      "width": 140,
      "height": 200
    },
    "rotated": false,
    "capInsets": [
      0,
      0,
      0,
      0
    ],
    "vertices": {
      "rawPosition": [
        -52,
        -94,
        0,
        52,
        -94,
        0,
        -52,
        94,
        0,
        52,
        94,
        0
      ],
      "indexes": [
        0,
        1,
        2,
        2,
        1,
        3
      ],
      "uv": [
        20,
        193,
        124,
        193,
        20,
        5,
        124,
        5
      ],
      "nuv": [
        0.14285714285714285,
        0.025,
        0.8857142857142857,
        0.025,
        0.14285714285714285,
        0.965,
        0.8857142857142857,
        0.965
      ],
      "minPos": {
        "x": -52,
        "y": -94,
        "z": 0
      },
      "maxPos": {
        "x": 52,
        "y": 94,
        "z": 0
      }
    },
    "texture": "6acafad0-f475-4e59-97a4-b5959f678959@6c48a",
    "packable": true,
    "pixelsToUnit": 100,
    "pivot": {
      "x": 0.5,
      "y": 0.5
    },
    "meshType": 0
  }
}