{
  "__type__": "cc.SpriteFrame",
  "content": {
    "name": "thunderFissionBead_00005",
    "atlas": "",
    "rect": {
      "x": 0,
      "y": 36,
      "width": 221,
      "height": 201
    },
    "offset": {
      "x": 0,
      "y": -18
    },
    "originalSize": {
      "width": 221,
      "height": 237
    },
    "rotated": false,
    "capInsets": [
      0,
      0,
      0,
      0
    ],
    "vertices": {
      "rawPosition": [
        -110.5,
        -100.5,
        0,
        110.5,
        -100.5,
        0,
        -110.5,
        100.5,
        0,
        110.5,
        100.5,
        0
      ],
      "indexes": [
        0,
        1,
        2,
        2,
        1,
        3
      ],
      "uv": [
        0,
        201,
        221,
        201,
        0,
        0,
        221,
        0
      ],
      "nuv": [
        0,
        0,
        1,
        0,
        0,
        0.8481012658227848,
        1,
        0.8481012658227848
      ],
      "minPos": {
        "x": -110.5,
        "y": -100.5,
        "z": 0
      },
      "maxPos": {
        "x": 110.5,
        "y": 100.5,
        "z": 0
      }
    },
    "texture": "718e0af1-3eca-4b51-bca9-efb31a7769f8@6c48a",
    "packable": true,
    "pixelsToUnit": 100,
    "pivot": {
      "x": 0.5,
      "y": 0.5
    },
    "meshType": 0
  }
}