{
  "__type__": "cc.SpriteFrame",
  "content": {
    "name": "monster33_07",
    "atlas": "",
    "rect": {
      "x": 13,
      "y": 4,
      "width": 100,
      "height": 122
    },
    "offset": {
      "x": 3,
      "y": -1
    },
    "originalSize": {
      "width": 120,
      "height": 128
    },
    "rotated": false,
    "capInsets": [
      0,
      0,
      0,
      0
    ],
    "vertices": {
      "rawPosition": [
        -50,
        -61,
        0,
        50,
        -61,
        0,
        -50,
        61,
        0,
        50,
        61,
        0
      ],
      "indexes": [
        0,
        1,
        2,
        2,
        1,
        3
      ],
      "uv": [
        13,
        124,
        113,
        124,
        13,
        2,
        113,
        2
      ],
      "nuv": [
        0.10833333333333334,
        0.015625,
        0.9416666666666667,
        0.015625,
        0.10833333333333334,
        0.96875,
        0.9416666666666667,
        0.96875
      ],
      "minPos": {
        "x": -50,
        "y": -61,
        "z": 0
      },
      "maxPos": {
        "x": 50,
        "y": 61,
        "z": 0
      }
    },
    "texture": "82597416-5fa5-4e95-b593-423747383912@6c48a",
    "packable": true,
    "pixelsToUnit": 100,
    "pivot": {
      "x": 0.5,
      "y": 0.5
    },
    "meshType": 0
  }
}