{
  "__type__": "cc.SpriteFrame",
  "content": {
    "name": "ccc_00005",
    "atlas": "",
    "rect": {
      "x": 8,
      "y": 5,
      "width": 58,
      "height": 110
    },
    "offset": {
      "x": 2,
      "y": 0
    },
    "originalSize": {
      "width": 70,
      "height": 120
    },
    "rotated": false,
    "capInsets": [
      0,
      0,
      0,
      0
    ],
    "vertices": {
      "rawPosition": [
        -29,
        -55,
        0,
        29,
        -55,
        0,
        -29,
        55,
        0,
        29,
        55,
        0
      ],
      "indexes": [
        0,
        1,
        2,
        2,
        1,
        3
      ],
      "uv": [
        8,
        115,
        66,
        115,
        8,
        5,
        66,
        5
      ],
      "nuv": [
        0.11428571428571428,
        0.041666666666666664,
        0.9428571428571428,
        0.041666666666666664,
        0.11428571428571428,
        0.9583333333333334,
        0.9428571428571428,
        0.9583333333333334
      ],
      "minPos": {
        "x": -29,
        "y": -55,
        "z": 0
      },
      "maxPos": {
        "x": 29,
        "y": 55,
        "z": 0
      }
    },
    "texture": "82bda6b2-3f4c-455f-a8db-36eb496250c9@6c48a",
    "packable": true,
    "pixelsToUnit": 100,
    "pivot": {
      "x": 0.5,
      "y": 0.5
    },
    "meshType": 0
  }
}