{
  "__type__": "cc.SpriteFrame",
  "content": {
    "name": "ddd_00000",
    "atlas": "",
    "rect": {
      "x": 17,
      "y": 3,
      "width": 26,
      "height": 57
    },
    "offset": {
      "x": -5,
      "y": 18.5
    },
    "originalSize": {
      "width": 70,
      "height": 100
    },
    "rotated": false,
    "capInsets": [
      0,
      0,
      0,
      0
    ],
    "vertices": {
      "rawPosition": [
        -13,
        -28.5,
        0,
        13,
        -28.5,
        0,
        -13,
        28.5,
        0,
        13,
        28.5,
        0
      ],
      "indexes": [
        0,
        1,
        2,
        2,
        1,
        3
      ],
      "uv": [
        17,
        97,
        43,
        97,
        17,
        40,
        43,
        40
      ],
      "nuv": [
        0.24285714285714285,
        0.4,
        0.6142857142857143,
        0.4,
        0.24285714285714285,
        0.97,
        0.6142857142857143,
        0.97
      ],
      "minPos": {
        "x": -13,
        "y": -28.5,
        "z": 0
      },
      "maxPos": {
        "x": 13,
        "y": 28.5,
        "z": 0
      }
    },
    "texture": "82cf23f1-8618-4028-8a1e-b3fb1b5c1656@6c48a",
    "packable": true,
    "pixelsToUnit": 100,
    "pivot": {
      "x": 0.5,
      "y": 0.5
    },
    "meshType": 0
  }
}