{
  "__type__": "cc.SpriteFrame",
  "content": {
    "name": "getPrizeBtn",
    "atlas": "",
    "rect": {
      "x": 1,
      "y": 2,
      "width": 126,
      "height": 155
    },
    "offset": {
      "x": 0,
      "y": -0.5
    },
    "originalSize": {
      "width": 128,
      "height": 158
    },
    "rotated": false,
    "capInsets": [
      0,
      0,
      0,
      0
    ],
    "vertices": {
      "rawPosition": [
        -63,
        -77.5,
        0,
        63,
        -77.5,
        0,
        -63,
        77.5,
        0,
        63,
        77.5,
        0
      ],
      "indexes": [
        0,
        1,
        2,
        2,
        1,
        3
      ],
      "uv": [
        1,
        156,
        127,
        156,
        1,
        1,
        127,
        1
      ],
      "nuv": [
        0.0078125,
        0.006329113924050633,
        0.9921875,
        0.006329113924050633,
        0.0078125,
        0.9873417721518988,
        0.9921875,
        0.9873417721518988
      ],
      "minPos": {
        "x": -63,
        "y": -77.5,
        "z": 0
      },
      "maxPos": {
        "x": 63,
        "y": 77.5,
        "z": 0
      }
    },
    "texture": "b2732dd7-69f3-4b35-8894-f189d00344b1@6c48a",
    "packable": true,
    "pixelsToUnit": 100,
    "pivot": {
      "x": 0.5,
      "y": 0.5
    },
    "meshType": 0
  }
}