{
  "__type__": "cc.SpriteFrame",
  "content": {
    "name": "darkMask_012",
    "atlas": "",
    "rect": {
      "x": 2,
      "y": 31,
      "width": 304,
      "height": 257
    },
    "offset": {
      "x": 0,
      "y": -10
    },
    "originalSize": {
      "width": 308,
      "height": 299
    },
    "rotated": false,
    "capInsets": [
      0,
      0,
      0,
      0
    ],
    "vertices": {
      "rawPosition": [
        -152,
        -128.5,
        0,
        152,
        -128.5,
        0,
        -152,
        128.5,
        0,
        152,
        128.5,
        0
      ],
      "indexes": [
        0,
        1,
        2,
        2,
        1,
        3
      ],
      "uv": [
        2,
        268,
        306,
        268,
        2,
        11,
        306,
        11
      ],
      "nuv": [
        0.006493506493506494,
        0.03678929765886288,
        0.9935064935064936,
        0.03678929765886288,
        0.006493506493506494,
        0.8963210702341137,
        0.9935064935064936,
        0.8963210702341137
      ],
      "minPos": {
        "x": -152,
        "y": -128.5,
        "z": 0
      },
      "maxPos": {
        "x": 152,
        "y": 128.5,
        "z": 0
      }
    },
    "texture": "b275d787-c144-4104-a221-be3cc4962837@6c48a",
    "packable": true,
    "pixelsToUnit": 100,
    "pivot": {
      "x": 0.5,
      "y": 0.5
    },
    "meshType": 0
  }
}