{
  "__type__": "cc.SpriteFrame",
  "content": {
    "name": "monster28_02",
    "atlas": "",
    "rect": {
      "x": 2,
      "y": 1,
      "width": 109,
      "height": 94
    },
    "offset": {
      "x": -7.5,
      "y": 2.5
    },
    "originalSize": {
      "width": 128,
      "height": 101
    },
    "rotated": false,
    "capInsets": [
      0,
      0,
      0,
      0
    ],
    "vertices": {
      "rawPosition": [
        -54.5,
        -47,
        0,
        54.5,
        -47,
        0,
        -54.5,
        47,
        0,
        54.5,
        47,
        0
      ],
      "indexes": [
        0,
        1,
        2,
        2,
        1,
        3
      ],
      "uv": [
        2,
        100,
        111,
        100,
        2,
        6,
        111,
        6
      ],
      "nuv": [
        0.015625,
        0.0594059405940594,
        0.8671875,
        0.0594059405940594,
        0.015625,
        0.9900990099009901,
        0.8671875,
        0.9900990099009901
      ],
      "minPos": {
        "x": -54.5,
        "y": -47,
        "z": 0
      },
      "maxPos": {
        "x": 54.5,
        "y": 47,
        "z": 0
      }
    },
    "texture": "b2e5710c-5075-43e0-a5ed-5cc7ec37deb2@6c48a",
    "packable": true,
    "pixelsToUnit": 100,
    "pivot": {
      "x": 0.5,
      "y": 0.5
    },
    "meshType": 0
  }
}