{
  "__type__": "cc.SpriteFrame",
  "content": {
    "name": "9_00005",
    "atlas": "",
    "rect": {
      "x": 10,
      "y": 7,
      "width": 175,
      "height": 157
    },
    "offset": {
      "x": -2.5,
      "y": -0.5
    },
    "originalSize": {
      "width": 200,
      "height": 170
    },
    "rotated": false,
    "capInsets": [
      0,
      0,
      0,
      0
    ],
    "vertices": {
      "rawPosition": [
        -87.5,
        -78.5,
        0,
        87.5,
        -78.5,
        0,
        -87.5,
        78.5,
        0,
        87.5,
        78.5,
        0
      ],
      "indexes": [
        0,
        1,
        2,
        2,
        1,
        3
      ],
      "uv": [
        10,
        163,
        185,
        163,
        10,
        6,
        185,
        6
      ],
      "nuv": [
        0.05,
        0.03529411764705882,
        0.925,
        0.03529411764705882,
        0.05,
        0.9588235294117647,
        0.925,
        0.9588235294117647
      ],
      "minPos": {
        "x": -87.5,
        "y": -78.5,
        "z": 0
      },
      "maxPos": {
        "x": 87.5,
        "y": 78.5,
        "z": 0
      }
    },
    "texture": "9511021c-db24-4d40-8f52-bef31382fa01@6c48a",
    "packable": true,
    "pixelsToUnit": 100,
    "pivot": {
      "x": 0.5,
      "y": 0.5
    },
    "meshType": 0
  }
}