{
  "__type__": "cc.SpriteFrame",
  "content": {
    "name": "doomsdayStorm_00008",
    "atlas": "",
    "rect": {
      "x": 25,
      "y": 7,
      "width": 113,
      "height": 96
    },
    "offset": {
      "x": 6.5,
      "y": -1.5
    },
    "originalSize": {
      "width": 150,
      "height": 107
    },
    "rotated": false,
    "capInsets": [
      0,
      0,
      0,
      0
    ],
    "vertices": {
      "rawPosition": [
        -56.5,
        -48,
        0,
        56.5,
        -48,
        0,
        -56.5,
        48,
        0,
        56.5,
        48,
        0
      ],
      "indexes": [
        0,
        1,
        2,
        2,
        1,
        3
      ],
      "uv": [
        25,
        100,
        138,
        100,
        25,
        4,
        138,
        4
      ],
      "nuv": [
        0.16666666666666666,
        0.037383177570093455,
        0.92,
        0.037383177570093455,
        0.16666666666666666,
        0.9345794392523364,
        0.92,
        0.9345794392523364
      ],
      "minPos": {
        "x": -56.5,
        "y": -48,
        "z": 0
      },
      "maxPos": {
        "x": 56.5,
        "y": 48,
        "z": 0
      }
    },
    "texture": "95568412-3d46-4bfc-ad83-72b2226389e4@6c48a",
    "packable": true,
    "pixelsToUnit": 100,
    "pivot": {
      "x": 0.5,
      "y": 0.5
    },
    "meshType": 0
  }
}