{
  "__type__": "cc.SpriteFrame",
  "content": {
    "name": "monster30_00",
    "atlas": "",
    "rect": {
      "x": 38,
      "y": 39,
      "width": 148,
      "height": 167
    },
    "offset": {
      "x": -14,
      "y": -12.5
    },
    "originalSize": {
      "width": 252,
      "height": 220
    },
    "rotated": false,
    "capInsets": [
      0,
      0,
      0,
      0
    ],
    "vertices": {
      "rawPosition": [
        -74,
        -83.5,
        0,
        74,
        -83.5,
        0,
        -74,
        83.5,
        0,
        74,
        83.5,
        0
      ],
      "indexes": [
        0,
        1,
        2,
        2,
        1,
        3
      ],
      "uv": [
        38,
        181,
        186,
        181,
        38,
        14,
        186,
        14
      ],
      "nuv": [
        0.15079365079365079,
        0.06363636363636363,
        0.7380952380952381,
        0.06363636363636363,
        0.15079365079365079,
        0.8227272727272728,
        0.7380952380952381,
        0.8227272727272728
      ],
      "minPos": {
        "x": -74,
        "y": -83.5,
        "z": 0
      },
      "maxPos": {
        "x": 74,
        "y": 83.5,
        "z": 0
      }
    },
    "texture": "95d3e754-ef55-4b29-b392-edfce9ae4eef@6c48a",
    "packable": true,
    "pixelsToUnit": 100,
    "pivot": {
      "x": 0.5,
      "y": 0.5
    },
    "meshType": 0
  }
}