{
  "__type__": "cc.SpriteFrame",
  "content": {
    "name": "dangerWindToNear_00001",
    "atlas": "",
    "rect": {
      "x": 8,
      "y": 10,
      "width": 112,
      "height": 158
    },
    "offset": {
      "x": 2.5,
      "y": -5
    },
    "originalSize": {
      "width": 123,
      "height": 168
    },
    "rotated": false,
    "capInsets": [
      0,
      0,
      0,
      0
    ],
    "vertices": {
      "rawPosition": [
        -56,
        -79,
        0,
        56,
        -79,
        0,
        -56,
        79,
        0,
        56,
        79,
        0
      ],
      "indexes": [
        0,
        1,
        2,
        2,
        1,
        3
      ],
      "uv": [
        8,
        158,
        120,
        158,
        8,
        0,
        120,
        0
      ],
      "nuv": [
        0.06504065040650407,
        0,
        0.975609756097561,
        0,
        0.06504065040650407,
        0.9404761904761905,
        0.975609756097561,
        0.9404761904761905
      ],
      "minPos": {
        "x": -56,
        "y": -79,
        "z": 0
      },
      "maxPos": {
        "x": 56,
        "y": 79,
        "z": 0
      }
    },
    "texture": "218c438d-b6e8-4d41-b9a1-2e8d4d0656cc@6c48a",
    "packable": true,
    "pixelsToUnit": 100,
    "pivot": {
      "x": 0.5,
      "y": 0.5
    },
    "meshType": 0
  }
}