{
  "__type__": "cc.SpriteFrame",
  "content": {
    "name": "7_00004",
    "atlas": "",
    "rect": {
      "x": 2,
      "y": 8,
      "width": 143,
      "height": 141
    },
    "offset": {
      "x": -1.5,
      "y": -3.5
    },
    "originalSize": {
      "width": 150,
      "height": 150
    },
    "rotated": false,
    "capInsets": [
      0,
      0,
      0,
      0
    ],
    "vertices": {
      "rawPosition": [
        -71.5,
        -70.5,
        0,
        71.5,
        -70.5,
        0,
        -71.5,
        70.5,
        0,
        71.5,
        70.5,
        0
      ],
      "indexes": [
        0,
        1,
        2,
        2,
        1,
        3
      ],
      "uv": [
        2,
        142,
        145,
        142,
        2,
        1,
        145,
        1
      ],
      "nuv": [
        0.013333333333333334,
        0.006666666666666667,
        0.9666666666666667,
        0.006666666666666667,
        0.013333333333333334,
        0.9466666666666667,
        0.9666666666666667,
        0.9466666666666667
      ],
      "minPos": {
        "x": -71.5,
        "y": -70.5,
        "z": 0
      },
      "maxPos": {
        "x": 71.5,
        "y": 70.5,
        "z": 0
      }
    },
    "texture": "21cb29d7-2869-4564-8bfc-5173bee058ac@6c48a",
    "packable": true,
    "pixelsToUnit": 100,
    "pivot": {
      "x": 0.5,
      "y": 0.5
    },
    "meshType": 0
  }
}