{
  "__type__": "cc.SpriteFrame",
  "content": {
    "name": "10_00000",
    "atlas": "",
    "rect": {
      "x": 17,
      "y": 9,
      "width": 148,
      "height": 115
    },
    "offset": {
      "x": 1,
      "y": -1.5
    },
    "originalSize": {
      "width": 180,
      "height": 130
    },
    "rotated": false,
    "capInsets": [
      0,
      0,
      0,
      0
    ],
    "vertices": {
      "rawPosition": [
        -74,
        -57.5,
        0,
        74,
        -57.5,
        0,
        -74,
        57.5,
        0,
        74,
        57.5,
        0
      ],
      "indexes": [
        0,
        1,
        2,
        2,
        1,
        3
      ],
      "uv": [
        17,
        121,
        165,
        121,
        17,
        6,
        165,
        6
      ],
      "nuv": [
        0.09444444444444444,
        0.046153846153846156,
        0.9166666666666666,
        0.046153846153846156,
        0.09444444444444444,
        0.9307692307692308,
        0.9166666666666666,
        0.9307692307692308
      ],
      "minPos": {
        "x": -74,
        "y": -57.5,
        "z": 0
      },
      "maxPos": {
        "x": 74,
        "y": 57.5,
        "z": 0
      }
    },
    "texture": "21f9d928-7327-45f8-b132-1744737480a0@6c48a",
    "packable": true,
    "pixelsToUnit": 100,
    "pivot": {
      "x": 0.5,
      "y": 0.5
    },
    "meshType": 0
  }
}