{
  "__type__": "cc.SpriteFrame",
  "content": {
    "name": "fireBloom_006",
    "atlas": "",
    "rect": {
      "x": 11,
      "y": 9,
      "width": 294,
      "height": 293
    },
    "offset": {
      "x": 5.5,
      "y": -3.5
    },
    "originalSize": {
      "width": 305,
      "height": 304
    },
    "rotated": false,
    "capInsets": [
      0,
      0,
      0,
      0
    ],
    "vertices": {
      "rawPosition": [
        -147,
        -146.5,
        0,
        147,
        -146.5,
        0,
        -147,
        146.5,
        0,
        147,
        146.5,
        0
      ],
      "indexes": [
        0,
        1,
        2,
        2,
        1,
        3
      ],
      "uv": [
        11,
        295,
        305,
        295,
        11,
        2,
        305,
        2
      ],
      "nuv": [
        0.036065573770491806,
        0.006578947368421052,
        1,
        0.006578947368421052,
        0.036065573770491806,
        0.9703947368421053,
        1,
        0.9703947368421053
      ],
      "minPos": {
        "x": -147,
        "y": -146.5,
        "z": 0
      },
      "maxPos": {
        "x": 147,
        "y": 146.5,
        "z": 0
      }
    },
    "texture": "c711d4cf-1d83-4dd6-8526-ada75ff4eb85@6c48a",
    "packable": true,
    "pixelsToUnit": 100,
    "pivot": {
      "x": 0.5,
      "y": 0.5
    },
    "meshType": 0
  }
}