{
  "__type__": "cc.SpriteFrame",
  "content": {
    "name": "monster30_03",
    "atlas": "",
    "rect": {
      "x": 19,
      "y": 33,
      "width": 181,
      "height": 164
    },
    "offset": {
      "x": -16.5,
      "y": -5
    },
    "originalSize": {
      "width": 252,
      "height": 220
    },
    "rotated": false,
    "capInsets": [
      0,
      0,
      0,
      0
    ],
    "vertices": {
      "rawPosition": [
        -90.5,
        -82,
        0,
        90.5,
        -82,
        0,
        -90.5,
        82,
        0,
        90.5,
        82,
        0
      ],
      "indexes": [
        0,
        1,
        2,
        2,
        1,
        3
      ],
      "uv": [
        19,
        187,
        200,
        187,
        19,
        23,
        200,
        23
      ],
      "nuv": [
        0.07539682539682539,
        0.10454545454545454,
        0.7936507936507936,
        0.10454545454545454,
        0.07539682539682539,
        0.85,
        0.7936507936507936,
        0.85
      ],
      "minPos": {
        "x": -90.5,
        "y": -82,
        "z": 0
      },
      "maxPos": {
        "x": 90.5,
        "y": 82,
        "z": 0
      }
    },
    "texture": "c77dd084-0c75-4647-ac3c-ce657ec54640@6c48a",
    "packable": true,
    "pixelsToUnit": 100,
    "pivot": {
      "x": 0.5,
      "y": 0.5
    },
    "meshType": 0
  }
}