{
  "__type__": "cc.SpriteFrame",
  "content": {
    "name": "boss2_01",
    "atlas": "",
    "rect": {
      "x": 1,
      "y": 1,
      "width": 209,
      "height": 201
    },
    "offset": {
      "x": -17.5,
      "y": -0.5
    },
    "originalSize": {
      "width": 246,
      "height": 202
    },
    "rotated": false,
    "capInsets": [
      0,
      0,
      0,
      0
    ],
    "vertices": {
      "rawPosition": [
        -104.5,
        -100.5,
        0,
        104.5,
        -100.5,
        0,
        -104.5,
        100.5,
        0,
        104.5,
        100.5,
        0
      ],
      "indexes": [
        0,
        1,
        2,
        2,
        1,
        3
      ],
      "uv": [
        1,
        201,
        210,
        201,
        1,
        0,
        210,
        0
      ],
      "nuv": [
        0.0040650406504065045,
        0,
        0.8536585365853658,
        0,
        0.0040650406504065045,
        0.995049504950495,
        0.8536585365853658,
        0.995049504950495
      ],
      "minPos": {
        "x": -104.5,
        "y": -100.5,
        "z": 0
      },
      "maxPos": {
        "x": 104.5,
        "y": 100.5,
        "z": 0
      }
    },
    "texture": "ff350122-8a28-432d-abb5-3ad9ce5e6dd1@6c48a",
    "packable": true,
    "pixelsToUnit": 100,
    "pivot": {
      "x": 0.5,
      "y": 0.5
    },
    "meshType": 0
  }
}