{
  "__type__": "cc.SpriteFrame",
  "content": {
    "name": "monster27_00",
    "atlas": "",
    "rect": {
      "x": 1,
      "y": 4,
      "width": 119,
      "height": 98
    },
    "offset": {
      "x": -1,
      "y": -1.5
    },
    "originalSize": {
      "width": 123,
      "height": 103
    },
    "rotated": false,
    "capInsets": [
      0,
      0,
      0,
      0
    ],
    "vertices": {
      "rawPosition": [
        -59.5,
        -49,
        0,
        59.5,
        -49,
        0,
        -59.5,
        49,
        0,
        59.5,
        49,
        0
      ],
      "indexes": [
        0,
        1,
        2,
        2,
        1,
        3
      ],
      "uv": [
        1,
        99,
        120,
        99,
        1,
        1,
        120,
        1
      ],
      "nuv": [
        0.008130081300813009,
        0.009708737864077669,
        0.975609756097561,
        0.009708737864077669,
        0.008130081300813009,
        0.9611650485436893,
        0.975609756097561,
        0.9611650485436893
      ],
      "minPos": {
        "x": -59.5,
        "y": -49,
        "z": 0
      },
      "maxPos": {
        "x": 59.5,
        "y": 49,
        "z": 0
      }
    },
    "texture": "81787853-dc95-4b84-bd9c-a9934cd0a3f7@6c48a",
    "packable": true,
    "pixelsToUnit": 100,
    "pivot": {
      "x": 0.5,
      "y": 0.5
    },
    "meshType": 0
  }
}