{
  "__type__": "cc.SpriteFrame",
  "content": {
    "name": "monster33_04",
    "atlas": "",
    "rect": {
      "x": 14,
      "y": 1,
      "width": 102,
      "height": 124
    },
    "offset": {
      "x": 5,
      "y": 1
    },
    "originalSize": {
      "width": 120,
      "height": 128
    },
    "rotated": false,
    "capInsets": [
      0,
      0,
      0,
      0
    ],
    "vertices": {
      "rawPosition": [
        -51,
        -62,
        0,
        51,
        -62,
        0,
        -51,
        62,
        0,
        51,
        62,
        0
      ],
      "indexes": [
        0,
        1,
        2,
        2,
        1,
        3
      ],
      "uv": [
        14,
        127,
        116,
        127,
        14,
        3,
        116,
        3
      ],
      "nuv": [
        0.11666666666666667,
        0.0234375,
        0.9666666666666667,
        0.0234375,
        0.11666666666666667,
        0.9921875,
        0.9666666666666667,
        0.9921875
      ],
      "minPos": {
        "x": -51,
        "y": -62,
        "z": 0
      },
      "maxPos": {
        "x": 51,
        "y": 62,
        "z": 0
      }
    },
    "texture": "9e4122cf-7d4e-463b-a4a8-94ffd38fe4eb@6c48a",
    "packable": true,
    "pixelsToUnit": 100,
    "pivot": {
      "x": 0.5,
      "y": 0.5
    },
    "meshType": 0
  }
}