{
  "__type__": "cc.SpriteFrame",
  "content": {
    "name": "mainMenuBtn4",
    "atlas": "",
    "rect": {
      "x": 8,
      "y": 1,
      "width": 134,
      "height": 132
    },
    "offset": {
      "x": -4,
      "y": 0
    },
    "originalSize": {
      "width": 158,
      "height": 134
    },
    "rotated": false,
    "capInsets": [
      0,
      0,
      0,
      0
    ],
    "vertices": {
      "rawPosition": [
        -67,
        -66,
        0,
        67,
        -66,
        0,
        -67,
        66,
        0,
        67,
        66,
        0
      ],
      "indexes": [
        0,
        1,
        2,
        2,
        1,
        3
      ],
      "uv": [
        8,
        133,
        142,
        133,
        8,
        1,
        142,
        1
      ],
      "nuv": [
        0.05063291139240506,
        0.007462686567164179,
        0.8987341772151899,
        0.007462686567164179,
        0.05063291139240506,
        0.9925373134328358,
        0.8987341772151899,
        0.9925373134328358
      ],
      "minPos": {
        "x": -67,
        "y": -66,
        "z": 0
      },
      "maxPos": {
        "x": 67,
        "y": 66,
        "z": 0
      }
    },
    "texture": "e9c36810-315a-4d0e-8481-2e69de48389f@6c48a",
    "packable": true,
    "pixelsToUnit": 100,
    "pivot": {
      "x": 0.5,
      "y": 0.5
    },
    "meshType": 0
  }
}