{
  "__type__": "cc.SpriteFrame",
  "content": {
    "name": "15_00008",
    "atlas": "",
    "rect": {
      "x": 6,
      "y": 13,
      "width": 49,
      "height": 101
    },
    "offset": {
      "x": 0.5,
      "y": 1.5
    },
    "originalSize": {
      "width": 60,
      "height": 130
    },
    "rotated": false,
    "capInsets": [
      0,
      0,
      0,
      0
    ],
    "vertices": {
      "rawPosition": [
        -24.5,
        -50.5,
        0,
        24.5,
        -50.5,
        0,
        -24.5,
        50.5,
        0,
        24.5,
        50.5,
        0
      ],
      "indexes": [
        0,
        1,
        2,
        2,
        1,
        3
      ],
      "uv": [
        6,
        117,
        55,
        117,
        6,
        16,
        55,
        16
      ],
      "nuv": [
        0.1,
        0.12307692307692308,
        0.9166666666666666,
        0.12307692307692308,
        0.1,
        0.9,
        0.9166666666666666,
        0.9
      ],
      "minPos": {
        "x": -24.5,
        "y": -50.5,
        "z": 0
      },
      "maxPos": {
        "x": 24.5,
        "y": 50.5,
        "z": 0
      }
    },
    "texture": "2b157af3-0a24-431e-914a-0d969aad9f18@6c48a",
    "packable": true,
    "pixelsToUnit": 100,
    "pivot": {
      "x": 0.5,
      "y": 0.5
    },
    "meshType": 0
  }
}