{
  "__type__": "cc.SpriteFrame",
  "content": {
    "name": "boss2_18",
    "atlas": "",
    "rect": {
      "x": 4,
      "y": 1,
      "width": 217,
      "height": 199
    },
    "offset": {
      "x": -10.5,
      "y": 0.5
    },
    "originalSize": {
      "width": 246,
      "height": 202
    },
    "rotated": false,
    "capInsets": [
      0,
      0,
      0,
      0
    ],
    "vertices": {
      "rawPosition": [
        -108.5,
        -99.5,
        0,
        108.5,
        -99.5,
        0,
        -108.5,
        99.5,
        0,
        108.5,
        99.5,
        0
      ],
      "indexes": [
        0,
        1,
        2,
        2,
        1,
        3
      ],
      "uv": [
        4,
        201,
        221,
        201,
        4,
        2,
        221,
        2
      ],
      "nuv": [
        0.016260162601626018,
        0.009900990099009901,
        0.8983739837398373,
        0.009900990099009901,
        0.016260162601626018,
        0.995049504950495,
        0.8983739837398373,
        0.995049504950495
      ],
      "minPos": {
        "x": -108.5,
        "y": -99.5,
        "z": 0
      },
      "maxPos": {
        "x": 108.5,
        "y": 99.5,
        "z": 0
      }
    },
    "texture": "2b263520-82d0-45df-b098-d996ce1ec110@6c48a",
    "packable": true,
    "pixelsToUnit": 100,
    "pivot": {
      "x": 0.5,
      "y": 0.5
    },
    "meshType": 0
  }
}