{
  "__type__": "cc.SpriteFrame",
  "content": {
    "name": "monster24-火_08",
    "atlas": "",
    "rect": {
      "x": 19,
      "y": 9,
      "width": 88,
      "height": 104
    },
    "offset": {
      "x": -1,
      "y": -4.5
    },
    "originalSize": {
      "width": 128,
      "height": 113
    },
    "rotated": false,
    "capInsets": [
      0,
      0,
      0,
      0
    ],
    "vertices": {
      "rawPosition": [
        -44,
        -52,
        0,
        44,
        -52,
        0,
        -44,
        52,
        0,
        44,
        52,
        0
      ],
      "indexes": [
        0,
        1,
        2,
        2,
        1,
        3
      ],
      "uv": [
        19,
        104,
        107,
        104,
        19,
        0,
        107,
        0
      ],
      "nuv": [
        0.1484375,
        0,
        0.8359375,
        0,
        0.1484375,
        0.9203539823008849,
        0.8359375,
        0.9203539823008849
      ],
      "minPos": {
        "x": -44,
        "y": -52,
        "z": 0
      },
      "maxPos": {
        "x": 44,
        "y": 52,
        "z": 0
      }
    },
    "texture": "2b44778b-9900-43de-aa6f-74d546440a77@6c48a",
    "packable": true,
    "pixelsToUnit": 100,
    "pivot": {
      "x": 0.5,
      "y": 0.5
    },
    "meshType": 0
  }
}