{
  "__type__": "cc.SpriteFrame",
  "content": {
    "name": "ddd_00007",
    "atlas": "",
    "rect": {
      "x": 4,
      "y": 2,
      "width": 62,
      "height": 98
    },
    "offset": {
      "x": 0,
      "y": -1
    },
    "originalSize": {
      "width": 70,
      "height": 100
    },
    "rotated": false,
    "capInsets": [
      0,
      0,
      0,
      0
    ],
    "vertices": {
      "rawPosition": [
        -31,
        -49,
        0,
        31,
        -49,
        0,
        -31,
        49,
        0,
        31,
        49,
        0
      ],
      "indexes": [
        0,
        1,
        2,
        2,
        1,
        3
      ],
      "uv": [
        4,
        98,
        66,
        98,
        4,
        0,
        66,
        0
      ],
      "nuv": [
        0.05714285714285714,
        0,
        0.9428571428571428,
        0,
        0.05714285714285714,
        0.98,
        0.9428571428571428,
        0.98
      ],
      "minPos": {
        "x": -31,
        "y": -49,
        "z": 0
      },
      "maxPos": {
        "x": 31,
        "y": 49,
        "z": 0
      }
    },
    "texture": "2b5f7a5a-b555-408a-8378-78cd0de49129@6c48a",
    "packable": true,
    "pixelsToUnit": 100,
    "pivot": {
      "x": 0.5,
      "y": 0.5
    },
    "meshType": 0
  }
}