{
  "__type__": "cc.SpriteFrame",
  "content": {
    "name": "moveLikeFire",
    "atlas": "",
    "rect": {
      "x": 7,
      "y": 6,
      "width": 135,
      "height": 179
    },
    "offset": {
      "x": 0.5,
      "y": 0
    },
    "originalSize": {
      "width": 148,
      "height": 191
    },
    "rotated": false,
    "capInsets": [
      0,
      0,
      0,
      0
    ],
    "vertices": {
      "rawPosition": [
        -67.5,
        -89.5,
        0,
        67.5,
        -89.5,
        0,
        -67.5,
        89.5,
        0,
        67.5,
        89.5,
        0
      ],
      "indexes": [
        0,
        1,
        2,
        2,
        1,
        3
      ],
      "uv": [
        7,
        185,
        142,
        185,
        7,
        6,
        142,
        6
      ],
      "nuv": [
        0.0472972972972973,
        0.031413612565445025,
        0.9594594594594594,
        0.031413612565445025,
        0.0472972972972973,
        0.9685863874345549,
        0.9594594594594594,
        0.9685863874345549
      ],
      "minPos": {
        "x": -67.5,
        "y": -89.5,
        "z": 0
      },
      "maxPos": {
        "x": 67.5,
        "y": 89.5,
        "z": 0
      }
    },
    "texture": "2ba187e1-11f2-4fba-879e-046b04cdfdf8@6c48a",
    "packable": true,
    "pixelsToUnit": 100,
    "pivot": {
      "x": 0.5,
      "y": 0.5
    },
    "meshType": 0
  }
}