{
  "__type__": "cc.SpriteFrame",
  "content": {
    "name": "dangerWindToNear_00009",
    "atlas": "",
    "rect": {
      "x": 6,
      "y": 0,
      "width": 117,
      "height": 168
    },
    "offset": {
      "x": 3,
      "y": 0
    },
    "originalSize": {
      "width": 123,
      "height": 168
    },
    "rotated": false,
    "capInsets": [
      0,
      0,
      0,
      0
    ],
    "vertices": {
      "rawPosition": [
        -58.5,
        -84,
        0,
        58.5,
        -84,
        0,
        -58.5,
        84,
        0,
        58.5,
        84,
        0
      ],
      "indexes": [
        0,
        1,
        2,
        2,
        1,
        3
      ],
      "uv": [
        6,
        168,
        123,
        168,
        6,
        0,
        123,
        0
      ],
      "nuv": [
        0.04878048780487805,
        0,
        1,
        0,
        0.04878048780487805,
        1,
        1,
        1
      ],
      "minPos": {
        "x": -58.5,
        "y": -84,
        "z": 0
      },
      "maxPos": {
        "x": 58.5,
        "y": 84,
        "z": 0
      }
    },
    "texture": "2ba99c64-9081-414f-a644-e04836975690@6c48a",
    "packable": true,
    "pixelsToUnit": 100,
    "pivot": {
      "x": 0.5,
      "y": 0.5
    },
    "meshType": 0
  }
}