{
  "__type__": "cc.SpriteFrame",
  "content": {
    "name": "boss1_09",
    "atlas": "",
    "rect": {
      "x": 36,
      "y": 6,
      "width": 193,
      "height": 183
    },
    "offset": {
      "x": 8.5,
      "y": 0
    },
    "originalSize": {
      "width": 248,
      "height": 195
    },
    "rotated": false,
    "capInsets": [
      0,
      0,
      0,
      0
    ],
    "vertices": {
      "rawPosition": [
        -96.5,
        -91.5,
        0,
        96.5,
        -91.5,
        0,
        -96.5,
        91.5,
        0,
        96.5,
        91.5,
        0
      ],
      "indexes": [
        0,
        1,
        2,
        2,
        1,
        3
      ],
      "uv": [
        36,
        189,
        229,
        189,
        36,
        6,
        229,
        6
      ],
      "nuv": [
        0.14516129032258066,
        0.03076923076923077,
        0.9233870967741935,
        0.03076923076923077,
        0.14516129032258066,
        0.9692307692307692,
        0.9233870967741935,
        0.9692307692307692
      ],
      "minPos": {
        "x": -96.5,
        "y": -91.5,
        "z": 0
      },
      "maxPos": {
        "x": 96.5,
        "y": 91.5,
        "z": 0
      }
    },
    "texture": "2bc332b1-fa3e-44a4-81ee-2aef95a6e341@6c48a",
    "packable": true,
    "pixelsToUnit": 100,
    "pivot": {
      "x": 0.5,
      "y": 0.5
    },
    "meshType": 0
  }
}