{
  "__type__": "cc.SpriteFrame",
  "content": {
    "name": "mainMenuBottom",
    "atlas": "",
    "rect": {
      "x": 1,
      "y": 2,
      "width": 924,
      "height": 270
    },
    "offset": {
      "x": 0,
      "y": -0.5
    },
    "originalSize": {
      "width": 926,
      "height": 273
    },
    "rotated": false,
    "capInsets": [
      0,
      0,
      0,
      0
    ],
    "vertices": {
      "rawPosition": [
        -462,
        -135,
        0,
        462,
        -135,
        0,
        -462,
        135,
        0,
        462,
        135,
        0
      ],
      "indexes": [
        0,
        1,
        2,
        2,
        1,
        3
      ],
      "uv": [
        1,
        271,
        925,
        271,
        1,
        1,
        925,
        1
      ],
      "nuv": [
        0.0010799136069114472,
        0.003663003663003663,
        0.9989200863930886,
        0.003663003663003663,
        0.0010799136069114472,
        0.9926739926739927,
        0.9989200863930886,
        0.9926739926739927
      ],
      "minPos": {
        "x": -462,
        "y": -135,
        "z": 0
      },
      "maxPos": {
        "x": 462,
        "y": 135,
        "z": 0
      }
    },
    "texture": "e7f44eec-690c-4f0c-8fec-675b999b9cc6@6c48a",
    "packable": true,
    "pixelsToUnit": 100,
    "pivot": {
      "x": 0.5,
      "y": 0.5
    },
    "meshType": 0
  }
}