{
  "__type__": "cc.SpriteFrame",
  "content": {
    "name": "thundercloud_0004",
    "atlas": "",
    "rect": {
      "x": 0,
      "y": 4,
      "width": 228,
      "height": 239
    },
    "offset": {
      "x": -0.5,
      "y": -1.5
    },
    "originalSize": {
      "width": 229,
      "height": 244
    },
    "rotated": false,
    "capInsets": [
      0,
      0,
      0,
      0
    ],
    "vertices": {
      "rawPosition": [
        -114,
        -119.5,
        0,
        114,
        -119.5,
        0,
        -114,
        119.5,
        0,
        114,
        119.5,
        0
      ],
      "indexes": [
        0,
        1,
        2,
        2,
        1,
        3
      ],
      "uv": [
        0,
        240,
        228,
        240,
        0,
        1,
        228,
        1
      ],
      "nuv": [
        0,
        0.004098360655737705,
        0.9956331877729258,
        0.004098360655737705,
        0,
        0.9836065573770492,
        0.9956331877729258,
        0.9836065573770492
      ],
      "minPos": {
        "x": -114,
        "y": -119.5,
        "z": 0
      },
      "maxPos": {
        "x": 114,
        "y": 119.5,
        "z": 0
      }
    },
    "texture": "87b9c257-57bf-425c-b0df-ba14655131e5@6c48a",
    "packable": true,
    "pixelsToUnit": 100,
    "pivot": {
      "x": 0.5,
      "y": 0.5
    },
    "meshType": 0
  }
}