{
  "__type__": "cc.SpriteFrame",
  "content": {
    "name": "18_00005",
    "atlas": "",
    "rect": {
      "x": 11,
      "y": 7,
      "width": 79,
      "height": 111
    },
    "offset": {
      "x": 0.5,
      "y": 12.5
    },
    "originalSize": {
      "width": 100,
      "height": 150
    },
    "rotated": false,
    "capInsets": [
      0,
      0,
      0,
      0
    ],
    "vertices": {
      "rawPosition": [
        -39.5,
        -55.5,
        0,
        39.5,
        -55.5,
        0,
        -39.5,
        55.5,
        0,
        39.5,
        55.5,
        0
      ],
      "indexes": [
        0,
        1,
        2,
        2,
        1,
        3
      ],
      "uv": [
        11,
        143,
        90,
        143,
        11,
        32,
        90,
        32
      ],
      "nuv": [
        0.11,
        0.21333333333333335,
        0.9,
        0.21333333333333335,
        0.11,
        0.9533333333333334,
        0.9,
        0.9533333333333334
      ],
      "minPos": {
        "x": -39.5,
        "y": -55.5,
        "z": 0
      },
      "maxPos": {
        "x": 39.5,
        "y": 55.5,
        "z": 0
      }
    },
    "texture": "af2cc38b-11cf-4be9-a97a-8b95837c9e86@6c48a",
    "packable": true,
    "pixelsToUnit": 100,
    "pivot": {
      "x": 0.5,
      "y": 0.5
    },
    "meshType": 0
  }
}