{
  "__type__": "cc.SpriteFrame",
  "content": {
    "name": "selectBtn",
    "atlas": "",
    "rect": {
      "x": 0,
      "y": 1,
      "width": 92,
      "height": 85
    },
    "offset": {
      "x": 0,
      "y": 0
    },
    "originalSize": {
      "width": 92,
      "height": 87
    },
    "rotated": false,
    "capInsets": [
      0,
      0,
      0,
      0
    ],
    "vertices": {
      "rawPosition": [
        -46,
        -42.5,
        0,
        46,
        -42.5,
        0,
        -46,
        42.5,
        0,
        46,
        42.5,
        0
      ],
      "indexes": [
        0,
        1,
        2,
        2,
        1,
        3
      ],
      "uv": [
        0,
        86,
        92,
        86,
        0,
        1,
        92,
        1
      ],
      "nuv": [
        0,
        0.011494252873563218,
        1,
        0.011494252873563218,
        0,
        0.9885057471264368,
        1,
        0.9885057471264368
      ],
      "minPos": {
        "x": -46,
        "y": -42.5,
        "z": 0
      },
      "maxPos": {
        "x": 46,
        "y": 42.5,
        "z": 0
      }
    },
    "texture": "eaa9862e-122c-4323-a48a-0948f60d9ae5@6c48a",
    "packable": true,
    "pixelsToUnit": 100,
    "pivot": {
      "x": 0.5,
      "y": 0.5
    },
    "meshType": 0
  }
}