{
  "__type__": "cc.SpriteFrame",
  "content": {
    "name": "ddd_00003",
    "atlas": "",
    "rect": {
      "x": 10,
      "y": 4,
      "width": 51,
      "height": 96
    },
    "offset": {
      "x": 0.5,
      "y": -2
    },
    "originalSize": {
      "width": 70,
      "height": 100
    },
    "rotated": false,
    "capInsets": [
      0,
      0,
      0,
      0
    ],
    "vertices": {
      "rawPosition": [
        -25.5,
        -48,
        0,
        25.5,
        -48,
        0,
        -25.5,
        48,
        0,
        25.5,
        48,
        0
      ],
      "indexes": [
        0,
        1,
        2,
        2,
        1,
        3
      ],
      "uv": [
        10,
        96,
        61,
        96,
        10,
        0,
        61,
        0
      ],
      "nuv": [
        0.14285714285714285,
        0,
        0.8714285714285714,
        0,
        0.14285714285714285,
        0.96,
        0.8714285714285714,
        0.96
      ],
      "minPos": {
        "x": -25.5,
        "y": -48,
        "z": 0
      },
      "maxPos": {
        "x": 25.5,
        "y": 48,
        "z": 0
      }
    },
    "texture": "392a073c-4a11-4140-a409-8361df41fcd1@6c48a",
    "packable": true,
    "pixelsToUnit": 100,
    "pivot": {
      "x": 0.5,
      "y": 0.5
    },
    "meshType": 0
  }
}