{
  "__type__": "cc.SpriteFrame",
  "content": {
    "name": "15_00005",
    "atlas": "",
    "rect": {
      "x": 6,
      "y": 2,
      "width": 49,
      "height": 101
    },
    "offset": {
      "x": 0.5,
      "y": 12.5
    },
    "originalSize": {
      "width": 60,
      "height": 130
    },
    "rotated": false,
    "capInsets": [
      0,
      0,
      0,
      0
    ],
    "vertices": {
      "rawPosition": [
        -24.5,
        -50.5,
        0,
        24.5,
        -50.5,
        0,
        -24.5,
        50.5,
        0,
        24.5,
        50.5,
        0
      ],
      "indexes": [
        0,
        1,
        2,
        2,
        1,
        3
      ],
      "uv": [
        6,
        128,
        55,
        128,
        6,
        27,
        55,
        27
      ],
      "nuv": [
        0.1,
        0.2076923076923077,
        0.9166666666666666,
        0.2076923076923077,
        0.1,
        0.9846153846153847,
        0.9166666666666666,
        0.9846153846153847
      ],
      "minPos": {
        "x": -24.5,
        "y": -50.5,
        "z": 0
      },
      "maxPos": {
        "x": 24.5,
        "y": 50.5,
        "z": 0
      }
    },
    "texture": "39ffcef6-c16c-4492-9c39-1e77ff7c4018@6c48a",
    "packable": true,
    "pixelsToUnit": 100,
    "pivot": {
      "x": 0.5,
      "y": 0.5
    },
    "meshType": 0
  }
}