{
  "__type__": "cc.SpriteFrame",
  "content": {
    "name": "20_00006",
    "atlas": "",
    "rect": {
      "x": 5,
      "y": 8,
      "width": 61,
      "height": 82
    },
    "offset": {
      "x": 0.5,
      "y": 11
    },
    "originalSize": {
      "width": 70,
      "height": 120
    },
    "rotated": false,
    "capInsets": [
      0,
      0,
      0,
      0
    ],
    "vertices": {
      "rawPosition": [
        -30.5,
        -41,
        0,
        30.5,
        -41,
        0,
        -30.5,
        41,
        0,
        30.5,
        41,
        0
      ],
      "indexes": [
        0,
        1,
        2,
        2,
        1,
        3
      ],
      "uv": [
        5,
        112,
        66,
        112,
        5,
        30,
        66,
        30
      ],
      "nuv": [
        0.07142857142857142,
        0.25,
        0.9428571428571428,
        0.25,
        0.07142857142857142,
        0.9333333333333333,
        0.9428571428571428,
        0.9333333333333333
      ],
      "minPos": {
        "x": -30.5,
        "y": -41,
        "z": 0
      },
      "maxPos": {
        "x": 30.5,
        "y": 41,
        "z": 0
      }
    },
    "texture": "052756b6-da1a-4424-a113-71404782e155@6c48a",
    "packable": true,
    "pixelsToUnit": 100,
    "pivot": {
      "x": 0.5,
      "y": 0.5
    },
    "meshType": 0
  }
}