{
  "__type__": "cc.SpriteFrame",
  "content": {
    "name": "2_00002",
    "atlas": "",
    "rect": {
      "x": 3,
      "y": 11,
      "width": 92,
      "height": 109
    },
    "offset": {
      "x": 1.5,
      "y": -3
    },
    "originalSize": {
      "width": 95,
      "height": 125
    },
    "rotated": false,
    "capInsets": [
      0,
      0,
      0,
      0
    ],
    "vertices": {
      "rawPosition": [
        -46,
        -54.5,
        0,
        46,
        -54.5,
        0,
        -46,
        54.5,
        0,
        46,
        54.5,
        0
      ],
      "indexes": [
        0,
        1,
        2,
        2,
        1,
        3
      ],
      "uv": [
        3,
        114,
        95,
        114,
        3,
        5,
        95,
        5
      ],
      "nuv": [
        0.031578947368421054,
        0.04,
        1,
        0.04,
        0.031578947368421054,
        0.912,
        1,
        0.912
      ],
      "minPos": {
        "x": -46,
        "y": -54.5,
        "z": 0
      },
      "maxPos": {
        "x": 46,
        "y": 54.5,
        "z": 0
      }
    },
    "texture": "053f9432-11fc-44a3-92de-31b42a871f31@6c48a",
    "packable": true,
    "pixelsToUnit": 100,
    "pivot": {
      "x": 0.5,
      "y": 0.5
    },
    "meshType": 0
  }
}