{
  "__type__": "cc.SpriteFrame",
  "content": {
    "name": "thunderFissionBead_00008",
    "atlas": "",
    "rect": {
      "x": 0,
      "y": 39,
      "width": 191,
      "height": 195
    },
    "offset": {
      "x": -15,
      "y": -18
    },
    "originalSize": {
      "width": 221,
      "height": 237
    },
    "rotated": false,
    "capInsets": [
      0,
      0,
      0,
      0
    ],
    "vertices": {
      "rawPosition": [
        -95.5,
        -97.5,
        0,
        95.5,
        -97.5,
        0,
        -95.5,
        97.5,
        0,
        95.5,
        97.5,
        0
      ],
      "indexes": [
        0,
        1,
        2,
        2,
        1,
        3
      ],
      "uv": [
        0,
        198,
        191,
        198,
        0,
        3,
        191,
        3
      ],
      "nuv": [
        0,
        0.012658227848101266,
        0.8642533936651584,
        0.012658227848101266,
        0,
        0.8354430379746836,
        0.8642533936651584,
        0.8354430379746836
      ],
      "minPos": {
        "x": -95.5,
        "y": -97.5,
        "z": 0
      },
      "maxPos": {
        "x": 95.5,
        "y": 97.5,
        "z": 0
      }
    },
    "texture": "05f7d133-7f2b-4e33-97f6-20758814181e@6c48a",
    "packable": true,
    "pixelsToUnit": 100,
    "pivot": {
      "x": 0.5,
      "y": 0.5
    },
    "meshType": 0
  }
}