{
  "__type__": "cc.SpriteFrame",
  "content": {
    "name": "5_00001",
    "atlas": "",
    "rect": {
      "x": 0,
      "y": 16,
      "width": 140,
      "height": 134
    },
    "offset": {
      "x": -5,
      "y": -8
    },
    "originalSize": {
      "width": 150,
      "height": 150
    },
    "rotated": false,
    "capInsets": [
      0,
      0,
      0,
      0
    ],
    "vertices": {
      "rawPosition": [
        -70,
        -67,
        0,
        70,
        -67,
        0,
        -70,
        67,
        0,
        70,
        67,
        0
      ],
      "indexes": [
        0,
        1,
        2,
        2,
        1,
        3
      ],
      "uv": [
        0,
        134,
        140,
        134,
        0,
        0,
        140,
        0
      ],
      "nuv": [
        0,
        0,
        0.9333333333333333,
        0,
        0,
        0.8933333333333333,
        0.9333333333333333,
        0.8933333333333333
      ],
      "minPos": {
        "x": -70,
        "y": -67,
        "z": 0
      },
      "maxPos": {
        "x": 70,
        "y": 67,
        "z": 0
      }
    },
    "texture": "0b442361-bc9d-4b30-b9e7-11842e7a914d@6c48a",
    "packable": true,
    "pixelsToUnit": 100,
    "pivot": {
      "x": 0.5,
      "y": 0.5
    },
    "meshType": 0
  }
}