{
  "__type__": "cc.SpriteFrame",
  "content": {
    "name": "monster24-火_10",
    "atlas": "",
    "rect": {
      "x": 5,
      "y": 27,
      "width": 117,
      "height": 84
    },
    "offset": {
      "x": -0.5,
      "y": -12.5
    },
    "originalSize": {
      "width": 128,
      "height": 113
    },
    "rotated": false,
    "capInsets": [
      0,
      0,
      0,
      0
    ],
    "vertices": {
      "rawPosition": [
        -58.5,
        -42,
        0,
        58.5,
        -42,
        0,
        -58.5,
        42,
        0,
        58.5,
        42,
        0
      ],
      "indexes": [
        0,
        1,
        2,
        2,
        1,
        3
      ],
      "uv": [
        5,
        86,
        122,
        86,
        5,
        2,
        122,
        2
      ],
      "nuv": [
        0.0390625,
        0.017699115044247787,
        0.953125,
        0.017699115044247787,
        0.0390625,
        0.7610619469026548,
        0.953125,
        0.7610619469026548
      ],
      "minPos": {
        "x": -58.5,
        "y": -42,
        "z": 0
      },
      "maxPos": {
        "x": 58.5,
        "y": 42,
        "z": 0
      }
    },
    "texture": "0b8eb3f7-ef73-4965-9799-d024ebabea19@6c48a",
    "packable": true,
    "pixelsToUnit": 100,
    "pivot": {
      "x": 0.5,
      "y": 0.5
    },
    "meshType": 0
  }
}