{
  "__type__": "cc.SpriteFrame",
  "content": {
    "name": "monster33_10",
    "atlas": "",
    "rect": {
      "x": 10,
      "y": 1,
      "width": 104,
      "height": 127
    },
    "offset": {
      "x": 2,
      "y": -0.5
    },
    "originalSize": {
      "width": 120,
      "height": 128
    },
    "rotated": false,
    "capInsets": [
      0,
      0,
      0,
      0
    ],
    "vertices": {
      "rawPosition": [
        -52,
        -63.5,
        0,
        52,
        -63.5,
        0,
        -52,
        63.5,
        0,
        52,
        63.5,
        0
      ],
      "indexes": [
        0,
        1,
        2,
        2,
        1,
        3
      ],
      "uv": [
        10,
        127,
        114,
        127,
        10,
        0,
        114,
        0
      ],
      "nuv": [
        0.08333333333333333,
        0,
        0.95,
        0,
        0.08333333333333333,
        0.9921875,
        0.95,
        0.9921875
      ],
      "minPos": {
        "x": -52,
        "y": -63.5,
        "z": 0
      },
      "maxPos": {
        "x": 52,
        "y": 63.5,
        "z": 0
      }
    },
    "texture": "0bd6c570-11a2-427b-a0cd-b53f7bc4327d@6c48a",
    "packable": true,
    "pixelsToUnit": 100,
    "pivot": {
      "x": 0.5,
      "y": 0.5
    },
    "meshType": 0
  }
}