{
  "__type__": "cc.SpriteFrame",
  "content": {
    "name": "daofaguo2",
    "atlas": "",
    "rect": {
      "x": 0,
      "y": 2,
      "width": 120,
      "height": 109
    },
    "offset": {
      "x": -0.5,
      "y": -0.5
    },
    "originalSize": {
      "width": 121,
      "height": 112
    },
    "rotated": false,
    "capInsets": [
      0,
      0,
      0,
      0
    ],
    "vertices": {
      "rawPosition": [
        -60,
        -54.5,
        0,
        60,
        -54.5,
        0,
        -60,
        54.5,
        0,
        60,
        54.5,
        0
      ],
      "indexes": [
        0,
        1,
        2,
        2,
        1,
        3
      ],
      "uv": [
        0,
        110,
        120,
        110,
        0,
        1,
        120,
        1
      ],
      "nuv": [
        0,
        0.008928571428571428,
        0.9917355371900827,
        0.008928571428571428,
        0,
        0.9821428571428571,
        0.9917355371900827,
        0.9821428571428571
      ],
      "minPos": {
        "x": -60,
        "y": -54.5,
        "z": 0
      },
      "maxPos": {
        "x": 60,
        "y": 54.5,
        "z": 0
      }
    },
    "texture": "03f3d90e-726d-46aa-a97a-542a1a9e4bb9@6c48a",
    "packable": true,
    "pixelsToUnit": 100,
    "pivot": {
      "x": 0.5,
      "y": 0.5
    },
    "meshType": 0
  }
}