{
  "__type__": "cc.SpriteFrame",
  "content": {
    "name": "monster24-火_02",
    "atlas": "",
    "rect": {
      "x": 5,
      "y": 23,
      "width": 117,
      "height": 83
    },
    "offset": {
      "x": -0.5,
      "y": -8
    },
    "originalSize": {
      "width": 128,
      "height": 113
    },
    "rotated": false,
    "capInsets": [
      0,
      0,
      0,
      0
    ],
    "vertices": {
      "rawPosition": [
        -58.5,
        -41.5,
        0,
        58.5,
        -41.5,
        0,
        -58.5,
        41.5,
        0,
        58.5,
        41.5,
        0
      ],
      "indexes": [
        0,
        1,
        2,
        2,
        1,
        3
      ],
      "uv": [
        5,
        90,
        122,
        90,
        5,
        7,
        122,
        7
      ],
      "nuv": [
        0.0390625,
        0.061946902654867256,
        0.953125,
        0.061946902654867256,
        0.0390625,
        0.7964601769911505,
        0.953125,
        0.7964601769911505
      ],
      "minPos": {
        "x": -58.5,
        "y": -41.5,
        "z": 0
      },
      "maxPos": {
        "x": 58.5,
        "y": 41.5,
        "z": 0
      }
    },
    "texture": "68e305d2-009a-4bf8-a659-135b75e7eafe@6c48a",
    "packable": true,
    "pixelsToUnit": 100,
    "pivot": {
      "x": 0.5,
      "y": 0.5
    },
    "meshType": 0
  }
}