{
  "__type__": "cc.SpriteFrame",
  "content": {
    "name": "24_00008",
    "atlas": "",
    "rect": {
      "x": 53,
      "y": 3,
      "width": 112,
      "height": 146
    },
    "offset": {
      "x": 14,
      "y": -1
    },
    "originalSize": {
      "width": 190,
      "height": 150
    },
    "rotated": false,
    "capInsets": [
      0,
      0,
      0,
      0
    ],
    "vertices": {
      "rawPosition": [
        -56,
        -73,
        0,
        56,
        -73,
        0,
        -56,
        73,
        0,
        56,
        73,
        0
      ],
      "indexes": [
        0,
        1,
        2,
        2,
        1,
        3
      ],
      "uv": [
        53,
        147,
        165,
        147,
        53,
        1,
        165,
        1
      ],
      "nuv": [
        0.2789473684210526,
        0.006666666666666667,
        0.868421052631579,
        0.006666666666666667,
        0.2789473684210526,
        0.98,
        0.868421052631579,
        0.98
      ],
      "minPos": {
        "x": -56,
        "y": -73,
        "z": 0
      },
      "maxPos": {
        "x": 56,
        "y": 73,
        "z": 0
      }
    },
    "texture": "2a515687-0e2c-4771-a59a-d34fe43ac5b1@6c48a",
    "packable": true,
    "pixelsToUnit": 100,
    "pivot": {
      "x": 0.5,
      "y": 0.5
    },
    "meshType": 0
  }
}