{
  "__type__": "cc.SpriteFrame",
  "content": {
    "name": "4_00004",
    "atlas": "",
    "rect": {
      "x": 11,
      "y": 4,
      "width": 153,
      "height": 124
    },
    "offset": {
      "x": 2.5,
      "y": 4
    },
    "originalSize": {
      "width": 170,
      "height": 140
    },
    "rotated": false,
    "capInsets": [
      0,
      0,
      0,
      0
    ],
    "vertices": {
      "rawPosition": [
        -76.5,
        -62,
        0,
        76.5,
        -62,
        0,
        -76.5,
        62,
        0,
        76.5,
        62,
        0
      ],
      "indexes": [
        0,
        1,
        2,
        2,
        1,
        3
      ],
      "uv": [
        11,
        136,
        164,
        136,
        11,
        12,
        164,
        12
      ],
      "nuv": [
        0.06470588235294118,
        0.08571428571428572,
        0.9647058823529412,
        0.08571428571428572,
        0.06470588235294118,
        0.9714285714285714,
        0.9647058823529412,
        0.9714285714285714
      ],
      "minPos": {
        "x": -76.5,
        "y": -62,
        "z": 0
      },
      "maxPos": {
        "x": 76.5,
        "y": 62,
        "z": 0
      }
    },
    "texture": "2af2ba37-bf16-4d9c-aa6d-d842b1439fa0@6c48a",
    "packable": true,
    "pixelsToUnit": 100,
    "pivot": {
      "x": 0.5,
      "y": 0.5
    },
    "meshType": 0
  }
}