{
  "__type__": "cc.SpriteFrame",
  "content": {
    "name": "boss2_04",
    "atlas": "",
    "rect": {
      "x": 2,
      "y": 1,
      "width": 215,
      "height": 199
    },
    "offset": {
      "x": -13.5,
      "y": 0.5
    },
    "originalSize": {
      "width": 246,
      "height": 202
    },
    "rotated": false,
    "capInsets": [
      0,
      0,
      0,
      0
    ],
    "vertices": {
      "rawPosition": [
        -107.5,
        -99.5,
        0,
        107.5,
        -99.5,
        0,
        -107.5,
        99.5,
        0,
        107.5,
        99.5,
        0
      ],
      "indexes": [
        0,
        1,
        2,
        2,
        1,
        3
      ],
      "uv": [
        2,
        201,
        217,
        201,
        2,
        2,
        217,
        2
      ],
      "nuv": [
        0.008130081300813009,
        0.009900990099009901,
        0.8821138211382114,
        0.009900990099009901,
        0.008130081300813009,
        0.995049504950495,
        0.8821138211382114,
        0.995049504950495
      ],
      "minPos": {
        "x": -107.5,
        "y": -99.5,
        "z": 0
      },
      "maxPos": {
        "x": 107.5,
        "y": 99.5,
        "z": 0
      }
    },
    "texture": "071b3c05-27cd-4f83-8ac2-9c27ef758f26@6c48a",
    "packable": true,
    "pixelsToUnit": 100,
    "pivot": {
      "x": 0.5,
      "y": 0.5
    },
    "meshType": 0
  }
}