{
  "__type__": "cc.SpriteFrame",
  "content": {
    "name": "boss1_08",
    "atlas": "",
    "rect": {
      "x": 39,
      "y": 8,
      "width": 200,
      "height": 183
    },
    "offset": {
      "x": 15,
      "y": -2
    },
    "originalSize": {
      "width": 248,
      "height": 195
    },
    "rotated": false,
    "capInsets": [
      0,
      0,
      0,
      0
    ],
    "vertices": {
      "rawPosition": [
        -100,
        -91.5,
        0,
        100,
        -91.5,
        0,
        -100,
        91.5,
        0,
        100,
        91.5,
        0
      ],
      "indexes": [
        0,
        1,
        2,
        2,
        1,
        3
      ],
      "uv": [
        39,
        187,
        239,
        187,
        39,
        4,
        239,
        4
      ],
      "nuv": [
        0.15725806451612903,
        0.020512820512820513,
        0.9637096774193549,
        0.020512820512820513,
        0.15725806451612903,
        0.958974358974359,
        0.9637096774193549,
        0.958974358974359
      ],
      "minPos": {
        "x": -100,
        "y": -91.5,
        "z": 0
      },
      "maxPos": {
        "x": 100,
        "y": 91.5,
        "z": 0
      }
    },
    "texture": "eb5f1383-dbc9-448c-a4cd-756d65c76a11@6c48a",
    "packable": true,
    "pixelsToUnit": 100,
    "pivot": {
      "x": 0.5,
      "y": 0.5
    },
    "meshType": 0
  }
}