{
  "__type__": "cc.SpriteFrame",
  "content": {
    "name": "monster33_03",
    "atlas": "",
    "rect": {
      "x": 13,
      "y": 0,
      "width": 105,
      "height": 125
    },
    "offset": {
      "x": 5.5,
      "y": 1.5
    },
    "originalSize": {
      "width": 120,
      "height": 128
    },
    "rotated": false,
    "capInsets": [
      0,
      0,
      0,
      0
    ],
    "vertices": {
      "rawPosition": [
        -52.5,
        -62.5,
        0,
        52.5,
        -62.5,
        0,
        -52.5,
        62.5,
        0,
        52.5,
        62.5,
        0
      ],
      "indexes": [
        0,
        1,
        2,
        2,
        1,
        3
      ],
      "uv": [
        13,
        128,
        118,
        128,
        13,
        3,
        118,
        3
      ],
      "nuv": [
        0.10833333333333334,
        0.0234375,
        0.9833333333333333,
        0.0234375,
        0.10833333333333334,
        1,
        0.9833333333333333,
        1
      ],
      "minPos": {
        "x": -52.5,
        "y": -62.5,
        "z": 0
      },
      "maxPos": {
        "x": 52.5,
        "y": 62.5,
        "z": 0
      }
    },
    "texture": "631c0505-31dc-4239-a505-b9aebeca5bf5@6c48a",
    "packable": true,
    "pixelsToUnit": 100,
    "pivot": {
      "x": 0.5,
      "y": 0.5
    },
    "meshType": 0
  }
}