{
  "__type__": "cc.SpriteFrame",
  "content": {
    "name": "9_00003",
    "atlas": "",
    "rect": {
      "x": 16,
      "y": 7,
      "width": 163,
      "height": 157
    },
    "offset": {
      "x": -2.5,
      "y": -0.5
    },
    "originalSize": {
      "width": 200,
      "height": 170
    },
    "rotated": false,
    "capInsets": [
      0,
      0,
      0,
      0
    ],
    "vertices": {
      "rawPosition": [
        -81.5,
        -78.5,
        0,
        81.5,
        -78.5,
        0,
        -81.5,
        78.5,
        0,
        81.5,
        78.5,
        0
      ],
      "indexes": [
        0,
        1,
        2,
        2,
        1,
        3
      ],
      "uv": [
        16,
        163,
        179,
        163,
        16,
        6,
        179,
        6
      ],
      "nuv": [
        0.08,
        0.03529411764705882,
        0.895,
        0.03529411764705882,
        0.08,
        0.9588235294117647,
        0.895,
        0.9588235294117647
      ],
      "minPos": {
        "x": -81.5,
        "y": -78.5,
        "z": 0
      },
      "maxPos": {
        "x": 81.5,
        "y": 78.5,
        "z": 0
      }
    },
    "texture": "ad24f986-510d-40ca-802d-8ac65292ec69@6c48a",
    "packable": true,
    "pixelsToUnit": 100,
    "pivot": {
      "x": 0.5,
      "y": 0.5
    },
    "meshType": 0
  }
}