{
  "__type__": "cc.SpriteFrame",
  "content": {
    "name": "monster14_07",
    "atlas": "",
    "rect": {
      "x": 19,
      "y": 25,
      "width": 92,
      "height": 101
    },
    "offset": {
      "x": 1,
      "y": -12.5
    },
    "originalSize": {
      "width": 128,
      "height": 126
    },
    "rotated": false,
    "capInsets": [
      0,
      0,
      0,
      0
    ],
    "vertices": {
      "rawPosition": [
        -46,
        -50.5,
        0,
        46,
        -50.5,
        0,
        -46,
        50.5,
        0,
        46,
        50.5,
        0
      ],
      "indexes": [
        0,
        1,
        2,
        2,
        1,
        3
      ],
      "uv": [
        19,
        101,
        111,
        101,
        19,
        0,
        111,
        0
      ],
      "nuv": [
        0.1484375,
        0,
        0.8671875,
        0,
        0.1484375,
        0.8015873015873016,
        0.8671875,
        0.8015873015873016
      ],
      "minPos": {
        "x": -46,
        "y": -50.5,
        "z": 0
      },
      "maxPos": {
        "x": 46,
        "y": 50.5,
        "z": 0
      }
    },
    "texture": "ad80d5ef-ca21-49b0-9eb7-0e86a4fe515f@6c48a",
    "packable": true,
    "pixelsToUnit": 100,
    "pivot": {
      "x": 0.5,
      "y": 0.5
    },
    "meshType": 0
  }
}