{
  "__type__": "cc.SpriteFrame",
  "content": {
    "name": "thundercloud_0003",
    "atlas": "",
    "rect": {
      "x": 5,
      "y": 4,
      "width": 226,
      "height": 245
    },
    "offset": {
      "x": 2.5,
      "y": -1.5
    },
    "originalSize": {
      "width": 231,
      "height": 250
    },
    "rotated": false,
    "capInsets": [
      0,
      0,
      0,
      0
    ],
    "vertices": {
      "rawPosition": [
        -113,
        -122.5,
        0,
        113,
        -122.5,
        0,
        -113,
        122.5,
        0,
        113,
        122.5,
        0
      ],
      "indexes": [
        0,
        1,
        2,
        2,
        1,
        3
      ],
      "uv": [
        5,
        246,
        231,
        246,
        5,
        1,
        231,
        1
      ],
      "nuv": [
        0.021645021645021644,
        0.004,
        1,
        0.004,
        0.021645021645021644,
        0.984,
        1,
        0.984
      ],
      "minPos": {
        "x": -113,
        "y": -122.5,
        "z": 0
      },
      "maxPos": {
        "x": 113,
        "y": 122.5,
        "z": 0
      }
    },
    "texture": "ad879890-8e89-4a85-8db7-bd90f79101cb@6c48a",
    "packable": true,
    "pixelsToUnit": 100,
    "pivot": {
      "x": 0.5,
      "y": 0.5
    },
    "meshType": 0
  }
}