{
  "__type__": "cc.SpriteFrame",
  "content": {
    "name": "sunHeart_006",
    "atlas": "",
    "rect": {
      "x": 3,
      "y": 1,
      "width": 57,
      "height": 57
    },
    "offset": {
      "x": 0,
      "y": 1.5
    },
    "originalSize": {
      "width": 63,
      "height": 62
    },
    "rotated": false,
    "capInsets": [
      0,
      0,
      0,
      0
    ],
    "vertices": {
      "rawPosition": [
        -28.5,
        -28.5,
        0,
        28.5,
        -28.5,
        0,
        -28.5,
        28.5,
        0,
        28.5,
        28.5,
        0
      ],
      "indexes": [
        0,
        1,
        2,
        2,
        1,
        3
      ],
      "uv": [
        3,
        61,
        60,
        61,
        3,
        4,
        60,
        4
      ],
      "nuv": [
        0.047619047619047616,
        0.06451612903225806,
        0.9523809523809523,
        0.06451612903225806,
        0.047619047619047616,
        0.9838709677419355,
        0.9523809523809523,
        0.9838709677419355
      ],
      "minPos": {
        "x": -28.5,
        "y": -28.5,
        "z": 0
      },
      "maxPos": {
        "x": 28.5,
        "y": 28.5,
        "z": 0
      }
    },
    "texture": "ada635fc-cec6-487a-a2b9-b62720b8e95c@6c48a",
    "packable": true,
    "pixelsToUnit": 100,
    "pivot": {
      "x": 0.5,
      "y": 0.5
    },
    "meshType": 0
  }
}