{
  "__type__": "cc.SpriteFrame",
  "content": {
    "name": "monster28_04",
    "atlas": "",
    "rect": {
      "x": 5,
      "y": 8,
      "width": 115,
      "height": 82
    },
    "offset": {
      "x": -1.5,
      "y": 1.5
    },
    "originalSize": {
      "width": 128,
      "height": 101
    },
    "rotated": false,
    "capInsets": [
      0,
      0,
      0,
      0
    ],
    "vertices": {
      "rawPosition": [
        -57.5,
        -41,
        0,
        57.5,
        -41,
        0,
        -57.5,
        41,
        0,
        57.5,
        41,
        0
      ],
      "indexes": [
        0,
        1,
        2,
        2,
        1,
        3
      ],
      "uv": [
        5,
        93,
        120,
        93,
        5,
        11,
        120,
        11
      ],
      "nuv": [
        0.0390625,
        0.10891089108910891,
        0.9375,
        0.10891089108910891,
        0.0390625,
        0.9207920792079208,
        0.9375,
        0.9207920792079208
      ],
      "minPos": {
        "x": -57.5,
        "y": -41,
        "z": 0
      },
      "maxPos": {
        "x": 57.5,
        "y": 41,
        "z": 0
      }
    },
    "texture": "adbb9901-9a24-4842-a58b-ab5948200a5e@6c48a",
    "packable": true,
    "pixelsToUnit": 100,
    "pivot": {
      "x": 0.5,
      "y": 0.5
    },
    "meshType": 0
  }
}