{
  "__type__": "cc.SpriteFrame",
  "content": {
    "name": "monster33_00",
    "atlas": "",
    "rect": {
      "x": 10,
      "y": 1,
      "width": 110,
      "height": 124
    },
    "offset": {
      "x": 5,
      "y": 1
    },
    "originalSize": {
      "width": 120,
      "height": 128
    },
    "rotated": false,
    "capInsets": [
      0,
      0,
      0,
      0
    ],
    "vertices": {
      "rawPosition": [
        -55,
        -62,
        0,
        55,
        -62,
        0,
        -55,
        62,
        0,
        55,
        62,
        0
      ],
      "indexes": [
        0,
        1,
        2,
        2,
        1,
        3
      ],
      "uv": [
        10,
        127,
        120,
        127,
        10,
        3,
        120,
        3
      ],
      "nuv": [
        0.08333333333333333,
        0.0234375,
        1,
        0.0234375,
        0.08333333333333333,
        0.9921875,
        1,
        0.9921875
      ],
      "minPos": {
        "x": -55,
        "y": -62,
        "z": 0
      },
      "maxPos": {
        "x": 55,
        "y": 62,
        "z": 0
      }
    },
    "texture": "adf058ef-e2be-420e-a2d9-a63929efffce@6c48a",
    "packable": true,
    "pixelsToUnit": 100,
    "pivot": {
      "x": 0.5,
      "y": 0.5
    },
    "meshType": 0
  }
}