{
  "__type__": "cc.SpriteFrame",
  "content": {
    "name": "19_00004",
    "atlas": "",
    "rect": {
      "x": 5,
      "y": 7,
      "width": 112,
      "height": 142
    },
    "offset": {
      "x": 1,
      "y": -3
    },
    "originalSize": {
      "width": 120,
      "height": 150
    },
    "rotated": false,
    "capInsets": [
      0,
      0,
      0,
      0
    ],
    "vertices": {
      "rawPosition": [
        -56,
        -71,
        0,
        56,
        -71,
        0,
        -56,
        71,
        0,
        56,
        71,
        0
      ],
      "indexes": [
        0,
        1,
        2,
        2,
        1,
        3
      ],
      "uv": [
        5,
        143,
        117,
        143,
        5,
        1,
        117,
        1
      ],
      "nuv": [
        0.041666666666666664,
        0.006666666666666667,
        0.975,
        0.006666666666666667,
        0.041666666666666664,
        0.9533333333333334,
        0.975,
        0.9533333333333334
      ],
      "minPos": {
        "x": -56,
        "y": -71,
        "z": 0
      },
      "maxPos": {
        "x": 56,
        "y": 71,
        "z": 0
      }
    },
    "texture": "7a935a0f-6239-4c9e-b311-e8ed74d34ea5@6c48a",
    "packable": true,
    "pixelsToUnit": 100,
    "pivot": {
      "x": 0.5,
      "y": 0.5
    },
    "meshType": 0
  }
}