{
  "__type__": "cc.SpriteFrame",
  "content": {
    "name": "monster31_13",
    "atlas": "",
    "rect": {
      "x": 3,
      "y": 3,
      "width": 104,
      "height": 114
    },
    "offset": {
      "x": 0.5,
      "y": 0
    },
    "originalSize": {
      "width": 109,
      "height": 120
    },
    "rotated": false,
    "capInsets": [
      0,
      0,
      0,
      0
    ],
    "vertices": {
      "rawPosition": [
        -52,
        -57,
        0,
        52,
        -57,
        0,
        -52,
        57,
        0,
        52,
        57,
        0
      ],
      "indexes": [
        0,
        1,
        2,
        2,
        1,
        3
      ],
      "uv": [
        3,
        117,
        107,
        117,
        3,
        3,
        107,
        3
      ],
      "nuv": [
        0.027522935779816515,
        0.025,
        0.981651376146789,
        0.025,
        0.027522935779816515,
        0.975,
        0.981651376146789,
        0.975
      ],
      "minPos": {
        "x": -52,
        "y": -57,
        "z": 0
      },
      "maxPos": {
        "x": 52,
        "y": 57,
        "z": 0
      }
    },
    "texture": "7a984a5a-a941-4010-9605-1afc73f04173@6c48a",
    "packable": true,
    "pixelsToUnit": 100,
    "pivot": {
      "x": 0.5,
      "y": 0.5
    },
    "meshType": 0
  }
}