{
  "__type__": "cc.SpriteFrame",
  "content": {
    "name": "boss2_14",
    "atlas": "",
    "rect": {
      "x": 11,
      "y": 0,
      "width": 230,
      "height": 201
    },
    "offset": {
      "x": 3,
      "y": 0.5
    },
    "originalSize": {
      "width": 246,
      "height": 202
    },
    "rotated": false,
    "capInsets": [
      0,
      0,
      0,
      0
    ],
    "vertices": {
      "rawPosition": [
        -115,
        -100.5,
        0,
        115,
        -100.5,
        0,
        -115,
        100.5,
        0,
        115,
        100.5,
        0
      ],
      "indexes": [
        0,
        1,
        2,
        2,
        1,
        3
      ],
      "uv": [
        11,
        202,
        241,
        202,
        11,
        1,
        241,
        1
      ],
      "nuv": [
        0.044715447154471545,
        0.0049504950495049506,
        0.9796747967479674,
        0.0049504950495049506,
        0.044715447154471545,
        1,
        0.9796747967479674,
        1
      ],
      "minPos": {
        "x": -115,
        "y": -100.5,
        "z": 0
      },
      "maxPos": {
        "x": 115,
        "y": 100.5,
        "z": 0
      }
    },
    "texture": "2d4b1001-7133-40a7-a4c9-3d1d899354d2@6c48a",
    "packable": true,
    "pixelsToUnit": 100,
    "pivot": {
      "x": 0.5,
      "y": 0.5
    },
    "meshType": 0
  }
}