{
  "__type__": "cc.SpriteFrame",
  "content": {
    "name": "monster30_01",
    "atlas": "",
    "rect": {
      "x": 35,
      "y": 35,
      "width": 152,
      "height": 169
    },
    "offset": {
      "x": -15,
      "y": -9.5
    },
    "originalSize": {
      "width": 252,
      "height": 220
    },
    "rotated": false,
    "capInsets": [
      0,
      0,
      0,
      0
    ],
    "vertices": {
      "rawPosition": [
        -76,
        -84.5,
        0,
        76,
        -84.5,
        0,
        -76,
        84.5,
        0,
        76,
        84.5,
        0
      ],
      "indexes": [
        0,
        1,
        2,
        2,
        1,
        3
      ],
      "uv": [
        35,
        185,
        187,
        185,
        35,
        16,
        187,
        16
      ],
      "nuv": [
        0.1388888888888889,
        0.07272727272727272,
        0.7420634920634921,
        0.07272727272727272,
        0.1388888888888889,
        0.8409090909090909,
        0.7420634920634921,
        0.8409090909090909
      ],
      "minPos": {
        "x": -76,
        "y": -84.5,
        "z": 0
      },
      "maxPos": {
        "x": 76,
        "y": 84.5,
        "z": 0
      }
    },
    "texture": "2d6e87be-1f61-4d3e-b534-c356dc5d6f60@6c48a",
    "packable": true,
    "pixelsToUnit": 100,
    "pivot": {
      "x": 0.5,
      "y": 0.5
    },
    "meshType": 0
  }
}