{
  "__type__": "cc.SpriteFrame",
  "content": {
    "name": "dangerWindToNear_00010",
    "atlas": "",
    "rect": {
      "x": 8,
      "y": 0,
      "width": 115,
      "height": 168
    },
    "offset": {
      "x": 4,
      "y": 0
    },
    "originalSize": {
      "width": 123,
      "height": 168
    },
    "rotated": false,
    "capInsets": [
      0,
      0,
      0,
      0
    ],
    "vertices": {
      "rawPosition": [
        -57.5,
        -84,
        0,
        57.5,
        -84,
        0,
        -57.5,
        84,
        0,
        57.5,
        84,
        0
      ],
      "indexes": [
        0,
        1,
        2,
        2,
        1,
        3
      ],
      "uv": [
        8,
        168,
        123,
        168,
        8,
        0,
        123,
        0
      ],
      "nuv": [
        0.06504065040650407,
        0,
        1,
        0,
        0.06504065040650407,
        1,
        1,
        1
      ],
      "minPos": {
        "x": -57.5,
        "y": -84,
        "z": 0
      },
      "maxPos": {
        "x": 57.5,
        "y": 84,
        "z": 0
      }
    },
    "texture": "083f20f5-98f4-4309-b058-625138eb73d0@6c48a",
    "packable": true,
    "pixelsToUnit": 100,
    "pivot": {
      "x": 0.5,
      "y": 0.5
    },
    "meshType": 0
  }
}