{
  "__type__": "cc.SpriteFrame",
  "content": {
    "name": "7_00009",
    "atlas": "",
    "rect": {
      "x": 5,
      "y": 3,
      "width": 140,
      "height": 146
    },
    "offset": {
      "x": 0,
      "y": -1
    },
    "originalSize": {
      "width": 150,
      "height": 150
    },
    "rotated": false,
    "capInsets": [
      0,
      0,
      0,
      0
    ],
    "vertices": {
      "rawPosition": [
        -70,
        -73,
        0,
        70,
        -73,
        0,
        -70,
        73,
        0,
        70,
        73,
        0
      ],
      "indexes": [
        0,
        1,
        2,
        2,
        1,
        3
      ],
      "uv": [
        5,
        147,
        145,
        147,
        5,
        1,
        145,
        1
      ],
      "nuv": [
        0.03333333333333333,
        0.006666666666666667,
        0.9666666666666667,
        0.006666666666666667,
        0.03333333333333333,
        0.98,
        0.9666666666666667,
        0.98
      ],
      "minPos": {
        "x": -70,
        "y": -73,
        "z": 0
      },
      "maxPos": {
        "x": 70,
        "y": 73,
        "z": 0
      }
    },
    "texture": "084e6065-5759-4984-b609-9bc5a86b836b@6c48a",
    "packable": true,
    "pixelsToUnit": 100,
    "pivot": {
      "x": 0.5,
      "y": 0.5
    },
    "meshType": 0
  }
}