{
  "__type__": "cc.SpriteFrame",
  "content": {
    "name": "lvCircle",
    "atlas": "",
    "rect": {
      "x": 15,
      "y": 12,
      "width": 129,
      "height": 135
    },
    "offset": {
      "x": -0.5,
      "y": 0.5
    },
    "originalSize": {
      "width": 160,
      "height": 160
    },
    "rotated": false,
    "capInsets": [
      0,
      0,
      0,
      0
    ],
    "vertices": {
      "rawPosition": [
        -64.5,
        -67.5,
        0,
        64.5,
        -67.5,
        0,
        -64.5,
        67.5,
        0,
        64.5,
        67.5,
        0
      ],
      "indexes": [
        0,
        1,
        2,
        2,
        1,
        3
      ],
      "uv": [
        15,
        148,
        144,
        148,
        15,
        13,
        144,
        13
      ],
      "nuv": [
        0.09375,
        0.08125,
        0.9,
        0.08125,
        0.09375,
        0.925,
        0.9,
        0.925
      ],
      "minPos": {
        "x": -64.5,
        "y": -67.5,
        "z": 0
      },
      "maxPos": {
        "x": 64.5,
        "y": 67.5,
        "z": 0
      }
    },
    "texture": "79033e91-d418-4432-89a8-fb0c966fb5ab@6c48a",
    "packable": true,
    "pixelsToUnit": 100,
    "pivot": {
      "x": 0.5,
      "y": 0.5
    },
    "meshType": 0
  }
}