{
  "__type__": "cc.SpriteFrame",
  "content": {
    "name": "2_00009",
    "atlas": "",
    "rect": {
      "x": 3,
      "y": 11,
      "width": 90,
      "height": 112
    },
    "offset": {
      "x": 0.5,
      "y": -4.5
    },
    "originalSize": {
      "width": 95,
      "height": 125
    },
    "rotated": false,
    "capInsets": [
      0,
      0,
      0,
      0
    ],
    "vertices": {
      "rawPosition": [
        -45,
        -56,
        0,
        45,
        -56,
        0,
        -45,
        56,
        0,
        45,
        56,
        0
      ],
      "indexes": [
        0,
        1,
        2,
        2,
        1,
        3
      ],
      "uv": [
        3,
        114,
        93,
        114,
        3,
        2,
        93,
        2
      ],
      "nuv": [
        0.031578947368421054,
        0.016,
        0.9789473684210527,
        0.016,
        0.031578947368421054,
        0.912,
        0.9789473684210527,
        0.912
      ],
      "minPos": {
        "x": -45,
        "y": -56,
        "z": 0
      },
      "maxPos": {
        "x": 45,
        "y": 56,
        "z": 0
      }
    },
    "texture": "794a5fbf-0b55-4a1c-945e-4dd72171ff32@6c48a",
    "packable": true,
    "pixelsToUnit": 100,
    "pivot": {
      "x": 0.5,
      "y": 0.5
    },
    "meshType": 0
  }
}