{
  "__type__": "cc.SpriteFrame",
  "content": {
    "name": "22_00007",
    "atlas": "",
    "rect": {
      "x": 21,
      "y": 20,
      "width": 143,
      "height": 147
    },
    "offset": {
      "x": 2.5,
      "y": -3.5
    },
    "originalSize": {
      "width": 180,
      "height": 180
    },
    "rotated": false,
    "capInsets": [
      0,
      0,
      0,
      0
    ],
    "vertices": {
      "rawPosition": [
        -71.5,
        -73.5,
        0,
        71.5,
        -73.5,
        0,
        -71.5,
        73.5,
        0,
        71.5,
        73.5,
        0
      ],
      "indexes": [
        0,
        1,
        2,
        2,
        1,
        3
      ],
      "uv": [
        21,
        160,
        164,
        160,
        21,
        13,
        164,
        13
      ],
      "nuv": [
        0.11666666666666667,
        0.07222222222222222,
        0.9111111111111111,
        0.07222222222222222,
        0.11666666666666667,
        0.8888888888888888,
        0.9111111111111111,
        0.8888888888888888
      ],
      "minPos": {
        "x": -71.5,
        "y": -73.5,
        "z": 0
      },
      "maxPos": {
        "x": 71.5,
        "y": 73.5,
        "z": 0
      }
    },
    "texture": "0d1db117-e6f3-4b89-8722-51908e4affc5@6c48a",
    "packable": true,
    "pixelsToUnit": 100,
    "pivot": {
      "x": 0.5,
      "y": 0.5
    },
    "meshType": 0
  }
}