{
  "__type__": "cc.SpriteFrame",
  "content": {
    "name": "13_00004",
    "atlas": "",
    "rect": {
      "x": 6,
      "y": 13,
      "width": 122,
      "height": 175
    },
    "offset": {
      "x": -8,
      "y": -0.5
    },
    "originalSize": {
      "width": 150,
      "height": 200
    },
    "rotated": false,
    "capInsets": [
      0,
      0,
      0,
      0
    ],
    "vertices": {
      "rawPosition": [
        -61,
        -87.5,
        0,
        61,
        -87.5,
        0,
        -61,
        87.5,
        0,
        61,
        87.5,
        0
      ],
      "indexes": [
        0,
        1,
        2,
        2,
        1,
        3
      ],
      "uv": [
        6,
        187,
        128,
        187,
        6,
        12,
        128,
        12
      ],
      "nuv": [
        0.04,
        0.06,
        0.8533333333333334,
        0.06,
        0.04,
        0.935,
        0.8533333333333334,
        0.935
      ],
      "minPos": {
        "x": -61,
        "y": -87.5,
        "z": 0
      },
      "maxPos": {
        "x": 61,
        "y": 87.5,
        "z": 0
      }
    },
    "texture": "0dc60151-31f5-4d3f-850a-4b2eb353b08c@6c48a",
    "packable": true,
    "pixelsToUnit": 100,
    "pivot": {
      "x": 0.5,
      "y": 0.5
    },
    "meshType": 0
  }
}