{
  "__type__": "cc.SpriteFrame",
  "content": {
    "name": "monster33_13",
    "atlas": "",
    "rect": {
      "x": 13,
      "y": 0,
      "width": 102,
      "height": 126
    },
    "offset": {
      "x": 4,
      "y": 1
    },
    "originalSize": {
      "width": 120,
      "height": 128
    },
    "rotated": false,
    "capInsets": [
      0,
      0,
      0,
      0
    ],
    "vertices": {
      "rawPosition": [
        -51,
        -63,
        0,
        51,
        -63,
        0,
        -51,
        63,
        0,
        51,
        63,
        0
      ],
      "indexes": [
        0,
        1,
        2,
        2,
        1,
        3
      ],
      "uv": [
        13,
        128,
        115,
        128,
        13,
        2,
        115,
        2
      ],
      "nuv": [
        0.10833333333333334,
        0.015625,
        0.9583333333333334,
        0.015625,
        0.10833333333333334,
        1,
        0.9583333333333334,
        1
      ],
      "minPos": {
        "x": -51,
        "y": -63,
        "z": 0
      },
      "maxPos": {
        "x": 51,
        "y": 63,
        "z": 0
      }
    },
    "texture": "9f5ccd57-bcb6-45c2-b397-389ec7575076@6c48a",
    "packable": true,
    "pixelsToUnit": 100,
    "pivot": {
      "x": 0.5,
      "y": 0.5
    },
    "meshType": 0
  }
}