{
  "__type__": "cc.SpriteFrame",
  "content": {
    "name": "icon_spell",
    "atlas": "",
    "rect": {
      "x": 13,
      "y": 9,
      "width": 117,
      "height": 138
    },
    "offset": {
      "x": -3.5,
      "y": -3
    },
    "originalSize": {
      "width": 150,
      "height": 150
    },
    "rotated": false,
    "capInsets": [
      0,
      0,
      0,
      0
    ],
    "vertices": {
      "rawPosition": [
        -58.5,
        -69,
        0,
        58.5,
        -69,
        0,
        -58.5,
        69,
        0,
        58.5,
        69,
        0
      ],
      "indexes": [
        0,
        1,
        2,
        2,
        1,
        3
      ],
      "uv": [
        13,
        141,
        130,
        141,
        13,
        3,
        130,
        3
      ],
      "nuv": [
        0.08666666666666667,
        0.02,
        0.8666666666666667,
        0.02,
        0.08666666666666667,
        0.94,
        0.8666666666666667,
        0.94
      ],
      "minPos": {
        "x": -58.5,
        "y": -69,
        "z": 0
      },
      "maxPos": {
        "x": 58.5,
        "y": 69,
        "z": 0
      }
    },
    "texture": "2f11dda1-8de0-4c05-857d-8fa042e2519a@6c48a",
    "packable": true,
    "pixelsToUnit": 100,
    "pivot": {
      "x": 0.5,
      "y": 0.5
    },
    "meshType": 0
  }
}