{
  "__type__": "cc.SpriteFrame",
  "content": {
    "name": "run_00006",
    "atlas": "",
    "rect": {
      "x": 6,
      "y": 3,
      "width": 184,
      "height": 143
    },
    "offset": {
      "x": 3,
      "y": 0.5
    },
    "originalSize": {
      "width": 190,
      "height": 150
    },
    "rotated": false,
    "capInsets": [
      0,
      0,
      0,
      0
    ],
    "vertices": {
      "rawPosition": [
        -92,
        -71.5,
        0,
        92,
        -71.5,
        0,
        -92,
        71.5,
        0,
        92,
        71.5,
        0
      ],
      "indexes": [
        0,
        1,
        2,
        2,
        1,
        3
      ],
      "uv": [
        6,
        147,
        190,
        147,
        6,
        4,
        190,
        4
      ],
      "nuv": [
        0.031578947368421054,
        0.02666666666666667,
        1,
        0.02666666666666667,
        0.031578947368421054,
        0.98,
        1,
        0.98
      ],
      "minPos": {
        "x": -92,
        "y": -71.5,
        "z": 0
      },
      "maxPos": {
        "x": 92,
        "y": 71.5,
        "z": 0
      }
    },
    "texture": "2f310f67-94d6-4cc8-ac54-79b623bffb5e@6c48a",
    "packable": true,
    "pixelsToUnit": 100,
    "pivot": {
      "x": 0.5,
      "y": 0.5
    },
    "meshType": 0
  }
}