{
  "__type__": "cc.SpriteFrame",
  "content": {
    "name": "monster14_00",
    "atlas": "",
    "rect": {
      "x": 30,
      "y": 1,
      "width": 73,
      "height": 111
    },
    "offset": {
      "x": 2.5,
      "y": 6.5
    },
    "originalSize": {
      "width": 128,
      "height": 126
    },
    "rotated": false,
    "capInsets": [
      0,
      0,
      0,
      0
    ],
    "vertices": {
      "rawPosition": [
        -36.5,
        -55.5,
        0,
        36.5,
        -55.5,
        0,
        -36.5,
        55.5,
        0,
        36.5,
        55.5,
        0
      ],
      "indexes": [
        0,
        1,
        2,
        2,
        1,
        3
      ],
      "uv": [
        30,
        125,
        103,
        125,
        30,
        14,
        103,
        14
      ],
      "nuv": [
        0.234375,
        0.1111111111111111,
        0.8046875,
        0.1111111111111111,
        0.234375,
        0.9920634920634921,
        0.8046875,
        0.9920634920634921
      ],
      "minPos": {
        "x": -36.5,
        "y": -55.5,
        "z": 0
      },
      "maxPos": {
        "x": 36.5,
        "y": 55.5,
        "z": 0
      }
    },
    "texture": "2f4f37fb-a7cf-40f8-8e63-8b6bbf626b06@6c48a",
    "packable": true,
    "pixelsToUnit": 100,
    "pivot": {
      "x": 0.5,
      "y": 0.5
    },
    "meshType": 0
  }
}