{
  "__type__": "cc.SpriteFrame",
  "content": {
    "name": "fireBloom_0010",
    "atlas": "",
    "rect": {
      "x": 26,
      "y": 19,
      "width": 267,
      "height": 281
    },
    "offset": {
      "x": 7,
      "y": -7.5
    },
    "originalSize": {
      "width": 305,
      "height": 304
    },
    "rotated": false,
    "capInsets": [
      0,
      0,
      0,
      0
    ],
    "vertices": {
      "rawPosition": [
        -133.5,
        -140.5,
        0,
        133.5,
        -140.5,
        0,
        -133.5,
        140.5,
        0,
        133.5,
        140.5,
        0
      ],
      "indexes": [
        0,
        1,
        2,
        2,
        1,
        3
      ],
      "uv": [
        26,
        285,
        293,
        285,
        26,
        4,
        293,
        4
      ],
      "nuv": [
        0.08524590163934426,
        0.013157894736842105,
        0.9606557377049181,
        0.013157894736842105,
        0.08524590163934426,
        0.9375,
        0.9606557377049181,
        0.9375
      ],
      "minPos": {
        "x": -133.5,
        "y": -140.5,
        "z": 0
      },
      "maxPos": {
        "x": 133.5,
        "y": 140.5,
        "z": 0
      }
    },
    "texture": "2f685426-e3c0-4c16-8a84-9f667f6c9851@6c48a",
    "packable": true,
    "pixelsToUnit": 100,
    "pivot": {
      "x": 0.5,
      "y": 0.5
    },
    "meshType": 0
  }
}