{
  "__type__": "cc.SpriteFrame",
  "content": {
    "name": "monster25_10",
    "atlas": "",
    "rect": {
      "x": 1,
      "y": 1,
      "width": 108,
      "height": 98
    },
    "offset": {
      "x": -1,
      "y": 0.5
    },
    "originalSize": {
      "width": 112,
      "height": 101
    },
    "rotated": false,
    "capInsets": [
      0,
      0,
      0,
      0
    ],
    "vertices": {
      "rawPosition": [
        -54,
        -49,
        0,
        54,
        -49,
        0,
        -54,
        49,
        0,
        54,
        49,
        0
      ],
      "indexes": [
        0,
        1,
        2,
        2,
        1,
        3
      ],
      "uv": [
        1,
        100,
        109,
        100,
        1,
        2,
        109,
        2
      ],
      "nuv": [
        0.008928571428571428,
        0.019801980198019802,
        0.9732142857142857,
        0.019801980198019802,
        0.008928571428571428,
        0.9900990099009901,
        0.9732142857142857,
        0.9900990099009901
      ],
      "minPos": {
        "x": -54,
        "y": -49,
        "z": 0
      },
      "maxPos": {
        "x": 54,
        "y": 49,
        "z": 0
      }
    },
    "texture": "2f940ea7-0357-4770-9002-fc3d13a9d03d@6c48a",
    "packable": true,
    "pixelsToUnit": 100,
    "pivot": {
      "x": 0.5,
      "y": 0.5
    },
    "meshType": 0
  }
}