{
  "__type__": "cc.SpriteFrame",
  "content": {
    "name": "6_00002",
    "atlas": "",
    "rect": {
      "x": 9,
      "y": 2,
      "width": 137,
      "height": 129
    },
    "offset": {
      "x": 2.5,
      "y": 1
    },
    "originalSize": {
      "width": 150,
      "height": 135
    },
    "rotated": false,
    "capInsets": [
      0,
      0,
      0,
      0
    ],
    "vertices": {
      "rawPosition": [
        -68.5,
        -64.5,
        0,
        68.5,
        -64.5,
        0,
        -68.5,
        64.5,
        0,
        68.5,
        64.5,
        0
      ],
      "indexes": [
        0,
        1,
        2,
        2,
        1,
        3
      ],
      "uv": [
        9,
        133,
        146,
        133,
        9,
        4,
        146,
        4
      ],
      "nuv": [
        0.06,
        0.02962962962962963,
        0.9733333333333334,
        0.02962962962962963,
        0.06,
        0.9851851851851852,
        0.9733333333333334,
        0.9851851851851852
      ],
      "minPos": {
        "x": -68.5,
        "y": -64.5,
        "z": 0
      },
      "maxPos": {
        "x": 68.5,
        "y": 64.5,
        "z": 0
      }
    },
    "texture": "fef53b85-2d12-4282-87f2-e610d84554d6@6c48a",
    "packable": true,
    "pixelsToUnit": 100,
    "pivot": {
      "x": 0.5,
      "y": 0.5
    },
    "meshType": 0
  }
}