{
  "__type__": "cc.SpriteFrame",
  "content": {
    "name": "versionNotice",
    "atlas": "",
    "rect": {
      "x": 0,
      "y": 0,
      "width": 750,
      "height": 937
    },
    "offset": {
      "x": 0,
      "y": 0.5
    },
    "originalSize": {
      "width": 750,
      "height": 938
    },
    "rotated": false,
    "capInsets": [
      0,
      0,
      0,
      0
    ],
    "vertices": {
      "rawPosition": [
        -375,
        -468.5,
        0,
        375,
        -468.5,
        0,
        -375,
        468.5,
        0,
        375,
        468.5,
        0
      ],
      "indexes": [
        0,
        1,
        2,
        2,
        1,
        3
      ],
      "uv": [
        0,
        938,
        750,
        938,
        0,
        1,
        750,
        1
      ],
      "nuv": [
        0,
        0.0010660980810234541,
        1,
        0.0010660980810234541,
        0,
        1,
        1,
        1
      ],
      "minPos": {
        "x": -375,
        "y": -468.5,
        "z": 0
      },
      "maxPos": {
        "x": 375,
        "y": 468.5,
        "z": 0
      }
    },
    "texture": "c25de59c-7782-48c5-8733-2df246649b66@6c48a",
    "packable": true,
    "pixelsToUnit": 100,
    "pivot": {
      "x": 0.5,
      "y": 0.5
    },
    "meshType": 0
  }
}