{
  "__type__": "cc.SpriteFrame",
  "content": {
    "name": "run_00007",
    "atlas": "",
    "rect": {
      "x": 6,
      "y": 4,
      "width": 182,
      "height": 143
    },
    "offset": {
      "x": 2,
      "y": -0.5
    },
    "originalSize": {
      "width": 190,
      "height": 150
    },
    "rotated": false,
    "capInsets": [
      0,
      0,
      0,
      0
    ],
    "vertices": {
      "rawPosition": [
        -91,
        -71.5,
        0,
        91,
        -71.5,
        0,
        -91,
        71.5,
        0,
        91,
        71.5,
        0
      ],
      "indexes": [
        0,
        1,
        2,
        2,
        1,
        3
      ],
      "uv": [
        6,
        146,
        188,
        146,
        6,
        3,
        188,
        3
      ],
      "nuv": [
        0.031578947368421054,
        0.02,
        0.9894736842105263,
        0.02,
        0.031578947368421054,
        0.9733333333333334,
        0.9894736842105263,
        0.9733333333333334
      ],
      "minPos": {
        "x": -91,
        "y": -71.5,
        "z": 0
      },
      "maxPos": {
        "x": 91,
        "y": 71.5,
        "z": 0
      }
    },
    "texture": "c28235c0-4eaa-473e-b0cf-70e34506e984@6c48a",
    "packable": true,
    "pixelsToUnit": 100,
    "pivot": {
      "x": 0.5,
      "y": 0.5
    },
    "meshType": 0
  }
}