{
  "__type__": "cc.SpriteFrame",
  "content": {
    "name": "4_00002",
    "atlas": "",
    "rect": {
      "x": 11,
      "y": 9,
      "width": 159,
      "height": 125
    },
    "offset": {
      "x": 5.5,
      "y": -1.5
    },
    "originalSize": {
      "width": 170,
      "height": 140
    },
    "rotated": false,
    "capInsets": [
      0,
      0,
      0,
      0
    ],
    "vertices": {
      "rawPosition": [
        -79.5,
        -62.5,
        0,
        79.5,
        -62.5,
        0,
        -79.5,
        62.5,
        0,
        79.5,
        62.5,
        0
      ],
      "indexes": [
        0,
        1,
        2,
        2,
        1,
        3
      ],
      "uv": [
        11,
        131,
        170,
        131,
        11,
        6,
        170,
        6
      ],
      "nuv": [
        0.06470588235294118,
        0.04285714285714286,
        1,
        0.04285714285714286,
        0.06470588235294118,
        0.9357142857142857,
        1,
        0.9357142857142857
      ],
      "minPos": {
        "x": -79.5,
        "y": -62.5,
        "z": 0
      },
      "maxPos": {
        "x": 79.5,
        "y": 62.5,
        "z": 0
      }
    },
    "texture": "c29533f6-ee0e-4128-ba2f-b7403c6b5e7e@6c48a",
    "packable": true,
    "pixelsToUnit": 100,
    "pivot": {
      "x": 0.5,
      "y": 0.5
    },
    "meshType": 0
  }
}