{
  "__type__": "cc.SpriteFrame",
  "content": {
    "name": "boss1_10",
    "atlas": "",
    "rect": {
      "x": 30,
      "y": 4,
      "width": 190,
      "height": 188
    },
    "offset": {
      "x": 1,
      "y": -0.5
    },
    "originalSize": {
      "width": 248,
      "height": 195
    },
    "rotated": false,
    "capInsets": [
      0,
      0,
      0,
      0
    ],
    "vertices": {
      "rawPosition": [
        -95,
        -94,
        0,
        95,
        -94,
        0,
        -95,
        94,
        0,
        95,
        94,
        0
      ],
      "indexes": [
        0,
        1,
        2,
        2,
        1,
        3
      ],
      "uv": [
        30,
        191,
        220,
        191,
        30,
        3,
        220,
        3
      ],
      "nuv": [
        0.12096774193548387,
        0.015384615384615385,
        0.8870967741935484,
        0.015384615384615385,
        0.12096774193548387,
        0.9794871794871794,
        0.8870967741935484,
        0.9794871794871794
      ],
      "minPos": {
        "x": -95,
        "y": -94,
        "z": 0
      },
      "maxPos": {
        "x": 95,
        "y": 94,
        "z": 0
      }
    },
    "texture": "c2ee4c0d-84a7-4798-9af8-d908110741b0@6c48a",
    "packable": true,
    "pixelsToUnit": 100,
    "pivot": {
      "x": 0.5,
      "y": 0.5
    },
    "meshType": 0
  }
}