{
  "__type__": "cc.SpriteFrame",
  "content": {
    "name": "monster19_03",
    "atlas": "",
    "rect": {
      "x": 2,
      "y": 4,
      "width": 212,
      "height": 128
    },
    "offset": {
      "x": 0,
      "y": -0.5
    },
    "originalSize": {
      "width": 216,
      "height": 135
    },
    "rotated": false,
    "capInsets": [
      0,
      0,
      0,
      0
    ],
    "vertices": {
      "rawPosition": [
        -106,
        -64,
        0,
        106,
        -64,
        0,
        -106,
        64,
        0,
        106,
        64,
        0
      ],
      "indexes": [
        0,
        1,
        2,
        2,
        1,
        3
      ],
      "uv": [
        2,
        131,
        214,
        131,
        2,
        3,
        214,
        3
      ],
      "nuv": [
        0.009259259259259259,
        0.022222222222222223,
        0.9907407407407407,
        0.022222222222222223,
        0.009259259259259259,
        0.9703703703703703,
        0.9907407407407407,
        0.9703703703703703
      ],
      "minPos": {
        "x": -106,
        "y": -64,
        "z": 0
      },
      "maxPos": {
        "x": 106,
        "y": 64,
        "z": 0
      }
    },
    "texture": "2205b0da-12cb-4228-b518-7348d1e3cdd3@6c48a",
    "packable": true,
    "pixelsToUnit": 100,
    "pivot": {
      "x": 0.5,
      "y": 0.5
    },
    "meshType": 0
  }
}