{
  "__type__": "cc.SpriteFrame",
  "content": {
    "name": "monster14_01",
    "atlas": "",
    "rect": {
      "x": 19,
      "y": 12,
      "width": 92,
      "height": 101
    },
    "offset": {
      "x": 1,
      "y": 0.5
    },
    "originalSize": {
      "width": 128,
      "height": 126
    },
    "rotated": false,
    "capInsets": [
      0,
      0,
      0,
      0
    ],
    "vertices": {
      "rawPosition": [
        -46,
        -50.5,
        0,
        46,
        -50.5,
        0,
        -46,
        50.5,
        0,
        46,
        50.5,
        0
      ],
      "indexes": [
        0,
        1,
        2,
        2,
        1,
        3
      ],
      "uv": [
        19,
        114,
        111,
        114,
        19,
        13,
        111,
        13
      ],
      "nuv": [
        0.1484375,
        0.10317460317460317,
        0.8671875,
        0.10317460317460317,
        0.1484375,
        0.9047619047619048,
        0.8671875,
        0.9047619047619048
      ],
      "minPos": {
        "x": -46,
        "y": -50.5,
        "z": 0
      },
      "maxPos": {
        "x": 46,
        "y": 50.5,
        "z": 0
      }
    },
    "texture": "229cf80b-f253-499e-a95f-64c655abe5b6@6c48a",
    "packable": true,
    "pixelsToUnit": 100,
    "pivot": {
      "x": 0.5,
      "y": 0.5
    },
    "meshType": 0
  }
}