{
  "__type__": "cc.SpriteFrame",
  "content": {
    "name": "10_00003",
    "atlas": "",
    "rect": {
      "x": 17,
      "y": 6,
      "width": 151,
      "height": 113
    },
    "offset": {
      "x": 2.5,
      "y": 2.5
    },
    "originalSize": {
      "width": 180,
      "height": 130
    },
    "rotated": false,
    "capInsets": [
      0,
      0,
      0,
      0
    ],
    "vertices": {
      "rawPosition": [
        -75.5,
        -56.5,
        0,
        75.5,
        -56.5,
        0,
        -75.5,
        56.5,
        0,
        75.5,
        56.5,
        0
      ],
      "indexes": [
        0,
        1,
        2,
        2,
        1,
        3
      ],
      "uv": [
        17,
        124,
        168,
        124,
        17,
        11,
        168,
        11
      ],
      "nuv": [
        0.09444444444444444,
        0.08461538461538462,
        0.9333333333333333,
        0.08461538461538462,
        0.09444444444444444,
        0.9538461538461539,
        0.9333333333333333,
        0.9538461538461539
      ],
      "minPos": {
        "x": -75.5,
        "y": -56.5,
        "z": 0
      },
      "maxPos": {
        "x": 75.5,
        "y": 56.5,
        "z": 0
      }
    },
    "texture": "f009ac26-3b1d-482b-b938-bad380c9cedb@6c48a",
    "packable": true,
    "pixelsToUnit": 100,
    "pivot": {
      "x": 0.5,
      "y": 0.5
    },
    "meshType": 0
  }
}