{
  "__type__": "cc.SpriteFrame",
  "content": {
    "name": "monster27_10",
    "atlas": "",
    "rect": {
      "x": 2,
      "y": 2,
      "width": 120,
      "height": 100
    },
    "offset": {
      "x": 0.5,
      "y": -0.5
    },
    "originalSize": {
      "width": 123,
      "height": 103
    },
    "rotated": false,
    "capInsets": [
      0,
      0,
      0,
      0
    ],
    "vertices": {
      "rawPosition": [
        -60,
        -50,
        0,
        60,
        -50,
        0,
        -60,
        50,
        0,
        60,
        50,
        0
      ],
      "indexes": [
        0,
        1,
        2,
        2,
        1,
        3
      ],
      "uv": [
        2,
        101,
        122,
        101,
        2,
        1,
        122,
        1
      ],
      "nuv": [
        0.016260162601626018,
        0.009708737864077669,
        0.991869918699187,
        0.009708737864077669,
        0.016260162601626018,
        0.9805825242718447,
        0.991869918699187,
        0.9805825242718447
      ],
      "minPos": {
        "x": -60,
        "y": -50,
        "z": 0
      },
      "maxPos": {
        "x": 60,
        "y": 50,
        "z": 0
      }
    },
    "texture": "f04d9d29-78dd-4816-8106-e5ba1e823166@6c48a",
    "packable": true,
    "pixelsToUnit": 100,
    "pivot": {
      "x": 0.5,
      "y": 0.5
    },
    "meshType": 0
  }
}