{
  "__type__": "cc.SpriteFrame",
  "content": {
    "name": "darkMask_08",
    "atlas": "",
    "rect": {
      "x": 2,
      "y": 5,
      "width": 387,
      "height": 277
    },
    "offset": {
      "x": 0.5,
      "y": -1.5
    },
    "originalSize": {
      "width": 390,
      "height": 284
    },
    "rotated": false,
    "capInsets": [
      0,
      0,
      0,
      0
    ],
    "vertices": {
      "rawPosition": [
        -193.5,
        -138.5,
        0,
        193.5,
        -138.5,
        0,
        -193.5,
        138.5,
        0,
        193.5,
        138.5,
        0
      ],
      "indexes": [
        0,
        1,
        2,
        2,
        1,
        3
      ],
      "uv": [
        2,
        279,
        389,
        279,
        2,
        2,
        389,
        2
      ],
      "nuv": [
        0.005128205128205128,
        0.007042253521126761,
        0.9974358974358974,
        0.007042253521126761,
        0.005128205128205128,
        0.9823943661971831,
        0.9974358974358974,
        0.9823943661971831
      ],
      "minPos": {
        "x": -193.5,
        "y": -138.5,
        "z": 0
      },
      "maxPos": {
        "x": 193.5,
        "y": 138.5,
        "z": 0
      }
    },
    "texture": "f0cfad8e-94cf-442c-a6a1-9383d42d1bbd@6c48a",
    "packable": true,
    "pixelsToUnit": 100,
    "pivot": {
      "x": 0.5,
      "y": 0.5
    },
    "meshType": 0
  }
}