{
  "__type__": "cc.SpriteFrame",
  "content": {
    "name": "21_00007",
    "atlas": "",
    "rect": {
      "x": 21,
      "y": 3,
      "width": 116,
      "height": 143
    },
    "offset": {
      "x": 4,
      "y": 0.5
    },
    "originalSize": {
      "width": 150,
      "height": 150
    },
    "rotated": false,
    "capInsets": [
      0,
      0,
      0,
      0
    ],
    "vertices": {
      "rawPosition": [
        -58,
        -71.5,
        0,
        58,
        -71.5,
        0,
        -58,
        71.5,
        0,
        58,
        71.5,
        0
      ],
      "indexes": [
        0,
        1,
        2,
        2,
        1,
        3
      ],
      "uv": [
        21,
        147,
        137,
        147,
        21,
        4,
        137,
        4
      ],
      "nuv": [
        0.14,
        0.02666666666666667,
        0.9133333333333333,
        0.02666666666666667,
        0.14,
        0.98,
        0.9133333333333333,
        0.98
      ],
      "minPos": {
        "x": -58,
        "y": -71.5,
        "z": 0
      },
      "maxPos": {
        "x": 58,
        "y": 71.5,
        "z": 0
      }
    },
    "texture": "f0de3db7-f5ea-42f0-ae48-4595c516d763@6c48a",
    "packable": true,
    "pixelsToUnit": 100,
    "pivot": {
      "x": 0.5,
      "y": 0.5
    },
    "meshType": 0
  }
}