{
  "__type__": "cc.SpriteFrame",
  "content": {
    "name": "monster19_12",
    "atlas": "",
    "rect": {
      "x": 3,
      "y": 9,
      "width": 210,
      "height": 124
    },
    "offset": {
      "x": 0,
      "y": -3.5
    },
    "originalSize": {
      "width": 216,
      "height": 135
    },
    "rotated": false,
    "capInsets": [
      0,
      0,
      0,
      0
    ],
    "vertices": {
      "rawPosition": [
        -105,
        -62,
        0,
        105,
        -62,
        0,
        -105,
        62,
        0,
        105,
        62,
        0
      ],
      "indexes": [
        0,
        1,
        2,
        2,
        1,
        3
      ],
      "uv": [
        3,
        126,
        213,
        126,
        3,
        2,
        213,
        2
      ],
      "nuv": [
        0.013888888888888888,
        0.014814814814814815,
        0.9861111111111112,
        0.014814814814814815,
        0.013888888888888888,
        0.9333333333333333,
        0.9861111111111112,
        0.9333333333333333
      ],
      "minPos": {
        "x": -105,
        "y": -62,
        "z": 0
      },
      "maxPos": {
        "x": 105,
        "y": 62,
        "z": 0
      }
    },
    "texture": "bb7166b9-9003-42cf-bdeb-69e2180ebc27@6c48a",
    "packable": true,
    "pixelsToUnit": 100,
    "pivot": {
      "x": 0.5,
      "y": 0.5
    },
    "meshType": 0
  }
}