{
  "__type__": "cc.SpriteFrame",
  "content": {
    "name": "monster29_05",
    "atlas": "",
    "rect": {
      "x": 21,
      "y": 27,
      "width": 166,
      "height": 115
    },
    "offset": {
      "x": -24,
      "y": -12
    },
    "originalSize": {
      "width": 256,
      "height": 145
    },
    "rotated": false,
    "capInsets": [
      0,
      0,
      0,
      0
    ],
    "vertices": {
      "rawPosition": [
        -83,
        -57.5,
        0,
        83,
        -57.5,
        0,
        -83,
        57.5,
        0,
        83,
        57.5,
        0
      ],
      "indexes": [
        0,
        1,
        2,
        2,
        1,
        3
      ],
      "uv": [
        21,
        118,
        187,
        118,
        21,
        3,
        187,
        3
      ],
      "nuv": [
        0.08203125,
        0.020689655172413793,
        0.73046875,
        0.020689655172413793,
        0.08203125,
        0.8137931034482758,
        0.73046875,
        0.8137931034482758
      ],
      "minPos": {
        "x": -83,
        "y": -57.5,
        "z": 0
      },
      "maxPos": {
        "x": 83,
        "y": 57.5,
        "z": 0
      }
    },
    "texture": "bb74ee16-9cf5-4941-ac9c-a536bd5ce350@6c48a",
    "packable": true,
    "pixelsToUnit": 100,
    "pivot": {
      "x": 0.5,
      "y": 0.5
    },
    "meshType": 0
  }
}