{
  "__type__": "cc.SpriteFrame",
  "content": {
    "name": "dangerWindToNear_00004",
    "atlas": "",
    "rect": {
      "x": 7,
      "y": 0,
      "width": 116,
      "height": 167
    },
    "offset": {
      "x": 3.5,
      "y": 0.5
    },
    "originalSize": {
      "width": 123,
      "height": 168
    },
    "rotated": false,
    "capInsets": [
      0,
      0,
      0,
      0
    ],
    "vertices": {
      "rawPosition": [
        -58,
        -83.5,
        0,
        58,
        -83.5,
        0,
        -58,
        83.5,
        0,
        58,
        83.5,
        0
      ],
      "indexes": [
        0,
        1,
        2,
        2,
        1,
        3
      ],
      "uv": [
        7,
        168,
        123,
        168,
        7,
        1,
        123,
        1
      ],
      "nuv": [
        0.056910569105691054,
        0.005952380952380952,
        1,
        0.005952380952380952,
        0.056910569105691054,
        1,
        1,
        1
      ],
      "minPos": {
        "x": -58,
        "y": -83.5,
        "z": 0
      },
      "maxPos": {
        "x": 58,
        "y": 83.5,
        "z": 0
      }
    },
    "texture": "603d3979-ef11-4393-987f-019c8fb5fb32@6c48a",
    "packable": true,
    "pixelsToUnit": 100,
    "pivot": {
      "x": 0.5,
      "y": 0.5
    },
    "meshType": 0
  }
}