{
  "__type__": "cc.SpriteFrame",
  "content": {
    "name": "boss2_06",
    "atlas": "",
    "rect": {
      "x": 3,
      "y": 1,
      "width": 220,
      "height": 198
    },
    "offset": {
      "x": -10,
      "y": 1
    },
    "originalSize": {
      "width": 246,
      "height": 202
    },
    "rotated": false,
    "capInsets": [
      0,
      0,
      0,
      0
    ],
    "vertices": {
      "rawPosition": [
        -110,
        -99,
        0,
        110,
        -99,
        0,
        -110,
        99,
        0,
        110,
        99,
        0
      ],
      "indexes": [
        0,
        1,
        2,
        2,
        1,
        3
      ],
      "uv": [
        3,
        201,
        223,
        201,
        3,
        3,
        223,
        3
      ],
      "nuv": [
        0.012195121951219513,
        0.01485148514851485,
        0.9065040650406504,
        0.01485148514851485,
        0.012195121951219513,
        0.995049504950495,
        0.9065040650406504,
        0.995049504950495
      ],
      "minPos": {
        "x": -110,
        "y": -99,
        "z": 0
      },
      "maxPos": {
        "x": 110,
        "y": 99,
        "z": 0
      }
    },
    "texture": "6041315b-2f3f-4fd4-bbdc-e0d43cd7d4d9@6c48a",
    "packable": true,
    "pixelsToUnit": 100,
    "pivot": {
      "x": 0.5,
      "y": 0.5
    },
    "meshType": 0
  }
}