{
  "__type__": "cc.SpriteFrame",
  "content": {
    "name": "20_00008",
    "atlas": "",
    "rect": {
      "x": 5,
      "y": 18,
      "width": 61,
      "height": 82
    },
    "offset": {
      "x": 0.5,
      "y": 1
    },
    "originalSize": {
      "width": 70,
      "height": 120
    },
    "rotated": false,
    "capInsets": [
      0,
      0,
      0,
      0
    ],
    "vertices": {
      "rawPosition": [
        -30.5,
        -41,
        0,
        30.5,
        -41,
        0,
        -30.5,
        41,
        0,
        30.5,
        41,
        0
      ],
      "indexes": [
        0,
        1,
        2,
        2,
        1,
        3
      ],
      "uv": [
        5,
        102,
        66,
        102,
        5,
        20,
        66,
        20
      ],
      "nuv": [
        0.07142857142857142,
        0.16666666666666666,
        0.9428571428571428,
        0.16666666666666666,
        0.07142857142857142,
        0.85,
        0.9428571428571428,
        0.85
      ],
      "minPos": {
        "x": -30.5,
        "y": -41,
        "z": 0
      },
      "maxPos": {
        "x": 30.5,
        "y": 41,
        "z": 0
      }
    },
    "texture": "6074de5b-372c-40e5-acc0-d198b60c9f11@6c48a",
    "packable": true,
    "pixelsToUnit": 100,
    "pivot": {
      "x": 0.5,
      "y": 0.5
    },
    "meshType": 0
  }
}