{
  "__type__": "cc.SpriteFrame",
  "content": {
    "name": "mysteriousKey",
    "atlas": "",
    "rect": {
      "x": 39,
      "y": 5,
      "width": 155,
      "height": 208
    },
    "offset": {
      "x": 6.5,
      "y": 1
    },
    "originalSize": {
      "width": 220,
      "height": 220
    },
    "rotated": false,
    "capInsets": [
      0,
      0,
      0,
      0
    ],
    "vertices": {
      "rawPosition": [
        -77.5,
        -104,
        0,
        77.5,
        -104,
        0,
        -77.5,
        104,
        0,
        77.5,
        104,
        0
      ],
      "indexes": [
        0,
        1,
        2,
        2,
        1,
        3
      ],
      "uv": [
        39,
        215,
        194,
        215,
        39,
        7,
        194,
        7
      ],
      "nuv": [
        0.17727272727272728,
        0.031818181818181815,
        0.8818181818181818,
        0.031818181818181815,
        0.17727272727272728,
        0.9772727272727273,
        0.8818181818181818,
        0.9772727272727273
      ],
      "minPos": {
        "x": -77.5,
        "y": -104,
        "z": 0
      },
      "maxPos": {
        "x": 77.5,
        "y": 104,
        "z": 0
      }
    },
    "texture": "607bac12-0bce-4790-930d-82559bd5e66a@6c48a",
    "packable": true,
    "pixelsToUnit": 100,
    "pivot": {
      "x": 0.5,
      "y": 0.5
    },
    "meshType": 0
  }
}