{
  "__type__": "cc.SpriteFrame",
  "content": {
    "name": "monster24-火_15",
    "atlas": "",
    "rect": {
      "x": 14,
      "y": 11,
      "width": 101,
      "height": 95
    },
    "offset": {
      "x": 0.5,
      "y": -2
    },
    "originalSize": {
      "width": 128,
      "height": 113
    },
    "rotated": false,
    "capInsets": [
      0,
      0,
      0,
      0
    ],
    "vertices": {
      "rawPosition": [
        -50.5,
        -47.5,
        0,
        50.5,
        -47.5,
        0,
        -50.5,
        47.5,
        0,
        50.5,
        47.5,
        0
      ],
      "indexes": [
        0,
        1,
        2,
        2,
        1,
        3
      ],
      "uv": [
        14,
        102,
        115,
        102,
        14,
        7,
        115,
        7
      ],
      "nuv": [
        0.109375,
        0.061946902654867256,
        0.8984375,
        0.061946902654867256,
        0.109375,
        0.9026548672566371,
        0.8984375,
        0.9026548672566371
      ],
      "minPos": {
        "x": -50.5,
        "y": -47.5,
        "z": 0
      },
      "maxPos": {
        "x": 50.5,
        "y": 47.5,
        "z": 0
      }
    },
    "texture": "608b8645-59d1-4164-98fc-d1a4fe37f545@6c48a",
    "packable": true,
    "pixelsToUnit": 100,
    "pivot": {
      "x": 0.5,
      "y": 0.5
    },
    "meshType": 0
  }
}