{
  "__type__": "cc.SpriteFrame",
  "content": {
    "name": "monster27_09",
    "atlas": "",
    "rect": {
      "x": 3,
      "y": 1,
      "width": 119,
      "height": 101
    },
    "offset": {
      "x": 1,
      "y": 0
    },
    "originalSize": {
      "width": 123,
      "height": 103
    },
    "rotated": false,
    "capInsets": [
      0,
      0,
      0,
      0
    ],
    "vertices": {
      "rawPosition": [
        -59.5,
        -50.5,
        0,
        59.5,
        -50.5,
        0,
        -59.5,
        50.5,
        0,
        59.5,
        50.5,
        0
      ],
      "indexes": [
        0,
        1,
        2,
        2,
        1,
        3
      ],
      "uv": [
        3,
        102,
        122,
        102,
        3,
        1,
        122,
        1
      ],
      "nuv": [
        0.024390243902439025,
        0.009708737864077669,
        0.991869918699187,
        0.009708737864077669,
        0.024390243902439025,
        0.9902912621359223,
        0.991869918699187,
        0.9902912621359223
      ],
      "minPos": {
        "x": -59.5,
        "y": -50.5,
        "z": 0
      },
      "maxPos": {
        "x": 59.5,
        "y": 50.5,
        "z": 0
      }
    },
    "texture": "60c3d67b-91da-42ce-b1ee-5691f0097ff0@6c48a",
    "packable": true,
    "pixelsToUnit": 100,
    "pivot": {
      "x": 0.5,
      "y": 0.5
    },
    "meshType": 0
  }
}