{
  "__type__": "cc.SpriteFrame",
  "content": {
    "name": "boss2_08",
    "atlas": "",
    "rect": {
      "x": 5,
      "y": 1,
      "width": 226,
      "height": 198
    },
    "offset": {
      "x": -5,
      "y": 1
    },
    "originalSize": {
      "width": 246,
      "height": 202
    },
    "rotated": false,
    "capInsets": [
      0,
      0,
      0,
      0
    ],
    "vertices": {
      "rawPosition": [
        -113,
        -99,
        0,
        113,
        -99,
        0,
        -113,
        99,
        0,
        113,
        99,
        0
      ],
      "indexes": [
        0,
        1,
        2,
        2,
        1,
        3
      ],
      "uv": [
        5,
        201,
        231,
        201,
        5,
        3,
        231,
        3
      ],
      "nuv": [
        0.02032520325203252,
        0.01485148514851485,
        0.9390243902439024,
        0.01485148514851485,
        0.02032520325203252,
        0.995049504950495,
        0.9390243902439024,
        0.995049504950495
      ],
      "minPos": {
        "x": -113,
        "y": -99,
        "z": 0
      },
      "maxPos": {
        "x": 113,
        "y": 99,
        "z": 0
      }
    },
    "texture": "b73c3688-57e8-428d-a1a8-ea1c9552bec1@6c48a",
    "packable": true,
    "pixelsToUnit": 100,
    "pivot": {
      "x": 0.5,
      "y": 0.5
    },
    "meshType": 0
  }
}