{
  "__type__": "cc.SpriteFrame",
  "content": {
    "name": "ccc_00009",
    "atlas": "",
    "rect": {
      "x": 8,
      "y": 4,
      "width": 58,
      "height": 112
    },
    "offset": {
      "x": 2,
      "y": 0
    },
    "originalSize": {
      "width": 70,
      "height": 120
    },
    "rotated": false,
    "capInsets": [
      0,
      0,
      0,
      0
    ],
    "vertices": {
      "rawPosition": [
        -29,
        -56,
        0,
        29,
        -56,
        0,
        -29,
        56,
        0,
        29,
        56,
        0
      ],
      "indexes": [
        0,
        1,
        2,
        2,
        1,
        3
      ],
      "uv": [
        8,
        116,
        66,
        116,
        8,
        4,
        66,
        4
      ],
      "nuv": [
        0.11428571428571428,
        0.03333333333333333,
        0.9428571428571428,
        0.03333333333333333,
        0.11428571428571428,
        0.9666666666666667,
        0.9428571428571428,
        0.9666666666666667
      ],
      "minPos": {
        "x": -29,
        "y": -56,
        "z": 0
      },
      "maxPos": {
        "x": 29,
        "y": 56,
        "z": 0
      }
    },
    "texture": "b74e0e71-6918-496c-bf0f-95d31aafe83c@6c48a",
    "packable": true,
    "pixelsToUnit": 100,
    "pivot": {
      "x": 0.5,
      "y": 0.5
    },
    "meshType": 0
  }
}