{
  "__type__": "cc.SpriteFrame",
  "content": {
    "name": "15_00004",
    "atlas": "",
    "rect": {
      "x": 6,
      "y": 4,
      "width": 49,
      "height": 101
    },
    "offset": {
      "x": 0.5,
      "y": 10.5
    },
    "originalSize": {
      "width": 60,
      "height": 130
    },
    "rotated": false,
    "capInsets": [
      0,
      0,
      0,
      0
    ],
    "vertices": {
      "rawPosition": [
        -24.5,
        -50.5,
        0,
        24.5,
        -50.5,
        0,
        -24.5,
        50.5,
        0,
        24.5,
        50.5,
        0
      ],
      "indexes": [
        0,
        1,
        2,
        2,
        1,
        3
      ],
      "uv": [
        6,
        126,
        55,
        126,
        6,
        25,
        55,
        25
      ],
      "nuv": [
        0.1,
        0.19230769230769232,
        0.9166666666666666,
        0.19230769230769232,
        0.1,
        0.9692307692307692,
        0.9166666666666666,
        0.9692307692307692
      ],
      "minPos": {
        "x": -24.5,
        "y": -50.5,
        "z": 0
      },
      "maxPos": {
        "x": 24.5,
        "y": 50.5,
        "z": 0
      }
    },
    "texture": "7f6b953a-12cc-4321-8f60-89d06beb634d@6c48a",
    "packable": true,
    "pixelsToUnit": 100,
    "pivot": {
      "x": 0.5,
      "y": 0.5
    },
    "meshType": 0
  }
}