{
  "__type__": "cc.SpriteFrame",
  "content": {
    "name": "monster14_12",
    "atlas": "",
    "rect": {
      "x": 24,
      "y": 38,
      "width": 92,
      "height": 79
    },
    "offset": {
      "x": 6,
      "y": -14.5
    },
    "originalSize": {
      "width": 128,
      "height": 126
    },
    "rotated": false,
    "capInsets": [
      0,
      0,
      0,
      0
    ],
    "vertices": {
      "rawPosition": [
        -46,
        -39.5,
        0,
        46,
        -39.5,
        0,
        -46,
        39.5,
        0,
        46,
        39.5,
        0
      ],
      "indexes": [
        0,
        1,
        2,
        2,
        1,
        3
      ],
      "uv": [
        24,
        88,
        116,
        88,
        24,
        9,
        116,
        9
      ],
      "nuv": [
        0.1875,
        0.07142857142857142,
        0.90625,
        0.07142857142857142,
        0.1875,
        0.6984126984126984,
        0.90625,
        0.6984126984126984
      ],
      "minPos": {
        "x": -46,
        "y": -39.5,
        "z": 0
      },
      "maxPos": {
        "x": 46,
        "y": 39.5,
        "z": 0
      }
    },
    "texture": "7fcf5fb8-c3da-4a62-8773-50b461e7dae1@6c48a",
    "packable": true,
    "pixelsToUnit": 100,
    "pivot": {
      "x": 0.5,
      "y": 0.5
    },
    "meshType": 0
  }
}