{
  "__type__": "cc.SpriteFrame",
  "content": {
    "name": "dangerWindToNear_00008",
    "atlas": "",
    "rect": {
      "x": 9,
      "y": 0,
      "width": 114,
      "height": 168
    },
    "offset": {
      "x": 4.5,
      "y": 0
    },
    "originalSize": {
      "width": 123,
      "height": 168
    },
    "rotated": false,
    "capInsets": [
      0,
      0,
      0,
      0
    ],
    "vertices": {
      "rawPosition": [
        -57,
        -84,
        0,
        57,
        -84,
        0,
        -57,
        84,
        0,
        57,
        84,
        0
      ],
      "indexes": [
        0,
        1,
        2,
        2,
        1,
        3
      ],
      "uv": [
        9,
        168,
        123,
        168,
        9,
        0,
        123,
        0
      ],
      "nuv": [
        0.07317073170731707,
        0,
        1,
        0,
        0.07317073170731707,
        1,
        1,
        1
      ],
      "minPos": {
        "x": -57,
        "y": -84,
        "z": 0
      },
      "maxPos": {
        "x": 57,
        "y": 84,
        "z": 0
      }
    },
    "texture": "3aa34d23-4362-4a39-9095-bf61e693f5c0@6c48a",
    "packable": true,
    "pixelsToUnit": 100,
    "pivot": {
      "x": 0.5,
      "y": 0.5
    },
    "meshType": 0
  }
}