{
  "__version__": "1.0.0",
  "builder": {
    "taskOptionsMap": {},
    "__version__": "1.3.8"
  },
  "gizmos-infos": {
    "is2D": false,
    "is3DIcon": false,
    "iconSize": 2,
    "gridVisible": true,
    "gridColor": [
      166,
      166,
      166,
      255
    ],
    "transformToolName": "position",
    "pivot": "pivot",
    "coordinate": "local",
    "toolsVisibility3d": true
  },
  "snap-configs": {
    "position": {
      "x": 1,
      "y": 1,
      "z": 1
    },
    "rotation": 1,
    "scale": 1,
    "isPositionSnapEnabled": false,
    "isRotationSnapEnabled": false,
    "isScaleSnapEnabled": false
  },
  "rect-snap-configs": {
    "enableSnapping": true,
    "snapThreshold": 4
  },
  "": {
    "sculpt_brush_rotate": 0
  },
  "camera-infos": {
    "047de972-cd7b-4191-af60-f2090cf15b93": {
      "position": {
        "x": 1178.7251317976163,
        "y": 1914.529212606269,
        "z": 1100.6276649815559
      },
      "rotation": {
        "x": -0.303163628498609,
        "y": 0.30114270320417946,
        "z": 0.10162294508919008,
        "w": 0.898375012839202
      },
      "viewCenter": {
        "x": 19.505328109340326,
        "y": 449.57502079428787,
        "z": -434.18632342321075
      },
      "contentRect": {
        "x": 0,
        "y": 0,
        "width": 382,
        "height": 685
      },
      "scale": 1
    },
    "ecf9f657-a586-4565-aae7-21fdd9a378a0": {
      "position": {
        "x": 1164.1825856836813,
        "y": 1330.526905139355,
        "z": 903.3771314575736
      },
      "rotation": {
        "x": -0.27984814233312133,
        "y": 0.3647051996310009,
        "z": 0.11591689595929512,
        "w": 0.8804762392171493
      },
      "viewCenter": {
        "x": 31.487044923477697,
        "y": 197.83136437915164,
        "z": -229.31840930262956
      },
      "contentRect": {
        "x": 0,
        "y": 0,
        "width": 382,
        "height": 685
      },
      "scale": 1
    },
    "c5959bdb-ecb9-40c9-8ddc-04d430f5785e": {
      "position": {
        "x": 968.7376863310448,
        "y": 1660.5622952387955,
        "z": 1357.803186088286
      },
      "rotation": {
        "x": -0.27984814233312133,
        "y": 0.3647051996310009,
        "z": 0.11591689595929512,
        "w": 0.8804762392171493
      },
      "viewCenter": {
        "x": -360.29670288833086,
        "y": 331.52790601942047,
        "z": 28.76879686891084
      },
      "contentRect": {
        "x": 0,
        "y": 0,
        "width": 1143,
        "height": 607
      },
      "scale": 1
    },
    "d762f1bc-2d90-4bc0-9d29-31ad47d4bfde": {
      "position": {
        "x": 768.9807442595287,
        "y": 1065.9807442595286,
        "z": 393.9807442595286
      },
      "rotation": {
        "x": -0.27984814233312133,
        "y": 0.3647051996310009,
        "z": 0.11591689595929512,
        "w": 0.8804762392171493
      },
      "viewCenter": {
        "x": 375,
        "y": 672,
        "z": 0
      },
      "contentRect": {
        "x": 0,
        "y": 0,
        "width": 1143,
        "height": 607
      },
      "scale": 1
    },
    "897a34e3-d8b5-47ca-b955-5fec104e5e02": {
      "position": {
        "x": 709.8048364045382,
        "y": 1006.804836404538,
        "z": 334.80483640453804
      },
      "rotation": {
        "x": -0.27984814233312133,
        "y": 0.3647051996310009,
        "z": 0.11591689595929512,
        "w": 0.8804762392171493
      },
      "viewCenter": {
        "x": 375,
        "y": 672,
        "z": 0
      },
      "contentRect": {
        "x": 0,
        "y": 0,
        "width": 1143,
        "height": 607
      },
      "scale": 1
    },
    "730a291b-ab60-4d61-9f43-3ff34a15a143": {
      "position": {
        "x": 1057.943225228699,
        "y": 1354.9432252286988,
        "z": 682.9432252286988
      },
      "rotation": {
        "x": -0.27984814233312133,
        "y": 0.3647051996310009,
        "z": 0.11591689595929512,
        "w": 0.8804762392171493
      },
      "viewCenter": {
        "x": 375,
        "y": 672,
        "z": 0
      },
      "contentRect": {
        "x": 0,
        "y": 0,
        "width": 1143,
        "height": 607
      },
      "scale": 1
    },
    "d1e57b10-a028-4f95-b7cd-187136653a88": {
      "position": {
        "x": 768.9807442595287,
        "y": 1065.9807442595286,
        "z": 393.98074425952854
      },
      "rotation": {
        "x": -0.27984814233312133,
        "y": 0.3647051996310009,
        "z": 0.11591689595929512,
        "w": 0.8804762392171493
      },
      "viewCenter": {
        "x": 375,
        "y": 672,
        "z": 0
      },
      "contentRect": {
        "x": 0,
        "y": 0,
        "width": 1143,
        "height": 607
      },
      "scale": 1
    },
    "8f0f12c6-37e1-4485-b1d8-d08389b37326": {
      "position": {
        "x": 482.9207442595287,
        "y": 1085.5657442595286,
        "z": 392.98074425952854
      },
      "rotation": {
        "x": -0.27984814233312133,
        "y": 0.3647051996310009,
        "z": 0.11591689595929512,
        "w": 0.8804762392171493
      },
      "viewCenter": {
        "x": 88.94,
        "y": 691.585,
        "z": -1
      },
      "contentRect": {
        "x": 0,
        "y": 0,
        "width": 1143,
        "height": 607
      },
      "scale": 1
    },
    "65646b1a-4988-477f-bfc9-d73c85f9fb94": {
      "position": {
        "x": 982.0528372243945,
        "y": 1109.812091428156,
        "z": 1480.9301837334772
      },
      "rotation": {
        "x": -0.13059940618731142,
        "y": 0.1915672333888,
        "z": 0.025728378047974995,
        "w": 0.9724113536761606
      },
      "viewCenter": {
        "x": 375,
        "y": 672,
        "z": 0
      },
      "contentRect": {
        "x": 0,
        "y": 0,
        "width": 1143,
        "height": 607
      },
      "scale": 1
    },
    "f46876e4-e81b-4931-b493-6d367be385e7": {
      "position": {
        "x": 95.65852469882255,
        "y": 95.65852469882252,
        "z": 95.6585246988225
      },
      "rotation": {
        "x": -0.27984814233312133,
        "y": 0.3647051996310009,
        "z": 0.11591689595929512,
        "w": 0.8804762392171493
      },
      "viewCenter": {
        "x": 0,
        "y": 0,
        "z": 0
      },
      "contentRect": {
        "x": 0,
        "y": 0,
        "width": 300,
        "height": 150
      },
      "scale": 1
    },
    "d696109a-d351-42c8-bddd-804f2f93138f": {
      "position": {
        "x": 17.122647621567552,
        "y": 17.122647621567545,
        "z": 17.122647621567538
      },
      "rotation": {
        "x": -0.27984814233312133,
        "y": 0.3647051996310009,
        "z": 0.11591689595929512,
        "w": 0.8804762392171493
      },
      "viewCenter": {
        "x": 0,
        "y": 0,
        "z": 0
      },
      "contentRect": {
        "x": 0,
        "y": 0,
        "width": 1062,
        "height": 838
      },
      "scale": 1
    },
    "f6672841-72b5-4894-8039-65535f073654": {
      "position": {
        "x": 20.78341673598244,
        "y": 20.78341673598244,
        "z": 20.78341673598244
      },
      "rotation": {
        "x": -0.27984814233312133,
        "y": 0.3647051996310009,
        "z": 0.11591689595929512,
        "w": 0.8804762392171493
      },
      "viewCenter": {
        "x": 0,
        "y": 0,
        "z": 0
      },
      "contentRect": {
        "x": 0,
        "y": 0,
        "width": 3000,
        "height": 2000
      },
      "scale": 1
    },
    "db164fb0-779f-49a4-a00f-fe1244464394": {
      "position": {
        "x": 17.122647621567552,
        "y": 17.122647621567545,
        "z": 17.122647621567538
      },
      "rotation": {
        "x": 0,
        "y": 1,
        "z": 0,
        "w": -6.123233995736766e-17
      },
      "viewCenter": {
        "x": 0,
        "y": 0,
        "z": 0
      },
      "contentRect": {
        "x": -1,
        "y": 1,
        "width": 1062,
        "height": 838
      },
      "scale": 1
    }
  },