{
  "__type__": "cc.SpriteFrame",
  "content": {
    "name": "thundercloud_0001",
    "atlas": "",
    "rect": {
      "x": 6,
      "y": 5,
      "width": 223,
      "height": 244
    },
    "offset": {
      "x": 2.5,
      "y": -2.5
    },
    "originalSize": {
      "width": 230,
      "height": 249
    },
    "rotated": false,
    "capInsets": [
      0,
      0,
      0,
      0
    ],
    "vertices": {
      "rawPosition": [
        -111.5,
        -122,
        0,
        111.5,
        -122,
        0,
        -111.5,
        122,
        0,
        111.5,
        122,
        0
      ],
      "indexes": [
        0,
        1,
        2,
        2,
        1,
        3
      ],
      "uv": [
        6,
        244,
        229,
        244,
        6,
        0,
        229,
        0
      ],
      "nuv": [
        0.02608695652173913,
        0,
        0.9956521739130435,
        0,
        0.02608695652173913,
        0.9799196787148594,
        0.9956521739130435,
        0.9799196787148594
      ],
      "minPos": {
        "x": -111.5,
        "y": -122,
        "z": 0
      },
      "maxPos": {
        "x": 111.5,
        "y": 122,
        "z": 0
      }
    },
    "texture": "a1305fee-5bf6-4922-b5be-cec29373dd15@6c48a",
    "packable": true,
    "pixelsToUnit": 100,
    "pivot": {
      "x": 0.5,
      "y": 0.5
    },
    "meshType": 0
  }
}