{
  "__type__": "cc.SpriteFrame",
  "content": {
    "name": "ccc_00001",
    "atlas": "",
    "rect": {
      "x": 8,
      "y": 4,
      "width": 60,
      "height": 111
    },
    "offset": {
      "x": 3,
      "y": 0.5
    },
    "originalSize": {
      "width": 70,
      "height": 120
    },
    "rotated": false,
    "capInsets": [
      0,
      0,
      0,
      0
    ],
    "vertices": {
      "rawPosition": [
        -30,
        -55.5,
        0,
        30,
        -55.5,
        0,
        -30,
        55.5,
        0,
        30,
        55.5,
        0
      ],
      "indexes": [
        0,
        1,
        2,
        2,
        1,
        3
      ],
      "uv": [
        8,
        116,
        68,
        116,
        8,
        5,
        68,
        5
      ],
      "nuv": [
        0.11428571428571428,
        0.041666666666666664,
        0.9714285714285714,
        0.041666666666666664,
        0.11428571428571428,
        0.9666666666666667,
        0.9714285714285714,
        0.9666666666666667
      ],
      "minPos": {
        "x": -30,
        "y": -55.5,
        "z": 0
      },
      "maxPos": {
        "x": 30,
        "y": 55.5,
        "z": 0
      }
    },
    "texture": "a1a3f17d-d813-4457-b197-19bacb6b5b61@6c48a",
    "packable": true,
    "pixelsToUnit": 100,
    "pivot": {
      "x": 0.5,
      "y": 0.5
    },
    "meshType": 0
  }
}