{
  "__type__": "cc.SpriteFrame",
  "content": {
    "name": "5_00007",
    "atlas": "",
    "rect": {
      "x": 1,
      "y": 15,
      "width": 147,
      "height": 132
    },
    "offset": {
      "x": -0.5,
      "y": -6
    },
    "originalSize": {
      "width": 150,
      "height": 150
    },
    "rotated": false,
    "capInsets": [
      0,
      0,
      0,
      0
    ],
    "vertices": {
      "rawPosition": [
        -73.5,
        -66,
        0,
        73.5,
        -66,
        0,
        -73.5,
        66,
        0,
        73.5,
        66,
        0
      ],
      "indexes": [
        0,
        1,
        2,
        2,
        1,
        3
      ],
      "uv": [
        1,
        135,
        148,
        135,
        1,
        3,
        148,
        3
      ],
      "nuv": [
        0.006666666666666667,
        0.02,
        0.9866666666666667,
        0.02,
        0.006666666666666667,
        0.9,
        0.9866666666666667,
        0.9
      ],
      "minPos": {
        "x": -73.5,
        "y": -66,
        "z": 0
      },
      "maxPos": {
        "x": 73.5,
        "y": 66,
        "z": 0
      }
    },
    "texture": "1d6be1fa-d29c-40ef-b33e-ccbba0c03fcb@6c48a",
    "packable": true,
    "pixelsToUnit": 100,
    "pivot": {
      "x": 0.5,
      "y": 0.5
    },
    "meshType": 0
  }
}