{
  "__type__": "cc.SpriteFrame",
  "content": {
    "name": "obstacle3_1",
    "atlas": "",
    "rect": {
      "x": 1,
      "y": 0,
      "width": 174,
      "height": 83
    },
    "offset": {
      "x": 0.5,
      "y": 0
    },
    "originalSize": {
      "width": 175,
      "height": 83
    },
    "rotated": false,
    "capInsets": [
      0,
      0,
      0,
      0
    ],
    "vertices": {
      "rawPosition": [
        -87,
        -41.5,
        0,
        87,
        -41.5,
        0,
        -87,
        41.5,
        0,
        87,
        41.5,
        0
      ],
      "indexes": [
        0,
        1,
        2,
        2,
        1,
        3
      ],
      "uv": [
        1,
        83,
        175,
        83,
        1,
        0,
        175,
        0
      ],
      "nuv": [
        0.005714285714285714,
        0,
        1,
        0,
        0.005714285714285714,
        1,
        1,
        1
      ],
      "minPos": {
        "x": -87,
        "y": -41.5,
        "z": 0
      },
      "maxPos": {
        "x": 87,
        "y": 41.5,
        "z": 0
      }
    },
    "texture": "1d9817f4-88e7-4582-946a-7da5a0b91dcb@6c48a",
    "packable": true,
    "pixelsToUnit": 100,
    "pivot": {
      "x": 0.5,
      "y": 0.5
    },
    "meshType": 0
  }
}