{
  "__type__": "cc.SpriteFrame",
  "content": {
    "name": "4_00009",
    "atlas": "",
    "rect": {
      "x": 11,
      "y": 15,
      "width": 155,
      "height": 121
    },
    "offset": {
      "x": 3.5,
      "y": -5.5
    },
    "originalSize": {
      "width": 170,
      "height": 140
    },
    "rotated": false,
    "capInsets": [
      0,
      0,
      0,
      0
    ],
    "vertices": {
      "rawPosition": [
        -77.5,
        -60.5,
        0,
        77.5,
        -60.5,
        0,
        -77.5,
        60.5,
        0,
        77.5,
        60.5,
        0
      ],
      "indexes": [
        0,
        1,
        2,
        2,
        1,
        3
      ],
      "uv": [
        11,
        125,
        166,
        125,
        11,
        4,
        166,
        4
      ],
      "nuv": [
        0.06470588235294118,
        0.02857142857142857,
        0.9764705882352941,
        0.02857142857142857,
        0.06470588235294118,
        0.8928571428571429,
        0.9764705882352941,
        0.8928571428571429
      ],
      "minPos": {
        "x": -77.5,
        "y": -60.5,
        "z": 0
      },
      "maxPos": {
        "x": 77.5,
        "y": 60.5,
        "z": 0
      }
    },
    "texture": "1dfc3b6d-0ba4-416c-a0fa-ab7917e8be7b@6c48a",
    "packable": true,
    "pixelsToUnit": 100,
    "pivot": {
      "x": 0.5,
      "y": 0.5
    },
    "meshType": 0
  }
}