{
  "__type__": "cc.SpriteFrame",
  "content": {
    "name": "darkMask_01",
    "atlas": "",
    "rect": {
      "x": 2,
      "y": 3,
      "width": 300,
      "height": 281
    },
    "offset": {
      "x": 1,
      "y": 1
    },
    "originalSize": {
      "width": 302,
      "height": 289
    },
    "rotated": false,
    "capInsets": [
      0,
      0,
      0,
      0
    ],
    "vertices": {
      "rawPosition": [
        -150,
        -140.5,
        0,
        150,
        -140.5,
        0,
        -150,
        140.5,
        0,
        150,
        140.5,
        0
      ],
      "indexes": [
        0,
        1,
        2,
        2,
        1,
        3
      ],
      "uv": [
        2,
        286,
        302,
        286,
        2,
        5,
        302,
        5
      ],
      "nuv": [
        0.006622516556291391,
        0.01730103806228374,
        1,
        0.01730103806228374,
        0.006622516556291391,
        0.9896193771626297,
        1,
        0.9896193771626297
      ],
      "minPos": {
        "x": -150,
        "y": -140.5,
        "z": 0
      },
      "maxPos": {
        "x": 150,
        "y": 140.5,
        "z": 0
      }
    },
    "texture": "690f5e5d-56f3-4698-b33e-086d83921641@6c48a",
    "packable": true,
    "pixelsToUnit": 100,
    "pivot": {
      "x": 0.5,
      "y": 0.5
    },
    "meshType": 0
  }
}