{
  "__type__": "cc.SpriteFrame",
  "content": {
    "name": "15_00009",
    "atlas": "",
    "rect": {
      "x": 6,
      "y": 17,
      "width": 49,
      "height": 101
    },
    "offset": {
      "x": 0.5,
      "y": -2.5
    },
    "originalSize": {
      "width": 60,
      "height": 130
    },
    "rotated": false,
    "capInsets": [
      0,
      0,
      0,
      0
    ],
    "vertices": {
      "rawPosition": [
        -24.5,
        -50.5,
        0,
        24.5,
        -50.5,
        0,
        -24.5,
        50.5,
        0,
        24.5,
        50.5,
        0
      ],
      "indexes": [
        0,
        1,
        2,
        2,
        1,
        3
      ],
      "uv": [
        6,
        113,
        55,
        113,
        6,
        12,
        55,
        12
      ],
      "nuv": [
        0.1,
        0.09230769230769231,
        0.9166666666666666,
        0.09230769230769231,
        0.1,
        0.8692307692307693,
        0.9166666666666666,
        0.8692307692307693
      ],
      "minPos": {
        "x": -24.5,
        "y": -50.5,
        "z": 0
      },
      "maxPos": {
        "x": 24.5,
        "y": 50.5,
        "z": 0
      }
    },
    "texture": "69335e3b-6dc0-4317-b952-300afac3eda7@6c48a",
    "packable": true,
    "pixelsToUnit": 100,
    "pivot": {
      "x": 0.5,
      "y": 0.5
    },
    "meshType": 0
  }
}