{
  "__type__": "cc.SpriteFrame",
  "content": {
    "name": "16_00008",
    "atlas": "",
    "rect": {
      "x": 13,
      "y": 3,
      "width": 85,
      "height": 100
    },
    "offset": {
      "x": 5.5,
      "y": -0.5
    },
    "originalSize": {
      "width": 100,
      "height": 105
    },
    "rotated": false,
    "capInsets": [
      0,
      0,
      0,
      0
    ],
    "vertices": {
      "rawPosition": [
        -42.5,
        -50,
        0,
        42.5,
        -50,
        0,
        -42.5,
        50,
        0,
        42.5,
        50,
        0
      ],
      "indexes": [
        0,
        1,
        2,
        2,
        1,
        3
      ],
      "uv": [
        13,
        102,
        98,
        102,
        13,
        2,
        98,
        2
      ],
      "nuv": [
        0.13,
        0.01904761904761905,
        0.98,
        0.01904761904761905,
        0.13,
        0.9714285714285714,
        0.98,
        0.9714285714285714
      ],
      "minPos": {
        "x": -42.5,
        "y": -50,
        "z": 0
      },
      "maxPos": {
        "x": 42.5,
        "y": 50,
        "z": 0
      }
    },
    "texture": "6989bde2-17b5-45ff-95b9-2b8e1d2e8dc1@6c48a",
    "packable": true,
    "pixelsToUnit": 100,
    "pivot": {
      "x": 0.5,
      "y": 0.5
    },
    "meshType": 0
  }
}