{
  "__type__": "cc.SpriteFrame",
  "content": {
    "name": "yaodan1",
    "atlas": "",
    "rect": {
      "x": 0,
      "y": 4,
      "width": 109,
      "height": 108
    },
    "offset": {
      "x": -1.5,
      "y": -2
    },
    "originalSize": {
      "width": 112,
      "height": 112
    },
    "rotated": false,
    "capInsets": [
      0,
      0,
      0,
      0
    ],
    "vertices": {
      "rawPosition": [
        -54.5,
        -54,
        0,
        54.5,
        -54,
        0,
        -54.5,
        54,
        0,
        54.5,
        54,
        0
      ],
      "indexes": [
        0,
        1,
        2,
        2,
        1,
        3
      ],
      "uv": [
        0,
        108,
        109,
        108,
        0,
        0,
        109,
        0
      ],
      "nuv": [
        0,
        0,
        0.9732142857142857,
        0,
        0,
        0.9642857142857143,
        0.9732142857142857,
        0.9642857142857143
      ],
      "minPos": {
        "x": -54.5,
        "y": -54,
        "z": 0
      },
      "maxPos": {
        "x": 54.5,
        "y": 54,
        "z": 0
      }
    },
    "texture": "7bc1d7e9-50ca-43da-97ab-3893a6d1e597@6c48a",
    "packable": true,
    "pixelsToUnit": 100,
    "pivot": {
      "x": 0.5,
      "y": 0.5
    },
    "meshType": 0
  }
}