{
  "__type__": "cc.SpriteFrame",
  "content": {
    "name": "loginBtn",
    "atlas": "",
    "rect": {
      "x": 3,
      "y": 3,
      "width": 236,
      "height": 234
    },
    "offset": {
      "x": 1,
      "y": 0
    },
    "originalSize": {
      "width": 240,
      "height": 240
    },
    "rotated": false,
    "capInsets": [
      0,
      0,
      0,
      0
    ],
    "vertices": {
      "rawPosition": [
        -118,
        -117,
        0,
        118,
        -117,
        0,
        -118,
        117,
        0,
        118,
        117,
        0
      ],
      "indexes": [
        0,
        1,
        2,
        2,
        1,
        3
      ],
      "uv": [
        3,
        237,
        239,
        237,
        3,
        3,
        239,
        3
      ],
      "nuv": [
        0.0125,
        0.0125,
        0.9958333333333333,
        0.0125,
        0.0125,
        0.9875,
        0.9958333333333333,
        0.9875
      ],
      "minPos": {
        "x": -118,
        "y": -117,
        "z": 0
      },
      "maxPos": {
        "x": 118,
        "y": 117,
        "z": 0
      }
    },
    "texture": "7bd08ef4-a179-40cc-a1c4-f867d541cd1a@6c48a",
    "packable": true,
    "pixelsToUnit": 100,
    "pivot": {
      "x": 0.5,
      "y": 0.5
    },
    "meshType": 0
  }
}