{
  "__type__": "cc.SpriteFrame",
  "content": {
    "name": "monster15_07",
    "atlas": "",
    "rect": {
      "x": 0,
      "y": 4,
      "width": 72,
      "height": 119
    },
    "offset": {
      "x": -0.5,
      "y": -1
    },
    "originalSize": {
      "width": 73,
      "height": 125
    },
    "rotated": false,
    "capInsets": [
      0,
      0,
      0,
      0
    ],
    "vertices": {
      "rawPosition": [
        -36,
        -59.5,
        0,
        36,
        -59.5,
        0,
        -36,
        59.5,
        0,
        36,
        59.5,
        0
      ],
      "indexes": [
        0,
        1,
        2,
        2,
        1,
        3
      ],
      "uv": [
        0,
        121,
        72,
        121,
        0,
        2,
        72,
        2
      ],
      "nuv": [
        0,
        0.016,
        0.9863013698630136,
        0.016,
        0,
        0.968,
        0.9863013698630136,
        0.968
      ],
      "minPos": {
        "x": -36,
        "y": -59.5,
        "z": 0
      },
      "maxPos": {
        "x": 36,
        "y": 59.5,
        "z": 0
      }
    },
    "texture": "7bd91f89-d896-4f75-b9ff-501b0d76a828@6c48a",
    "packable": true,
    "pixelsToUnit": 100,
    "pivot": {
      "x": 0.5,
      "y": 0.5
    },
    "meshType": 0
  }
}