{
  "__type__": "cc.SpriteFrame",
  "content": {
    "name": "14_00004",
    "atlas": "",
    "rect": {
      "x": 16,
      "y": 9,
      "width": 123,
      "height": 144
    },
    "offset": {
      "x": 2.5,
      "y": -1
    },
    "originalSize": {
      "width": 150,
      "height": 160
    },
    "rotated": false,
    "capInsets": [
      0,
      0,
      0,
      0
    ],
    "vertices": {
      "rawPosition": [
        -61.5,
        -72,
        0,
        61.5,
        -72,
        0,
        -61.5,
        72,
        0,
        61.5,
        72,
        0
      ],
      "indexes": [
        0,
        1,
        2,
        2,
        1,
        3
      ],
      "uv": [
        16,
        151,
        139,
        151,
        16,
        7,
        139,
        7
      ],
      "nuv": [
        0.10666666666666667,
        0.04375,
        0.9266666666666666,
        0.04375,
        0.10666666666666667,
        0.94375,
        0.9266666666666666,
        0.94375
      ],
      "minPos": {
        "x": -61.5,
        "y": -72,
        "z": 0
      },
      "maxPos": {
        "x": 61.5,
        "y": 72,
        "z": 0
      }
    },
    "texture": "bd4f6c74-6753-4fbf-9933-5353227b758d@6c48a",
    "packable": true,
    "pixelsToUnit": 100,
    "pivot": {
      "x": 0.5,
      "y": 0.5
    },
    "meshType": 0
  }
}