{
  "__type__": "cc.SpriteFrame",
  "content": {
    "name": "fireBloom_003",
    "atlas": "",
    "rect": {
      "x": 18,
      "y": 15,
      "width": 282,
      "height": 281
    },
    "offset": {
      "x": 6.5,
      "y": -3.5
    },
    "originalSize": {
      "width": 305,
      "height": 304
    },
    "rotated": false,
    "capInsets": [
      0,
      0,
      0,
      0
    ],
    "vertices": {
      "rawPosition": [
        -141,
        -140.5,
        0,
        141,
        -140.5,
        0,
        -141,
        140.5,
        0,
        141,
        140.5,
        0
      ],
      "indexes": [
        0,
        1,
        2,
        2,
        1,
        3
      ],
      "uv": [
        18,
        289,
        300,
        289,
        18,
        8,
        300,
        8
      ],
      "nuv": [
        0.05901639344262295,
        0.02631578947368421,
        0.9836065573770492,
        0.02631578947368421,
        0.05901639344262295,
        0.9506578947368421,
        0.9836065573770492,
        0.9506578947368421
      ],
      "minPos": {
        "x": -141,
        "y": -140.5,
        "z": 0
      },
      "maxPos": {
        "x": 141,
        "y": 140.5,
        "z": 0
      }
    },
    "texture": "bd8e3347-1c7d-4f67-8976-ad39a4b31e79@6c48a",
    "packable": true,
    "pixelsToUnit": 100,
    "pivot": {
      "x": 0.5,
      "y": 0.5
    },
    "meshType": 0
  }
}