{
  "__type__": "cc.SpriteFrame",
  "content": {
    "name": "fireBloom_001",
    "atlas": "",
    "rect": {
      "x": 36,
      "y": 21,
      "width": 266,
      "height": 253
    },
    "offset": {
      "x": 16.5,
      "y": 4.5
    },
    "originalSize": {
      "width": 305,
      "height": 304
    },
    "rotated": false,
    "capInsets": [
      0,
      0,
      0,
      0
    ],
    "vertices": {
      "rawPosition": [
        -133,
        -126.5,
        0,
        133,
        -126.5,
        0,
        -133,
        126.5,
        0,
        133,
        126.5,
        0
      ],
      "indexes": [
        0,
        1,
        2,
        2,
        1,
        3
      ],
      "uv": [
        36,
        283,
        302,
        283,
        36,
        30,
        302,
        30
      ],
      "nuv": [
        0.1180327868852459,
        0.09868421052631579,
        0.9901639344262295,
        0.09868421052631579,
        0.1180327868852459,
        0.930921052631579,
        0.9901639344262295,
        0.930921052631579
      ],
      "minPos": {
        "x": -133,
        "y": -126.5,
        "z": 0
      },
      "maxPos": {
        "x": 133,
        "y": 126.5,
        "z": 0
      }
    },
    "texture": "9a28fd1d-1a59-436d-8427-c050be831654@6c48a",
    "packable": true,
    "pixelsToUnit": 100,
    "pivot": {
      "x": 0.5,
      "y": 0.5
    },
    "meshType": 0
  }
}