{
  "__type__": "cc.SpriteFrame",
  "content": {
    "name": "monster28_06",
    "atlas": "",
    "rect": {
      "x": 20,
      "y": 5,
      "width": 107,
      "height": 82
    },
    "offset": {
      "x": 9.5,
      "y": 4.5
    },
    "originalSize": {
      "width": 128,
      "height": 101
    },
    "rotated": false,
    "capInsets": [
      0,
      0,
      0,
      0
    ],
    "vertices": {
      "rawPosition": [
        -53.5,
        -41,
        0,
        53.5,
        -41,
        0,
        -53.5,
        41,
        0,
        53.5,
        41,
        0
      ],
      "indexes": [
        0,
        1,
        2,
        2,
        1,
        3
      ],
      "uv": [
        20,
        96,
        127,
        96,
        20,
        14,
        127,
        14
      ],
      "nuv": [
        0.15625,
        0.13861386138613863,
        0.9921875,
        0.13861386138613863,
        0.15625,
        0.9504950495049505,
        0.9921875,
        0.9504950495049505
      ],
      "minPos": {
        "x": -53.5,
        "y": -41,
        "z": 0
      },
      "maxPos": {
        "x": 53.5,
        "y": 41,
        "z": 0
      }
    },
    "texture": "9ad5efad-ba54-4e52-9420-70964b85f604@6c48a",
    "packable": true,
    "pixelsToUnit": 100,
    "pivot": {
      "x": 0.5,
      "y": 0.5
    },
    "meshType": 0
  }
}