{
  "__type__": "cc.SpriteFrame",
  "content": {
    "name": "16_00001",
    "atlas": "",
    "rect": {
      "x": 15,
      "y": 3,
      "width": 81,
      "height": 100
    },
    "offset": {
      "x": 5.5,
      "y": -0.5
    },
    "originalSize": {
      "width": 100,
      "height": 105
    },
    "rotated": false,
    "capInsets": [
      0,
      0,
      0,
      0
    ],
    "vertices": {
      "rawPosition": [
        -40.5,
        -50,
        0,
        40.5,
        -50,
        0,
        -40.5,
        50,
        0,
        40.5,
        50,
        0
      ],
      "indexes": [
        0,
        1,
        2,
        2,
        1,
        3
      ],
      "uv": [
        15,
        102,
        96,
        102,
        15,
        2,
        96,
        2
      ],
      "nuv": [
        0.15,
        0.01904761904761905,
        0.96,
        0.01904761904761905,
        0.15,
        0.9714285714285714,
        0.96,
        0.9714285714285714
      ],
      "minPos": {
        "x": -40.5,
        "y": -50,
        "z": 0
      },
      "maxPos": {
        "x": 40.5,
        "y": 50,
        "z": 0
      }
    },
    "texture": "6c47998d-28a3-437b-a468-1d9e7e1f23ba@6c48a",
    "packable": true,
    "pixelsToUnit": 100,
    "pivot": {
      "x": 0.5,
      "y": 0.5
    },
    "meshType": 0
  }
}