{
  "__type__": "cc.SpriteFrame",
  "content": {
    "name": "fireBloom_000",
    "atlas": "",
    "rect": {
      "x": 2,
      "y": 2,
      "width": 271,
      "height": 247
    },
    "offset": {
      "x": 1,
      "y": 0.5
    },
    "originalSize": {
      "width": 273,
      "height": 252
    },
    "rotated": false,
    "capInsets": [
      0,
      0,
      0,
      0
    ],
    "vertices": {
      "rawPosition": [
        -135.5,
        -123.5,
        0,
        135.5,
        -123.5,
        0,
        -135.5,
        123.5,
        0,
        135.5,
        123.5,
        0
      ],
      "indexes": [
        0,
        1,
        2,
        2,
        1,
        3
      ],
      "uv": [
        2,
        250,
        273,
        250,
        2,
        3,
        273,
        3
      ],
      "nuv": [
        0.007326007326007326,
        0.011904761904761904,
        1,
        0.011904761904761904,
        0.007326007326007326,
        0.9920634920634921,
        1,
        0.9920634920634921
      ],
      "minPos": {
        "x": -135.5,
        "y": -123.5,
        "z": 0
      },
      "maxPos": {
        "x": 135.5,
        "y": 123.5,
        "z": 0
      }
    },
    "texture": "6c6e69c9-8aad-45bb-9113-e6bf9be523c2@6c48a",
    "packable": true,
    "pixelsToUnit": 100,
    "pivot": {
      "x": 0.5,
      "y": 0.5
    },
    "meshType": 0
  }
}