{
  "__type__": "cc.SpriteFrame",
  "content": {
    "name": "monster19_06",
    "atlas": "",
    "rect": {
      "x": 3,
      "y": 9,
      "width": 212,
      "height": 124
    },
    "offset": {
      "x": 1,
      "y": -3.5
    },
    "originalSize": {
      "width": 216,
      "height": 135
    },
    "rotated": false,
    "capInsets": [
      0,
      0,
      0,
      0
    ],
    "vertices": {
      "rawPosition": [
        -106,
        -62,
        0,
        106,
        -62,
        0,
        -106,
        62,
        0,
        106,
        62,
        0
      ],
      "indexes": [
        0,
        1,
        2,
        2,
        1,
        3
      ],
      "uv": [
        3,
        126,
        215,
        126,
        3,
        2,
        215,
        2
      ],
      "nuv": [
        0.013888888888888888,
        0.014814814814814815,
        0.9953703703703703,
        0.014814814814814815,
        0.013888888888888888,
        0.9333333333333333,
        0.9953703703703703,
        0.9333333333333333
      ],
      "minPos": {
        "x": -106,
        "y": -62,
        "z": 0
      },
      "maxPos": {
        "x": 106,
        "y": 62,
        "z": 0
      }
    },
    "texture": "4fd63a9c-02cc-4876-bd97-f12913fdf21a@6c48a",
    "packable": true,
    "pixelsToUnit": 100,
    "pivot": {
      "x": 0.5,
      "y": 0.5
    },
    "meshType": 0
  }
}