{
  "__type__": "cc.SpriteFrame",
  "content": {
    "name": "selectSkillBg",
    "atlas": "",
    "rect": {
      "x": 2,
      "y": 2,
      "width": 94,
      "height": 93
    },
    "offset": {
      "x": -0.5,
      "y": 3.5
    },
    "originalSize": {
      "width": 99,
      "height": 104
    },
    "rotated": false,
    "capInsets": [
      0,
      0,
      0,
      0
    ],
    "vertices": {
      "rawPosition": [
        -47,
        -46.5,
        0,
        47,
        -46.5,
        0,
        -47,
        46.5,
        0,
        47,
        46.5,
        0
      ],
      "indexes": [
        0,
        1,
        2,
        2,
        1,
        3
      ],
      "uv": [
        2,
        102,
        96,
        102,
        2,
        9,
        96,
        9
      ],
      "nuv": [
        0.020202020202020204,
        0.08653846153846154,
        0.9696969696969697,
        0.08653846153846154,
        0.020202020202020204,
        0.9807692307692307,
        0.9696969696969697,
        0.9807692307692307
      ],
      "minPos": {
        "x": -47,
        "y": -46.5,
        "z": 0
      },
      "maxPos": {
        "x": 47,
        "y": 46.5,
        "z": 0
      }
    },
    "texture": "7837483f-35c6-4384-ae86-c8f6b0a31a0d@6c48a",
    "packable": true,
    "pixelsToUnit": 100,
    "pivot": {
      "x": 0.5,
      "y": 0.5
    },
    "meshType": 0
  }
}