{
  "__type__": "cc.SpriteFrame",
  "content": {
    "name": "monster28_03",
    "atlas": "",
    "rect": {
      "x": 2,
      "y": 4,
      "width": 113,
      "height": 91
    },
    "offset": {
      "x": -5.5,
      "y": 1
    },
    "originalSize": {
      "width": 128,
      "height": 101
    },
    "rotated": false,
    "capInsets": [
      0,
      0,
      0,
      0
    ],
    "vertices": {
      "rawPosition": [
        -56.5,
        -45.5,
        0,
        56.5,
        -45.5,
        0,
        -56.5,
        45.5,
        0,
        56.5,
        45.5,
        0
      ],
      "indexes": [
        0,
        1,
        2,
        2,
        1,
        3
      ],
      "uv": [
        2,
        97,
        115,
        97,
        2,
        6,
        115,
        6
      ],
      "nuv": [
        0.015625,
        0.0594059405940594,
        0.8984375,
        0.0594059405940594,
        0.015625,
        0.9603960396039604,
        0.8984375,
        0.9603960396039604
      ],
      "minPos": {
        "x": -56.5,
        "y": -45.5,
        "z": 0
      },
      "maxPos": {
        "x": 56.5,
        "y": 45.5,
        "z": 0
      }
    },
    "texture": "78590e84-c522-45dc-be8b-962f91ff97c2@6c48a",
    "packable": true,
    "pixelsToUnit": 100,
    "pivot": {
      "x": 0.5,
      "y": 0.5
    },
    "meshType": 0
  }
}