{
  "__type__": "cc.SpriteFrame",
  "content": {
    "name": "monster31_11",
    "atlas": "",
    "rect": {
      "x": 5,
      "y": 5,
      "width": 103,
      "height": 114
    },
    "offset": {
      "x": 2,
      "y": -2
    },
    "originalSize": {
      "width": 109,
      "height": 120
    },
    "rotated": false,
    "capInsets": [
      0,
      0,
      0,
      0
    ],
    "vertices": {
      "rawPosition": [
        -51.5,
        -57,
        0,
        51.5,
        -57,
        0,
        -51.5,
        57,
        0,
        51.5,
        57,
        0
      ],
      "indexes": [
        0,
        1,
        2,
        2,
        1,
        3
      ],
      "uv": [
        5,
        115,
        108,
        115,
        5,
        1,
        108,
        1
      ],
      "nuv": [
        0.045871559633027525,
        0.008333333333333333,
        0.9908256880733946,
        0.008333333333333333,
        0.045871559633027525,
        0.9583333333333334,
        0.9908256880733946,
        0.9583333333333334
      ],
      "minPos": {
        "x": -51.5,
        "y": -57,
        "z": 0
      },
      "maxPos": {
        "x": 51.5,
        "y": 57,
        "z": 0
      }
    },
    "texture": "ba3675a8-cb40-4783-9147-3cc5dac2bfea@6c48a",
    "packable": true,
    "pixelsToUnit": 100,
    "pivot": {
      "x": 0.5,
      "y": 0.5
    },
    "meshType": 0
  }
}