{
  "__type__": "cc.SpriteFrame",
  "content": {
    "name": "congratulationsGets",
    "atlas": "",
    "rect": {
      "x": 1,
      "y": 0,
      "width": 748,
      "height": 428
    },
    "offset": {
      "x": 0,
      "y": 0
    },
    "originalSize": {
      "width": 750,
      "height": 428
    },
    "rotated": false,
    "capInsets": [
      0,
      0,
      0,
      0
    ],
    "vertices": {
      "rawPosition": [
        -374,
        -214,
        0,
        374,
        -214,
        0,
        -374,
        214,
        0,
        374,
        214,
        0
      ],
      "indexes": [
        0,
        1,
        2,
        2,
        1,
        3
      ],
      "uv": [
        1,
        428,
        749,
        428,
        1,
        0,
        749,
        0
      ],
      "nuv": [
        0.0013333333333333333,
        0,
        0.9986666666666667,
        0,
        0.0013333333333333333,
        1,
        0.9986666666666667,
        1
      ],
      "minPos": {
        "x": -374,
        "y": -214,
        "z": 0
      },
      "maxPos": {
        "x": 374,
        "y": 214,
        "z": 0
      }
    },
    "texture": "ba40b09f-6c25-44dd-9b5c-0ab8f6bae74b@6c48a",
    "packable": true,
    "pixelsToUnit": 100,
    "pivot": {
      "x": 0.5,
      "y": 0.5
    },
    "meshType": 0
  }
}