{
  "__type__": "cc.SpriteFrame",
  "content": {
    "name": "curDir",
    "atlas": "",
    "rect": {
      "x": 8,
      "y": 0,
      "width": 31,
      "height": 47
    },
    "offset": {
      "x": -0.5,
      "y": 0.5
    },
    "originalSize": {
      "width": 48,
      "height": 48
    },
    "rotated": false,
    "capInsets": [
      0,
      0,
      0,
      0
    ],
    "vertices": {
      "rawPosition": [
        -15.5,
        -23.5,
        0,
        15.5,
        -23.5,
        0,
        -15.5,
        23.5,
        0,
        15.5,
        23.5,
        0
      ],
      "indexes": [
        0,
        1,
        2,
        2,
        1,
        3
      ],
      "uv": [
        8,
        48,
        39,
        48,
        8,
        1,
        39,
        1
      ],
      "nuv": [
        0.16666666666666666,
        0.020833333333333332,
        0.8125,
        0.020833333333333332,
        0.16666666666666666,
        1,
        0.8125,
        1
      ],
      "minPos": {
        "x": -15.5,
        "y": -23.5,
        "z": 0
      },
      "maxPos": {
        "x": 15.5,
        "y": 23.5,
        "z": 0
      }
    },
    "texture": "ba44f58b-71d6-4e7e-b4b1-f2729aeebac8@6c48a",
    "packable": true,
    "pixelsToUnit": 100,
    "pivot": {
      "x": 0.5,
      "y": 0.5
    },
    "meshType": 0
  }
}