{
  "__type__": "cc.SpriteFrame",
  "content": {
    "name": "monster24-火_05",
    "atlas": "",
    "rect": {
      "x": 1,
      "y": 26,
      "width": 125,
      "height": 83
    },
    "offset": {
      "x": -0.5,
      "y": -11
    },
    "originalSize": {
      "width": 128,
      "height": 113
    },
    "rotated": false,
    "capInsets": [
      0,
      0,
      0,
      0
    ],
    "vertices": {
      "rawPosition": [
        -62.5,
        -41.5,
        0,
        62.5,
        -41.5,
        0,
        -62.5,
        41.5,
        0,
        62.5,
        41.5,
        0
      ],
      "indexes": [
        0,
        1,
        2,
        2,
        1,
        3
      ],
      "uv": [
        1,
        87,
        126,
        87,
        1,
        4,
        126,
        4
      ],
      "nuv": [
        0.0078125,
        0.035398230088495575,
        0.984375,
        0.035398230088495575,
        0.0078125,
        0.7699115044247787,
        0.984375,
        0.7699115044247787
      ],
      "minPos": {
        "x": -62.5,
        "y": -41.5,
        "z": 0
      },
      "maxPos": {
        "x": 62.5,
        "y": 41.5,
        "z": 0
      }
    },
    "texture": "ba4f4273-4fdd-42da-8290-5d5bc9910a69@6c48a",
    "packable": true,
    "pixelsToUnit": 100,
    "pivot": {
      "x": 0.5,
      "y": 0.5
    },
    "meshType": 0
  }
}