{
  "__type__": "cc.SpriteFrame",
  "content": {
    "name": "monster24-火_14",
    "atlas": "",
    "rect": {
      "x": 5,
      "y": 23,
      "width": 117,
      "height": 84
    },
    "offset": {
      "x": -0.5,
      "y": -8.5
    },
    "originalSize": {
      "width": 128,
      "height": 113
    },
    "rotated": false,
    "capInsets": [
      0,
      0,
      0,
      0
    ],
    "vertices": {
      "rawPosition": [
        -58.5,
        -42,
        0,
        58.5,
        -42,
        0,
        -58.5,
        42,
        0,
        58.5,
        42,
        0
      ],
      "indexes": [
        0,
        1,
        2,
        2,
        1,
        3
      ],
      "uv": [
        5,
        90,
        122,
        90,
        5,
        6,
        122,
        6
      ],
      "nuv": [
        0.0390625,
        0.05309734513274336,
        0.953125,
        0.05309734513274336,
        0.0390625,
        0.7964601769911505,
        0.953125,
        0.7964601769911505
      ],
      "minPos": {
        "x": -58.5,
        "y": -42,
        "z": 0
      },
      "maxPos": {
        "x": 58.5,
        "y": 42,
        "z": 0
      }
    },
    "texture": "025a7154-c792-432c-9e36-b1d24267e3c8@6c48a",
    "packable": true,
    "pixelsToUnit": 100,
    "pivot": {
      "x": 0.5,
      "y": 0.5
    },
    "meshType": 0
  }
}