{
  "__type__": "cc.SpriteFrame",
  "content": {
    "name": "2_00007",
    "atlas": "",
    "rect": {
      "x": 3,
      "y": 8,
      "width": 92,
      "height": 108
    },
    "offset": {
      "x": 1.5,
      "y": 0.5
    },
    "originalSize": {
      "width": 95,
      "height": 125
    },
    "rotated": false,
    "capInsets": [
      0,
      0,
      0,
      0
    ],
    "vertices": {
      "rawPosition": [
        -46,
        -54,
        0,
        46,
        -54,
        0,
        -46,
        54,
        0,
        46,
        54,
        0
      ],
      "indexes": [
        0,
        1,
        2,
        2,
        1,
        3
      ],
      "uv": [
        3,
        117,
        95,
        117,
        3,
        9,
        95,
        9
      ],
      "nuv": [
        0.031578947368421054,
        0.072,
        1,
        0.072,
        0.031578947368421054,
        0.936,
        1,
        0.936
      ],
      "minPos": {
        "x": -46,
        "y": -54,
        "z": 0
      },
      "maxPos": {
        "x": 46,
        "y": 54,
        "z": 0
      }
    },
    "texture": "02940755-613b-4d02-872d-f52abd49c5e4@6c48a",
    "packable": true,
    "pixelsToUnit": 100,
    "pivot": {
      "x": 0.5,
      "y": 0.5
    },
    "meshType": 0
  }
}