{
  "__type__": "cc.SpriteFrame",
  "content": {
    "name": "monster19_14",
    "atlas": "",
    "rect": {
      "x": 2,
      "y": 6,
      "width": 213,
      "height": 126
    },
    "offset": {
      "x": 0.5,
      "y": -1.5
    },
    "originalSize": {
      "width": 216,
      "height": 135
    },
    "rotated": false,
    "capInsets": [
      0,
      0,
      0,
      0
    ],
    "vertices": {
      "rawPosition": [
        -106.5,
        -63,
        0,
        106.5,
        -63,
        0,
        -106.5,
        63,
        0,
        106.5,
        63,
        0
      ],
      "indexes": [
        0,
        1,
        2,
        2,
        1,
        3
      ],
      "uv": [
        2,
        129,
        215,
        129,
        2,
        3,
        215,
        3
      ],
      "nuv": [
        0.009259259259259259,
        0.022222222222222223,
        0.9953703703703703,
        0.022222222222222223,
        0.009259259259259259,
        0.9555555555555556,
        0.9953703703703703,
        0.9555555555555556
      ],
      "minPos": {
        "x": -106.5,
        "y": -63,
        "z": 0
      },
      "maxPos": {
        "x": 106.5,
        "y": 63,
        "z": 0
      }
    },
    "texture": "02caa708-e362-402a-bff2-3ada27ba0501@6c48a",
    "packable": true,
    "pixelsToUnit": 100,
    "pivot": {
      "x": 0.5,
      "y": 0.5
    },
    "meshType": 0
  }
}