{
  "__type__": "cc.SpriteFrame",
  "content": {
    "name": "hellFire_003",
    "atlas": "",
    "rect": {
      "x": 9,
      "y": 17,
      "width": 189,
      "height": 285
    },
    "offset": {
      "x": 1.5,
      "y": -5.5
    },
    "originalSize": {
      "width": 204,
      "height": 308
    },
    "rotated": false,
    "capInsets": [
      0,
      0,
      0,
      0
    ],
    "vertices": {
      "rawPosition": [
        -94.5,
        -142.5,
        0,
        94.5,
        -142.5,
        0,
        -94.5,
        142.5,
        0,
        94.5,
        142.5,
        0
      ],
      "indexes": [
        0,
        1,
        2,
        2,
        1,
        3
      ],
      "uv": [
        9,
        291,
        198,
        291,
        9,
        6,
        198,
        6
      ],
      "nuv": [
        0.04411764705882353,
        0.01948051948051948,
        0.9705882352941176,
        0.01948051948051948,
        0.04411764705882353,
        0.9448051948051948,
        0.9705882352941176,
        0.9448051948051948
      ],
      "minPos": {
        "x": -94.5,
        "y": -142.5,
        "z": 0
      },
      "maxPos": {
        "x": 94.5,
        "y": 142.5,
        "z": 0
      }
    },
    "texture": "02db318c-ea93-4a69-a7ac-71a67730ce8d@6c48a",
    "packable": true,
    "pixelsToUnit": 100,
    "pivot": {
      "x": 0.5,
      "y": 0.5
    },
    "meshType": 0
  }
}