{
  "__type__": "cc.SpriteFrame",
  "content": {
    "name": "monster30_11",
    "atlas": "",
    "rect": {
      "x": 22,
      "y": 63,
      "width": 188,
      "height": 139
    },
    "offset": {
      "x": -10,
      "y": -22.5
    },
    "originalSize": {
      "width": 252,
      "height": 220
    },
    "rotated": false,
    "capInsets": [
      0,
      0,
      0,
      0
    ],
    "vertices": {
      "rawPosition": [
        -94,
        -69.5,
        0,
        94,
        -69.5,
        0,
        -94,
        69.5,
        0,
        94,
        69.5,
        0
      ],
      "indexes": [
        0,
        1,
        2,
        2,
        1,
        3
      ],
      "uv": [
        22,
        157,
        210,
        157,
        22,
        18,
        210,
        18
      ],
      "nuv": [
        0.0873015873015873,
        0.08181818181818182,
        0.8333333333333334,
        0.08181818181818182,
        0.0873015873015873,
        0.7136363636363636,
        0.8333333333333334,
        0.7136363636363636
      ],
      "minPos": {
        "x": -94,
        "y": -69.5,
        "z": 0
      },
      "maxPos": {
        "x": 94,
        "y": 69.5,
        "z": 0
      }
    },
    "texture": "02e9aae4-9f53-4144-a9e4-19183e25fe4c@6c48a",
    "packable": true,
    "pixelsToUnit": 100,
    "pivot": {
      "x": 0.5,
      "y": 0.5
    },
    "meshType": 0
  }
}