{
  "__type__": "cc.SpriteFrame",
  "content": {
    "name": "1_00006",
    "atlas": "",
    "rect": {
      "x": 8,
      "y": 1,
      "width": 92,
      "height": 129
    },
    "offset": {
      "x": 4,
      "y": -0.5
    },
    "originalSize": {
      "width": 100,
      "height": 130
    },
    "rotated": false,
    "capInsets": [
      0,
      0,
      0,
      0
    ],
    "vertices": {
      "rawPosition": [
        -46,
        -64.5,
        0,
        46,
        -64.5,
        0,
        -46,
        64.5,
        0,
        46,
        64.5,
        0
      ],
      "indexes": [
        0,
        1,
        2,
        2,
        1,
        3
      ],
      "uv": [
        8,
        129,
        100,
        129,
        8,
        0,
        100,
        0
      ],
      "nuv": [
        0.08,
        0,
        1,
        0,
        0.08,
        0.9923076923076923,
        1,
        0.9923076923076923
      ],
      "minPos": {
        "x": -46,
        "y": -64.5,
        "z": 0
      },
      "maxPos": {
        "x": 46,
        "y": 64.5,
        "z": 0
      }
    },
    "texture": "51567926-69c4-4b1e-949a-ca997bf1dcb0@6c48a",
    "packable": true,
    "pixelsToUnit": 100,
    "pivot": {
      "x": 0.5,
      "y": 0.5
    },
    "meshType": 0
  }
}