{
  "__type__": "cc.SpriteFrame",
  "content": {
    "name": "monster27_05",
    "atlas": "",
    "rect": {
      "x": 1,
      "y": 1,
      "width": 121,
      "height": 100
    },
    "offset": {
      "x": 0,
      "y": 0.5
    },
    "originalSize": {
      "width": 123,
      "height": 103
    },
    "rotated": false,
    "capInsets": [
      0,
      0,
      0,
      0
    ],
    "vertices": {
      "rawPosition": [
        -60.5,
        -50,
        0,
        60.5,
        -50,
        0,
        -60.5,
        50,
        0,
        60.5,
        50,
        0
      ],
      "indexes": [
        0,
        1,
        2,
        2,
        1,
        3
      ],
      "uv": [
        1,
        102,
        122,
        102,
        1,
        2,
        122,
        2
      ],
      "nuv": [
        0.008130081300813009,
        0.019417475728155338,
        0.991869918699187,
        0.019417475728155338,
        0.008130081300813009,
        0.9902912621359223,
        0.991869918699187,
        0.9902912621359223
      ],
      "minPos": {
        "x": -60.5,
        "y": -50,
        "z": 0
      },
      "maxPos": {
        "x": 60.5,
        "y": 50,
        "z": 0
      }
    },
    "texture": "51794416-7cff-49f7-8977-1a8ec379876f@6c48a",
    "packable": true,
    "pixelsToUnit": 100,
    "pivot": {
      "x": 0.5,
      "y": 0.5
    },
    "meshType": 0
  }
}