{
  "__type__": "cc.SpriteFrame",
  "content": {
    "name": "monster19_10",
    "atlas": "",
    "rect": {
      "x": 3,
      "y": 11,
      "width": 208,
      "height": 123
    },
    "offset": {
      "x": -1,
      "y": -5
    },
    "originalSize": {
      "width": 216,
      "height": 135
    },
    "rotated": false,
    "capInsets": [
      0,
      0,
      0,
      0
    ],
    "vertices": {
      "rawPosition": [
        -104,
        -61.5,
        0,
        104,
        -61.5,
        0,
        -104,
        61.5,
        0,
        104,
        61.5,
        0
      ],
      "indexes": [
        0,
        1,
        2,
        2,
        1,
        3
      ],
      "uv": [
        3,
        124,
        211,
        124,
        3,
        1,
        211,
        1
      ],
      "nuv": [
        0.013888888888888888,
        0.007407407407407408,
        0.9768518518518519,
        0.007407407407407408,
        0.013888888888888888,
        0.9185185185185185,
        0.9768518518518519,
        0.9185185185185185
      ],
      "minPos": {
        "x": -104,
        "y": -61.5,
        "z": 0
      },
      "maxPos": {
        "x": 104,
        "y": 61.5,
        "z": 0
      }
    },
    "texture": "51e87874-9a16-467f-80d9-18406315ab59@6c48a",
    "packable": true,
    "pixelsToUnit": 100,
    "pivot": {
      "x": 0.5,
      "y": 0.5
    },
    "meshType": 0
  }
}