{
  "__type__": "cc.SpriteFrame",
  "content": {
    "name": "boss2_00",
    "atlas": "",
    "rect": {
      "x": 1,
      "y": 2,
      "width": 212,
      "height": 198
    },
    "offset": {
      "x": -16,
      "y": 0
    },
    "originalSize": {
      "width": 246,
      "height": 202
    },
    "rotated": false,
    "capInsets": [
      0,
      0,
      0,
      0
    ],
    "vertices": {
      "rawPosition": [
        -106,
        -99,
        0,
        106,
        -99,
        0,
        -106,
        99,
        0,
        106,
        99,
        0
      ],
      "indexes": [
        0,
        1,
        2,
        2,
        1,
        3
      ],
      "uv": [
        1,
        200,
        213,
        200,
        1,
        2,
        213,
        2
      ],
      "nuv": [
        0.0040650406504065045,
        0.009900990099009901,
        0.8658536585365854,
        0.009900990099009901,
        0.0040650406504065045,
        0.9900990099009901,
        0.8658536585365854,
        0.9900990099009901
      ],
      "minPos": {
        "x": -106,
        "y": -99,
        "z": 0
      },
      "maxPos": {
        "x": 106,
        "y": 99,
        "z": 0
      }
    },
    "texture": "8b376c22-364f-413f-ae8d-0320249ea570@6c48a",
    "packable": true,
    "pixelsToUnit": 100,
    "pivot": {
      "x": 0.5,
      "y": 0.5
    },
    "meshType": 0
  }
}