{
  "__type__": "cc.SpriteFrame",
  "content": {
    "name": "sunHeart_000",
    "atlas": "",
    "rect": {
      "x": 4,
      "y": 4,
      "width": 69,
      "height": 72
    },
    "offset": {
      "x": 0,
      "y": 0
    },
    "originalSize": {
      "width": 77,
      "height": 80
    },
    "rotated": false,
    "capInsets": [
      0,
      0,
      0,
      0
    ],
    "vertices": {
      "rawPosition": [
        -34.5,
        -36,
        0,
        34.5,
        -36,
        0,
        -34.5,
        36,
        0,
        34.5,
        36,
        0
      ],
      "indexes": [
        0,
        1,
        2,
        2,
        1,
        3
      ],
      "uv": [
        4,
        76,
        73,
        76,
        4,
        4,
        73,
        4
      ],
      "nuv": [
        0.05194805194805195,
        0.05,
        0.948051948051948,
        0.05,
        0.05194805194805195,
        0.95,
        0.948051948051948,
        0.95
      ],
      "minPos": {
        "x": -34.5,
        "y": -36,
        "z": 0
      },
      "maxPos": {
        "x": 34.5,
        "y": 36,
        "z": 0
      }
    },
    "texture": "8b67c384-6a62-4898-8d2f-a6c5f7823100@6c48a",
    "packable": true,
    "pixelsToUnit": 100,
    "pivot": {
      "x": 0.5,
      "y": 0.5
    },
    "meshType": 0
  }
}