{
  "__type__": "cc.SpriteFrame",
  "content": {
    "name": "monster33_02",
    "atlas": "",
    "rect": {
      "x": 11,
      "y": 0,
      "width": 108,
      "height": 125
    },
    "offset": {
      "x": 5,
      "y": 1.5
    },
    "originalSize": {
      "width": 120,
      "height": 128
    },
    "rotated": false,
    "capInsets": [
      0,
      0,
      0,
      0
    ],
    "vertices": {
      "rawPosition": [
        -54,
        -62.5,
        0,
        54,
        -62.5,
        0,
        -54,
        62.5,
        0,
        54,
        62.5,
        0
      ],
      "indexes": [
        0,
        1,
        2,
        2,
        1,
        3
      ],
      "uv": [
        11,
        128,
        119,
        128,
        11,
        3,
        119,
        3
      ],
      "nuv": [
        0.09166666666666666,
        0.0234375,
        0.9916666666666667,
        0.0234375,
        0.09166666666666666,
        1,
        0.9916666666666667,
        1
      ],
      "minPos": {
        "x": -54,
        "y": -62.5,
        "z": 0
      },
      "maxPos": {
        "x": 54,
        "y": 62.5,
        "z": 0
      }
    },
    "texture": "8bc33d1d-0956-415e-9337-2fe2c875a227@6c48a",
    "packable": true,
    "pixelsToUnit": 100,
    "pivot": {
      "x": 0.5,
      "y": 0.5
    },
    "meshType": 0
  }
}