{
  "__type__": "cc.SpriteFrame",
  "content": {
    "name": "16_00005",
    "atlas": "",
    "rect": {
      "x": 9,
      "y": 3,
      "width": 87,
      "height": 101
    },
    "offset": {
      "x": 2.5,
      "y": -1
    },
    "originalSize": {
      "width": 100,
      "height": 105
    },
    "rotated": false,
    "capInsets": [
      0,
      0,
      0,
      0
    ],
    "vertices": {
      "rawPosition": [
        -43.5,
        -50.5,
        0,
        43.5,
        -50.5,
        0,
        -43.5,
        50.5,
        0,
        43.5,
        50.5,
        0
      ],
      "indexes": [
        0,
        1,
        2,
        2,
        1,
        3
      ],
      "uv": [
        9,
        102,
        96,
        102,
        9,
        1,
        96,
        1
      ],
      "nuv": [
        0.09,
        0.009523809523809525,
        0.96,
        0.009523809523809525,
        0.09,
        0.9714285714285714,
        0.96,
        0.9714285714285714
      ],
      "minPos": {
        "x": -43.5,
        "y": -50.5,
        "z": 0
      },
      "maxPos": {
        "x": 43.5,
        "y": 50.5,
        "z": 0
      }
    },
    "texture": "8befaf85-6546-45ac-b1a8-1b42c7119e97@6c48a",
    "packable": true,
    "pixelsToUnit": 100,
    "pivot": {
      "x": 0.5,
      "y": 0.5
    },
    "meshType": 0
  }
}