{
  "__type__": "cc.SpriteFrame",
  "content": {
    "name": "dangerWindToNear_00006",
    "atlas": "",
    "rect": {
      "x": 6,
      "y": 4,
      "width": 117,
      "height": 164
    },
    "offset": {
      "x": 3,
      "y": -2
    },
    "originalSize": {
      "width": 123,
      "height": 168
    },
    "rotated": false,
    "capInsets": [
      0,
      0,
      0,
      0
    ],
    "vertices": {
      "rawPosition": [
        -58.5,
        -82,
        0,
        58.5,
        -82,
        0,
        -58.5,
        82,
        0,
        58.5,
        82,
        0
      ],
      "indexes": [
        0,
        1,
        2,
        2,
        1,
        3
      ],
      "uv": [
        6,
        164,
        123,
        164,
        6,
        0,
        123,
        0
      ],
      "nuv": [
        0.04878048780487805,
        0,
        1,
        0,
        0.04878048780487805,
        0.9761904761904762,
        1,
        0.9761904761904762
      ],
      "minPos": {
        "x": -58.5,
        "y": -82,
        "z": 0
      },
      "maxPos": {
        "x": 58.5,
        "y": 82,
        "z": 0
      }
    },
    "texture": "8bf71a4e-75a1-4b64-80e3-5b48d3bd3667@6c48a",
    "packable": true,
    "pixelsToUnit": 100,
    "pivot": {
      "x": 0.5,
      "y": 0.5
    },
    "meshType": 0
  }
}