{
  "__type__": "cc.SpriteFrame",
  "content": {
    "name": "sunHeart_001",
    "atlas": "",
    "rect": {
      "x": 1,
      "y": 2,
      "width": 87,
      "height": 90
    },
    "offset": {
      "x": -1,
      "y": 0.5
    },
    "originalSize": {
      "width": 91,
      "height": 95
    },
    "rotated": false,
    "capInsets": [
      0,
      0,
      0,
      0
    ],
    "vertices": {
      "rawPosition": [
        -43.5,
        -45,
        0,
        43.5,
        -45,
        0,
        -43.5,
        45,
        0,
        43.5,
        45,
        0
      ],
      "indexes": [
        0,
        1,
        2,
        2,
        1,
        3
      ],
      "uv": [
        1,
        93,
        88,
        93,
        1,
        3,
        88,
        3
      ],
      "nuv": [
        0.01098901098901099,
        0.031578947368421054,
        0.967032967032967,
        0.031578947368421054,
        0.01098901098901099,
        0.9789473684210527,
        0.967032967032967,
        0.9789473684210527
      ],
      "minPos": {
        "x": -43.5,
        "y": -45,
        "z": 0
      },
      "maxPos": {
        "x": 43.5,
        "y": 45,
        "z": 0
      }
    },
    "texture": "89d428e4-3857-4a08-83a9-d5dce092f73a@6c48a",
    "packable": true,
    "pixelsToUnit": 100,
    "pivot": {
      "x": 0.5,
      "y": 0.5
    },
    "meshType": 0
  }
}