{
  "__type__": "cc.SpriteFrame",
  "content": {
    "name": "obstacle1_1",
    "atlas": "",
    "rect": {
      "x": 0,
      "y": 0,
      "width": 179,
      "height": 148
    },
    "offset": {
      "x": -0.5,
      "y": 0
    },
    "originalSize": {
      "width": 180,
      "height": 148
    },
    "rotated": false,
    "capInsets": [
      0,
      0,
      0,
      0
    ],
    "vertices": {
      "rawPosition": [
        -89.5,
        -74,
        0,
        89.5,
        -74,
        0,
        -89.5,
        74,
        0,
        89.5,
        74,
        0
      ],
      "indexes": [
        0,
        1,
        2,
        2,
        1,
        3
      ],
      "uv": [
        0,
        148,
        179,
        148,
        0,
        0,
        179,
        0
      ],
      "nuv": [
        0,
        0,
        0.9944444444444445,
        0,
        0,
        1,
        0.9944444444444445,
        1
      ],
      "minPos": {
        "x": -89.5,
        "y": -74,
        "z": 0
      },
      "maxPos": {
        "x": 89.5,
        "y": 74,
        "z": 0
      }
    },
    "texture": "89e68f51-2432-468f-9d74-363d08fa8fcd@6c48a",
    "packable": true,
    "pixelsToUnit": 100,
    "pivot": {
      "x": 0.5,
      "y": 0.5
    },
    "meshType": 0
  }
}