{
  "__type__": "cc.SpriteFrame",
  "content": {
    "name": "shenfa",
    "atlas": "",
    "rect": {
      "x": 1,
      "y": 1,
      "width": 116,
      "height": 63
    },
    "offset": {
      "x": 0,
      "y": 0
    },
    "originalSize": {
      "width": 118,
      "height": 65
    },
    "rotated": false,
    "capInsets": [
      0,
      0,
      0,
      0
    ],
    "vertices": {
      "rawPosition": [
        -58,
        -31.5,
        0,
        58,
        -31.5,
        0,
        -58,
        31.5,
        0,
        58,
        31.5,
        0
      ],
      "indexes": [
        0,
        1,
        2,
        2,
        1,
        3
      ],
      "uv": [
        1,
        64,
        117,
        64,
        1,
        1,
        117,
        1
      ],
      "nuv": [
        0.00847457627118644,
        0.015384615384615385,
        0.9915254237288136,
        0.015384615384615385,
        0.00847457627118644,
        0.9846153846153847,
        0.9915254237288136,
        0.9846153846153847
      ],
      "minPos": {
        "x": -58,
        "y": -31.5,
        "z": 0
      },
      "maxPos": {
        "x": 58,
        "y": 31.5,
        "z": 0
      }
    },
    "texture": "f809834d-9690-4cce-b5a2-58857887df8b@6c48a",
    "packable": true,
    "pixelsToUnit": 100,
    "pivot": {
      "x": 0.5,
      "y": 0.5
    },
    "meshType": 0
  }
}