{
  "__type__": "cc.SpriteFrame",
  "content": {
    "name": "17_00006",
    "atlas": "",
    "rect": {
      "x": 11,
      "y": 7,
      "width": 107,
      "height": 137
    },
    "offset": {
      "x": -0.5,
      "y": -0.5
    },
    "originalSize": {
      "width": 130,
      "height": 150
    },
    "rotated": false,
    "capInsets": [
      0,
      0,
      0,
      0
    ],
    "vertices": {
      "rawPosition": [
        -53.5,
        -68.5,
        0,
        53.5,
        -68.5,
        0,
        -53.5,
        68.5,
        0,
        53.5,
        68.5,
        0
      ],
      "indexes": [
        0,
        1,
        2,
        2,
        1,
        3
      ],
      "uv": [
        11,
        143,
        118,
        143,
        11,
        6,
        118,
        6
      ],
      "nuv": [
        0.08461538461538462,
        0.04,
        0.9076923076923077,
        0.04,
        0.08461538461538462,
        0.9533333333333334,
        0.9076923076923077,
        0.9533333333333334
      ],
      "minPos": {
        "x": -53.5,
        "y": -68.5,
        "z": 0
      },
      "maxPos": {
        "x": 53.5,
        "y": 68.5,
        "z": 0
      }
    },
    "texture": "f83ec04f-7e47-439b-9ef4-57609abdc3fd@6c48a",
    "packable": true,
    "pixelsToUnit": 100,
    "pivot": {
      "x": 0.5,
      "y": 0.5
    },
    "meshType": 0
  }
}