{
  "__type__": "cc.SpriteFrame",
  "content": {
    "name": "10_00005",
    "atlas": "",
    "rect": {
      "x": 17,
      "y": 4,
      "width": 154,
      "height": 112
    },
    "offset": {
      "x": 4,
      "y": 5
    },
    "originalSize": {
      "width": 180,
      "height": 130
    },
    "rotated": false,
    "capInsets": [
      0,
      0,
      0,
      0
    ],
    "vertices": {
      "rawPosition": [
        -77,
        -56,
        0,
        77,
        -56,
        0,
        -77,
        56,
        0,
        77,
        56,
        0
      ],
      "indexes": [
        0,
        1,
        2,
        2,
        1,
        3
      ],
      "uv": [
        17,
        126,
        171,
        126,
        17,
        14,
        171,
        14
      ],
      "nuv": [
        0.09444444444444444,
        0.1076923076923077,
        0.95,
        0.1076923076923077,
        0.09444444444444444,
        0.9692307692307692,
        0.95,
        0.9692307692307692
      ],
      "minPos": {
        "x": -77,
        "y": -56,
        "z": 0
      },
      "maxPos": {
        "x": 77,
        "y": 56,
        "z": 0
      }
    },
    "texture": "f8bf26bb-ddc8-4127-a0f0-faf4e7764fc2@6c48a",
    "packable": true,
    "pixelsToUnit": 100,
    "pivot": {
      "x": 0.5,
      "y": 0.5
    },
    "meshType": 0
  }
}