{
  "__type__": "cc.SpriteFrame",
  "content": {
    "name": "monster28_08",
    "atlas": "",
    "rect": {
      "x": 20,
      "y": 9,
      "width": 107,
      "height": 83
    },
    "offset": {
      "x": 9.5,
      "y": 0
    },
    "originalSize": {
      "width": 128,
      "height": 101
    },
    "rotated": false,
    "capInsets": [
      0,
      0,
      0,
      0
    ],
    "vertices": {
      "rawPosition": [
        -53.5,
        -41.5,
        0,
        53.5,
        -41.5,
        0,
        -53.5,
        41.5,
        0,
        53.5,
        41.5,
        0
      ],
      "indexes": [
        0,
        1,
        2,
        2,
        1,
        3
      ],
      "uv": [
        20,
        92,
        127,
        92,
        20,
        9,
        127,
        9
      ],
      "nuv": [
        0.15625,
        0.0891089108910891,
        0.9921875,
        0.0891089108910891,
        0.15625,
        0.9108910891089109,
        0.9921875,
        0.9108910891089109
      ],
      "minPos": {
        "x": -53.5,
        "y": -41.5,
        "z": 0
      },
      "maxPos": {
        "x": 53.5,
        "y": 41.5,
        "z": 0
      }
    },
    "texture": "671ea8f0-09ca-4a2c-8d52-2b3d648f1835@6c48a",
    "packable": true,
    "pixelsToUnit": 100,
    "pivot": {
      "x": 0.5,
      "y": 0.5
    },
    "meshType": 0
  }
}