{
  "__type__": "cc.SpriteFrame",
  "content": {
    "name": "boss2_09",
    "atlas": "",
    "rect": {
      "x": 7,
      "y": 1,
      "width": 231,
      "height": 198
    },
    "offset": {
      "x": -0.5,
      "y": 1
    },
    "originalSize": {
      "width": 246,
      "height": 202
    },
    "rotated": false,
    "capInsets": [
      0,
      0,
      0,
      0
    ],
    "vertices": {
      "rawPosition": [
        -115.5,
        -99,
        0,
        115.5,
        -99,
        0,
        -115.5,
        99,
        0,
        115.5,
        99,
        0
      ],
      "indexes": [
        0,
        1,
        2,
        2,
        1,
        3
      ],
      "uv": [
        7,
        201,
        238,
        201,
        7,
        3,
        238,
        3
      ],
      "nuv": [
        0.028455284552845527,
        0.01485148514851485,
        0.967479674796748,
        0.01485148514851485,
        0.028455284552845527,
        0.995049504950495,
        0.967479674796748,
        0.995049504950495
      ],
      "minPos": {
        "x": -115.5,
        "y": -99,
        "z": 0
      },
      "maxPos": {
        "x": 115.5,
        "y": 99,
        "z": 0
      }
    },
    "texture": "674108ae-8b69-474d-8f21-ebdc2b3de83e@6c48a",
    "packable": true,
    "pixelsToUnit": 100,
    "pivot": {
      "x": 0.5,
      "y": 0.5
    },
    "meshType": 0
  }
}