{
  "__type__": "cc.SpriteFrame",
  "content": {
    "name": "mergeSelect",
    "atlas": "",
    "rect": {
      "x": 0,
      "y": 0,
      "width": 291,
      "height": 152
    },
    "offset": {
      "x": -0.5,
      "y": 0
    },
    "originalSize": {
      "width": 292,
      "height": 152
    },
    "rotated": false,
    "capInsets": [
      0,
      0,
      0,
      0
    ],
    "vertices": {
      "rawPosition": [
        -145.5,
        -76,
        0,
        145.5,
        -76,
        0,
        -145.5,
        76,
        0,
        145.5,
        76,
        0
      ],
      "indexes": [
        0,
        1,
        2,
        2,
        1,
        3
      ],
      "uv": [
        0,
        152,
        291,
        152,
        0,
        0,
        291,
        0
      ],
      "nuv": [
        0,
        0,
        0.9965753424657534,
        0,
        0,
        1,
        0.9965753424657534,
        1
      ],
      "minPos": {
        "x": -145.5,
        "y": -76,
        "z": 0
      },
      "maxPos": {
        "x": 145.5,
        "y": 76,
        "z": 0
      }
    },
    "texture": "67628ba2-5438-4c68-b7d6-a9349d9fbbd6@6c48a",
    "packable": true,
    "pixelsToUnit": 100,
    "pivot": {
      "x": 0.5,
      "y": 0.5
    },
    "meshType": 0
  }
}