{
  "__type__": "cc.SpriteFrame",
  "content": {
    "name": "monster30_10",
    "atlas": "",
    "rect": {
      "x": 16,
      "y": 85,
      "width": 209,
      "height": 113
    },
    "offset": {
      "x": -5.5,
      "y": -31.5
    },
    "originalSize": {
      "width": 252,
      "height": 220
    },
    "rotated": false,
    "capInsets": [
      0,
      0,
      0,
      0
    ],
    "vertices": {
      "rawPosition": [
        -104.5,
        -56.5,
        0,
        104.5,
        -56.5,
        0,
        -104.5,
        56.5,
        0,
        104.5,
        56.5,
        0
      ],
      "indexes": [
        0,
        1,
        2,
        2,
        1,
        3
      ],
      "uv": [
        16,
        135,
        225,
        135,
        16,
        22,
        225,
        22
      ],
      "nuv": [
        0.06349206349206349,
        0.1,
        0.8928571428571429,
        0.1,
        0.06349206349206349,
        0.6136363636363636,
        0.8928571428571429,
        0.6136363636363636
      ],
      "minPos": {
        "x": -104.5,
        "y": -56.5,
        "z": 0
      },
      "maxPos": {
        "x": 104.5,
        "y": 56.5,
        "z": 0
      }
    },
    "texture": "67a89d9f-1b00-4a83-aea2-dd32961842f9@6c48a",
    "packable": true,
    "pixelsToUnit": 100,
    "pivot": {
      "x": 0.5,
      "y": 0.5
    },
    "meshType": 0
  }
}