{
  "__type__": "cc.SpriteFrame",
  "content": {
    "name": "5_00005",
    "atlas": "",
    "rect": {
      "x": 4,
      "y": 13,
      "width": 146,
      "height": 131
    },
    "offset": {
      "x": 2,
      "y": -3.5
    },
    "originalSize": {
      "width": 150,
      "height": 150
    },
    "rotated": false,
    "capInsets": [
      0,
      0,
      0,
      0
    ],
    "vertices": {
      "rawPosition": [
        -73,
        -65.5,
        0,
        73,
        -65.5,
        0,
        -73,
        65.5,
        0,
        73,
        65.5,
        0
      ],
      "indexes": [
        0,
        1,
        2,
        2,
        1,
        3
      ],
      "uv": [
        4,
        137,
        150,
        137,
        4,
        6,
        150,
        6
      ],
      "nuv": [
        0.02666666666666667,
        0.04,
        1,
        0.04,
        0.02666666666666667,
        0.9133333333333333,
        1,
        0.9133333333333333
      ],
      "minPos": {
        "x": -73,
        "y": -65.5,
        "z": 0
      },
      "maxPos": {
        "x": 73,
        "y": 65.5,
        "z": 0
      }
    },
    "texture": "fa7af8b6-db2d-4647-b868-8539789a614b@6c48a",
    "packable": true,
    "pixelsToUnit": 100,
    "pivot": {
      "x": 0.5,
      "y": 0.5
    },
    "meshType": 0
  }
}