{
  "__type__": "cc.SpriteFrame",
  "content": {
    "name": "sunHeart_004",
    "atlas": "",
    "rect": {
      "x": 2,
      "y": 3,
      "width": 77,
      "height": 80
    },
    "offset": {
      "x": -0.5,
      "y": 0
    },
    "originalSize": {
      "width": 82,
      "height": 86
    },
    "rotated": false,
    "capInsets": [
      0,
      0,
      0,
      0
    ],
    "vertices": {
      "rawPosition": [
        -38.5,
        -40,
        0,
        38.5,
        -40,
        0,
        -38.5,
        40,
        0,
        38.5,
        40,
        0
      ],
      "indexes": [
        0,
        1,
        2,
        2,
        1,
        3
      ],
      "uv": [
        2,
        83,
        79,
        83,
        2,
        3,
        79,
        3
      ],
      "nuv": [
        0.024390243902439025,
        0.03488372093023256,
        0.9634146341463414,
        0.03488372093023256,
        0.024390243902439025,
        0.9651162790697675,
        0.9634146341463414,
        0.9651162790697675
      ],
      "minPos": {
        "x": -38.5,
        "y": -40,
        "z": 0
      },
      "maxPos": {
        "x": 38.5,
        "y": 40,
        "z": 0
      }
    },
    "texture": "faa72641-8c89-499c-a109-66b8f4d2c796@6c48a",
    "packable": true,
    "pixelsToUnit": 100,
    "pivot": {
      "x": 0.5,
      "y": 0.5
    },
    "meshType": 0
  }
}