{
  "__type__": "cc.SpriteFrame",
  "content": {
    "name": "dangerWindToNear_00003",
    "atlas": "",
    "rect": {
      "x": 13,
      "y": 0,
      "width": 110,
      "height": 168
    },
    "offset": {
      "x": 6.5,
      "y": 0
    },
    "originalSize": {
      "width": 123,
      "height": 168
    },
    "rotated": false,
    "capInsets": [
      0,
      0,
      0,
      0
    ],
    "vertices": {
      "rawPosition": [
        -55,
        -84,
        0,
        55,
        -84,
        0,
        -55,
        84,
        0,
        55,
        84,
        0
      ],
      "indexes": [
        0,
        1,
        2,
        2,
        1,
        3
      ],
      "uv": [
        13,
        168,
        123,
        168,
        13,
        0,
        123,
        0
      ],
      "nuv": [
        0.10569105691056911,
        0,
        1,
        0,
        0.10569105691056911,
        1,
        1,
        1
      ],
      "minPos": {
        "x": -55,
        "y": -84,
        "z": 0
      },
      "maxPos": {
        "x": 55,
        "y": 84,
        "z": 0
      }
    },
    "texture": "bc42e60d-89ae-4297-9f00-853c240a1264@6c48a",
    "packable": true,
    "pixelsToUnit": 100,
    "pivot": {
      "x": 0.5,
      "y": 0.5
    },
    "meshType": 0
  }
}