{
  "__type__": "cc.SpriteFrame",
  "content": {
    "name": "6_00004",
    "atlas": "",
    "rect": {
      "x": 2,
      "y": 4,
      "width": 139,
      "height": 126
    },
    "offset": {
      "x": -3.5,
      "y": 0.5
    },
    "originalSize": {
      "width": 150,
      "height": 135
    },
    "rotated": false,
    "capInsets": [
      0,
      0,
      0,
      0
    ],
    "vertices": {
      "rawPosition": [
        -69.5,
        -63,
        0,
        69.5,
        -63,
        0,
        -69.5,
        63,
        0,
        69.5,
        63,
        0
      ],
      "indexes": [
        0,
        1,
        2,
        2,
        1,
        3
      ],
      "uv": [
        2,
        131,
        141,
        131,
        2,
        5,
        141,
        5
      ],
      "nuv": [
        0.013333333333333334,
        0.037037037037037035,
        0.94,
        0.037037037037037035,
        0.013333333333333334,
        0.9703703703703703,
        0.94,
        0.9703703703703703
      ],
      "minPos": {
        "x": -69.5,
        "y": -63,
        "z": 0
      },
      "maxPos": {
        "x": 69.5,
        "y": 63,
        "z": 0
      }
    },
    "texture": "bc9ecdb7-40c6-4f12-9954-f7a5e9712a55@6c48a",
    "packable": true,
    "pixelsToUnit": 100,
    "pivot": {
      "x": 0.5,
      "y": 0.5
    },
    "meshType": 0
  }
}