{
  "__type__": "cc.SpriteFrame",
  "content": {
    "name": "sunHeart_003",
    "atlas": "",
    "rect": {
      "x": 5,
      "y": 3,
      "width": 79,
      "height": 81
    },
    "offset": {
      "x": -0.5,
      "y": 0.5
    },
    "originalSize": {
      "width": 90,
      "height": 88
    },
    "rotated": false,
    "capInsets": [
      0,
      0,
      0,
      0
    ],
    "vertices": {
      "rawPosition": [
        -39.5,
        -40.5,
        0,
        39.5,
        -40.5,
        0,
        -39.5,
        40.5,
        0,
        39.5,
        40.5,
        0
      ],
      "indexes": [
        0,
        1,
        2,
        2,
        1,
        3
      ],
      "uv": [
        5,
        85,
        84,
        85,
        5,
        4,
        84,
        4
      ],
      "nuv": [
        0.05555555555555555,
        0.045454545454545456,
        0.9333333333333333,
        0.045454545454545456,
        0.05555555555555555,
        0.9659090909090909,
        0.9333333333333333,
        0.9659090909090909
      ],
      "minPos": {
        "x": -39.5,
        "y": -40.5,
        "z": 0
      },
      "maxPos": {
        "x": 39.5,
        "y": 40.5,
        "z": 0
      }
    },
    "texture": "f928af64-dc69-4a88-9234-b6d19e4b91cc@6c48a",
    "packable": true,
    "pixelsToUnit": 100,
    "pivot": {
      "x": 0.5,
      "y": 0.5
    },
    "meshType": 0
  }
}