{
  "__type__": "cc.SpriteFrame",
  "content": {
    "name": "monster15_10",
    "atlas": "",
    "rect": {
      "x": 0,
      "y": 6,
      "width": 71,
      "height": 117
    },
    "offset": {
      "x": -1,
      "y": -2
    },
    "originalSize": {
      "width": 73,
      "height": 125
    },
    "rotated": false,
    "capInsets": [
      0,
      0,
      0,
      0
    ],
    "vertices": {
      "rawPosition": [
        -35.5,
        -58.5,
        0,
        35.5,
        -58.5,
        0,
        -35.5,
        58.5,
        0,
        35.5,
        58.5,
        0
      ],
      "indexes": [
        0,
        1,
        2,
        2,
        1,
        3
      ],
      "uv": [
        0,
        119,
        71,
        119,
        0,
        2,
        71,
        2
      ],
      "nuv": [
        0,
        0.016,
        0.9726027397260274,
        0.016,
        0,
        0.952,
        0.9726027397260274,
        0.952
      ],
      "minPos": {
        "x": -35.5,
        "y": -58.5,
        "z": 0
      },
      "maxPos": {
        "x": 35.5,
        "y": 58.5,
        "z": 0
      }
    },
    "texture": "f975ebb5-59d2-4c38-9ad8-5ed12edeb4ab@6c48a",
    "packable": true,
    "pixelsToUnit": 100,
    "pivot": {
      "x": 0.5,
      "y": 0.5
    },
    "meshType": 0
  }
}