{
  "__type__": "cc.SpriteFrame",
  "content": {
    "name": "ccc_00002",
    "atlas": "",
    "rect": {
      "x": 8,
      "y": 4,
      "width": 59,
      "height": 111
    },
    "offset": {
      "x": 2.5,
      "y": 0.5
    },
    "originalSize": {
      "width": 70,
      "height": 120
    },
    "rotated": false,
    "capInsets": [
      0,
      0,
      0,
      0
    ],
    "vertices": {
      "rawPosition": [
        -29.5,
        -55.5,
        0,
        29.5,
        -55.5,
        0,
        -29.5,
        55.5,
        0,
        29.5,
        55.5,
        0
      ],
      "indexes": [
        0,
        1,
        2,
        2,
        1,
        3
      ],
      "uv": [
        8,
        116,
        67,
        116,
        8,
        5,
        67,
        5
      ],
      "nuv": [
        0.11428571428571428,
        0.041666666666666664,
        0.9571428571428572,
        0.041666666666666664,
        0.11428571428571428,
        0.9666666666666667,
        0.9571428571428572,
        0.9666666666666667
      ],
      "minPos": {
        "x": -29.5,
        "y": -55.5,
        "z": 0
      },
      "maxPos": {
        "x": 29.5,
        "y": 55.5,
        "z": 0
      }
    },
    "texture": "d64fa518-d66b-4fb1-8838-43019c9fc82e@6c48a",
    "packable": true,
    "pixelsToUnit": 100,
    "pivot": {
      "x": 0.5,
      "y": 0.5
    },
    "meshType": 0
  }
}