{
  "__type__": "cc.SpriteFrame",
  "content": {
    "name": "heroInfo",
    "atlas": "",
    "rect": {
      "x": 2,
      "y": 0,
      "width": 998,
      "height": 421
    },
    "offset": {
      "x": 1,
      "y": 0.5
    },
    "originalSize": {
      "width": 1000,
      "height": 422
    },
    "rotated": false,
    "capInsets": [
      20,
      20,
      20,
      20
    ],
    "vertices": {
      "rawPosition": [
        -499,
        -210.5,
        0,
        499,
        -210.5,
        0,
        -499,
        210.5,
        0,
        499,
        210.5,
        0
      ],
      "indexes": [
        0,
        1,
        2,
        2,
        1,
        3
      ],
      "uv": [
        2,
        422,
        1000,
        422,
        2,
        1,
        1000,
        1
      ],
      "nuv": [
        0.002,
        0.002369668246445498,
        1,
        0.002369668246445498,
        0.002,
        1,
        1,
        1
      ],
      "minPos": {
        "x": -499,
        "y": -210.5,
        "z": 0
      },
      "maxPos": {
        "x": 499,
        "y": 210.5,
        "z": 0
      }
    },
    "texture": "d68be507-5418-4456-9604-c391a3a8b6e9@6c48a",
    "packable": true,
    "pixelsToUnit": 100,
    "pivot": {
      "x": 0.5,
      "y": 0.5
    },
    "meshType": 0
  }
}