{
  "__type__": "cc.SpriteFrame",
  "content": {
    "name": "7_00003",
    "atlas": "",
    "rect": {
      "x": 3,
      "y": 7,
      "width": 142,
      "height": 142
    },
    "offset": {
      "x": -1,
      "y": -3
    },
    "originalSize": {
      "width": 150,
      "height": 150
    },
    "rotated": false,
    "capInsets": [
      0,
      0,
      0,
      0
    ],
    "vertices": {
      "rawPosition": [
        -71,
        -71,
        0,
        71,
        -71,
        0,
        -71,
        71,
        0,
        71,
        71,
        0
      ],
      "indexes": [
        0,
        1,
        2,
        2,
        1,
        3
      ],
      "uv": [
        3,
        143,
        145,
        143,
        3,
        1,
        145,
        1
      ],
      "nuv": [
        0.02,
        0.006666666666666667,
        0.9666666666666667,
        0.006666666666666667,
        0.02,
        0.9533333333333334,
        0.9666666666666667,
        0.9533333333333334
      ],
      "minPos": {
        "x": -71,
        "y": -71,
        "z": 0
      },
      "maxPos": {
        "x": 71,
        "y": 71,
        "z": 0
      }
    },
    "texture": "31271223-806f-40dc-952f-74152bfae40c@6c48a",
    "packable": true,
    "pixelsToUnit": 100,
    "pivot": {
      "x": 0.5,
      "y": 0.5
    },
    "meshType": 0
  }
}