{
  "__type__": "cc.SpriteFrame",
  "content": {
    "name": "monster29_07",
    "atlas": "",
    "rect": {
      "x": 11,
      "y": 52,
      "width": 200,
      "height": 91
    },
    "offset": {
      "x": -17,
      "y": -25
    },
    "originalSize": {
      "width": 256,
      "height": 145
    },
    "rotated": false,
    "capInsets": [
      0,
      0,
      0,
      0
    ],
    "vertices": {
      "rawPosition": [
        -100,
        -45.5,
        0,
        100,
        -45.5,
        0,
        -100,
        45.5,
        0,
        100,
        45.5,
        0
      ],
      "indexes": [
        0,
        1,
        2,
        2,
        1,
        3
      ],
      "uv": [
        11,
        93,
        211,
        93,
        11,
        2,
        211,
        2
      ],
      "nuv": [
        0.04296875,
        0.013793103448275862,
        0.82421875,
        0.013793103448275862,
        0.04296875,
        0.6413793103448275,
        0.82421875,
        0.6413793103448275
      ],
      "minPos": {
        "x": -100,
        "y": -45.5,
        "z": 0
      },
      "maxPos": {
        "x": 100,
        "y": 45.5,
        "z": 0
      }
    },
    "texture": "9260641a-9be6-4f37-bc4e-6b18d3d6d49f@6c48a",
    "packable": true,
    "pixelsToUnit": 100,
    "pivot": {
      "x": 0.5,
      "y": 0.5
    },
    "meshType": 0
  }
}