{
  "__type__": "cc.SpriteFrame",
  "content": {
    "name": "obstacle9_1",
    "atlas": "",
    "rect": {
      "x": 0,
      "y": 34,
      "width": 134,
      "height": 227
    },
    "offset": {
      "x": -0.5,
      "y": -16.5
    },
    "originalSize": {
      "width": 135,
      "height": 262
    },
    "rotated": false,
    "capInsets": [
      0,
      0,
      0,
      0
    ],
    "vertices": {
      "rawPosition": [
        -67,
        -113.5,
        0,
        67,
        -113.5,
        0,
        -67,
        113.5,
        0,
        67,
        113.5,
        0
      ],
      "indexes": [
        0,
        1,
        2,
        2,
        1,
        3
      ],
      "uv": [
        0,
        228,
        134,
        228,
        0,
        1,
        134,
        1
      ],
      "nuv": [
        0,
        0.003816793893129771,
        0.9925925925925926,
        0.003816793893129771,
        0,
        0.8702290076335878,
        0.9925925925925926,
        0.8702290076335878
      ],
      "minPos": {
        "x": -67,
        "y": -113.5,
        "z": 0
      },
      "maxPos": {
        "x": 67,
        "y": 113.5,
        "z": 0
      }
    },
    "texture": "92a20f13-9c5a-4136-b04b-4e6a00a54c71@6c48a",
    "packable": true,
    "pixelsToUnit": 100,
    "pivot": {
      "x": 0.5,
      "y": 0.5
    },
    "meshType": 0
  }
}