{
  "__type__": "cc.SpriteFrame",
  "content": {
    "name": "monster29_04",
    "atlas": "",
    "rect": {
      "x": 24,
      "y": 6,
      "width": 170,
      "height": 138
    },
    "offset": {
      "x": -19,
      "y": -2.5
    },
    "originalSize": {
      "width": 256,
      "height": 145
    },
    "rotated": false,
    "capInsets": [
      0,
      0,
      0,
      0
    ],
    "vertices": {
      "rawPosition": [
        -85,
        -69,
        0,
        85,
        -69,
        0,
        -85,
        69,
        0,
        85,
        69,
        0
      ],
      "indexes": [
        0,
        1,
        2,
        2,
        1,
        3
      ],
      "uv": [
        24,
        139,
        194,
        139,
        24,
        1,
        194,
        1
      ],
      "nuv": [
        0.09375,
        0.006896551724137931,
        0.7578125,
        0.006896551724137931,
        0.09375,
        0.9586206896551724,
        0.7578125,
        0.9586206896551724
      ],
      "minPos": {
        "x": -85,
        "y": -69,
        "z": 0
      },
      "maxPos": {
        "x": 85,
        "y": 69,
        "z": 0
      }
    },
    "texture": "134f5e1a-12f9-4aa5-9a14-ee0c93767fbc@6c48a",
    "packable": true,
    "pixelsToUnit": 100,
    "pivot": {
      "x": 0.5,
      "y": 0.5
    },
    "meshType": 0
  }
}