{
  "__type__": "cc.SpriteFrame",
  "content": {
    "name": "13_00005",
    "atlas": "",
    "rect": {
      "x": 4,
      "y": 14,
      "width": 122,
      "height": 174
    },
    "offset": {
      "x": -10,
      "y": -1
    },
    "originalSize": {
      "width": 150,
      "height": 200
    },
    "rotated": false,
    "capInsets": [
      0,
      0,
      0,
      0
    ],
    "vertices": {
      "rawPosition": [
        -61,
        -87,
        0,
        61,
        -87,
        0,
        -61,
        87,
        0,
        61,
        87,
        0
      ],
      "indexes": [
        0,
        1,
        2,
        2,
        1,
        3
      ],
      "uv": [
        4,
        186,
        126,
        186,
        4,
        12,
        126,
        12
      ],
      "nuv": [
        0.02666666666666667,
        0.06,
        0.84,
        0.06,
        0.02666666666666667,
        0.93,
        0.84,
        0.93
      ],
      "minPos": {
        "x": -61,
        "y": -87,
        "z": 0
      },
      "maxPos": {
        "x": 61,
        "y": 87,
        "z": 0
      }
    },
    "texture": "1392d619-7c9f-4871-a530-1bf779385564@6c48a",
    "packable": true,
    "pixelsToUnit": 100,
    "pivot": {
      "x": 0.5,
      "y": 0.5
    },
    "meshType": 0
  }
}