{
  "__type__": "cc.SpriteFrame",
  "content": {
    "name": "monster29_02",
    "atlas": "",
    "rect": {
      "x": 19,
      "y": 16,
      "width": 212,
      "height": 128
    },
    "offset": {
      "x": -3,
      "y": -7.5
    },
    "originalSize": {
      "width": 256,
      "height": 145
    },
    "rotated": false,
    "capInsets": [
      0,
      0,
      0,
      0
    ],
    "vertices": {
      "rawPosition": [
        -106,
        -64,
        0,
        106,
        -64,
        0,
        -106,
        64,
        0,
        106,
        64,
        0
      ],
      "indexes": [
        0,
        1,
        2,
        2,
        1,
        3
      ],
      "uv": [
        19,
        129,
        231,
        129,
        19,
        1,
        231,
        1
      ],
      "nuv": [
        0.07421875,
        0.006896551724137931,
        0.90234375,
        0.006896551724137931,
        0.07421875,
        0.8896551724137931,
        0.90234375,
        0.8896551724137931
      ],
      "minPos": {
        "x": -106,
        "y": -64,
        "z": 0
      },
      "maxPos": {
        "x": 106,
        "y": 64,
        "z": 0
      }
    },
    "texture": "a4b5a50b-0c1f-43cd-946c-4ef1171d66c4@6c48a",
    "packable": true,
    "pixelsToUnit": 100,
    "pivot": {
      "x": 0.5,
      "y": 0.5
    },
    "meshType": 0
  }
}