{
  "__type__": "cc.SpriteFrame",
  "content": {
    "name": "21_00001",
    "atlas": "",
    "rect": {
      "x": 20,
      "y": 1,
      "width": 112,
      "height": 146
    },
    "offset": {
      "x": 1,
      "y": 1
    },
    "originalSize": {
      "width": 150,
      "height": 150
    },
    "rotated": false,
    "capInsets": [
      0,
      0,
      0,
      0
    ],
    "vertices": {
      "rawPosition": [
        -56,
        -73,
        0,
        56,
        -73,
        0,
        -56,
        73,
        0,
        56,
        73,
        0
      ],
      "indexes": [
        0,
        1,
        2,
        2,
        1,
        3
      ],
      "uv": [
        20,
        149,
        132,
        149,
        20,
        3,
        132,
        3
      ],
      "nuv": [
        0.13333333333333333,
        0.02,
        0.88,
        0.02,
        0.13333333333333333,
        0.9933333333333333,
        0.88,
        0.9933333333333333
      ],
      "minPos": {
        "x": -56,
        "y": -73,
        "z": 0
      },
      "maxPos": {
        "x": 56,
        "y": 73,
        "z": 0
      }
    },
    "texture": "a4b77cde-7006-427d-8e9c-cf96b426170c@6c48a",
    "packable": true,
    "pixelsToUnit": 100,
    "pivot": {
      "x": 0.5,
      "y": 0.5
    },
    "meshType": 0
  }
}