{
  "__type__": "cc.SpriteFrame",
  "content": {
    "name": "19_00008",
    "atlas": "",
    "rect": {
      "x": 2,
      "y": 7,
      "width": 112,
      "height": 141
    },
    "offset": {
      "x": -2,
      "y": -2.5
    },
    "originalSize": {
      "width": 120,
      "height": 150
    },
    "rotated": false,
    "capInsets": [
      0,
      0,
      0,
      0
    ],
    "vertices": {
      "rawPosition": [
        -56,
        -70.5,
        0,
        56,
        -70.5,
        0,
        -56,
        70.5,
        0,
        56,
        70.5,
        0
      ],
      "indexes": [
        0,
        1,
        2,
        2,
        1,
        3
      ],
      "uv": [
        2,
        143,
        114,
        143,
        2,
        2,
        114,
        2
      ],
      "nuv": [
        0.016666666666666666,
        0.013333333333333334,
        0.95,
        0.013333333333333334,
        0.016666666666666666,
        0.9533333333333334,
        0.95,
        0.9533333333333334
      ],
      "minPos": {
        "x": -56,
        "y": -70.5,
        "z": 0
      },
      "maxPos": {
        "x": 56,
        "y": 70.5,
        "z": 0
      }
    },
    "texture": "a4cd8705-8372-4794-88b6-13fd1ac0e691@6c48a",
    "packable": true,
    "pixelsToUnit": 100,
    "pivot": {
      "x": 0.5,
      "y": 0.5
    },
    "meshType": 0
  }
}