{
  "__type__": "cc.SpriteFrame",
  "content": {
    "name": "monster25_07",
    "atlas": "",
    "rect": {
      "x": 2,
      "y": 1,
      "width": 106,
      "height": 99
    },
    "offset": {
      "x": -1,
      "y": 0
    },
    "originalSize": {
      "width": 112,
      "height": 101
    },
    "rotated": false,
    "capInsets": [
      0,
      0,
      0,
      0
    ],
    "vertices": {
      "rawPosition": [
        -53,
        -49.5,
        0,
        53,
        -49.5,
        0,
        -53,
        49.5,
        0,
        53,
        49.5,
        0
      ],
      "indexes": [
        0,
        1,
        2,
        2,
        1,
        3
      ],
      "uv": [
        2,
        100,
        108,
        100,
        2,
        1,
        108,
        1
      ],
      "nuv": [
        0.017857142857142856,
        0.009900990099009901,
        0.9642857142857143,
        0.009900990099009901,
        0.017857142857142856,
        0.9900990099009901,
        0.9642857142857143,
        0.9900990099009901
      ],
      "minPos": {
        "x": -53,
        "y": -49.5,
        "z": 0
      },
      "maxPos": {
        "x": 53,
        "y": 49.5,
        "z": 0
      }
    },
    "texture": "a4dd7d40-ec28-4c91-bf63-03fdaaf8f717@6c48a",
    "packable": true,
    "pixelsToUnit": 100,
    "pivot": {
      "x": 0.5,
      "y": 0.5
    },
    "meshType": 0
  }
}