{
  "__type__": "cc.SpriteFrame",
  "content": {
    "name": "training",
    "atlas": "",
    "rect": {
      "x": 1,
      "y": 6,
      "width": 736,
      "height": 761
    },
    "offset": {
      "x": -6,
      "y": -0.5
    },
    "originalSize": {
      "width": 750,
      "height": 772
    },
    "rotated": false,
    "capInsets": [
      0,
      0,
      0,
      0
    ],
    "vertices": {
      "rawPosition": [
        -368,
        -380.5,
        0,
        368,
        -380.5,
        0,
        -368,
        380.5,
        0,
        368,
        380.5,
        0
      ],
      "indexes": [
        0,
        1,
        2,
        2,
        1,
        3
      ],
      "uv": [
        1,
        766,
        737,
        766,
        1,
        5,
        737,
        5
      ],
      "nuv": [
        0.0013333333333333333,
        0.006476683937823834,
        0.9826666666666667,
        0.006476683937823834,
        0.0013333333333333333,
        0.9922279792746114,
        0.9826666666666667,
        0.9922279792746114
      ],
      "minPos": {
        "x": -368,
        "y": -380.5,
        "z": 0
      },
      "maxPos": {
        "x": 368,
        "y": 380.5,
        "z": 0
      }
    },
    "texture": "f393285b-0d28-4267-bd26-06968e3f2bf6@6c48a",
    "packable": true,
    "pixelsToUnit": 100,
    "pivot": {
      "x": 0.5,
      "y": 0.5
    },
    "meshType": 0
  }
}