{
  "__type__": "cc.SpriteFrame",
  "content": {
    "name": "monster27_04",
    "atlas": "",
    "rect": {
      "x": 1,
      "y": 3,
      "width": 121,
      "height": 99
    },
    "offset": {
      "x": 0,
      "y": -1
    },
    "originalSize": {
      "width": 123,
      "height": 103
    },
    "rotated": false,
    "capInsets": [
      0,
      0,
      0,
      0
    ],
    "vertices": {
      "rawPosition": [
        -60.5,
        -49.5,
        0,
        60.5,
        -49.5,
        0,
        -60.5,
        49.5,
        0,
        60.5,
        49.5,
        0
      ],
      "indexes": [
        0,
        1,
        2,
        2,
        1,
        3
      ],
      "uv": [
        1,
        100,
        122,
        100,
        1,
        1,
        122,
        1
      ],
      "nuv": [
        0.008130081300813009,
        0.009708737864077669,
        0.991869918699187,
        0.009708737864077669,
        0.008130081300813009,
        0.970873786407767,
        0.991869918699187,
        0.970873786407767
      ],
      "minPos": {
        "x": -60.5,
        "y": -49.5,
        "z": 0
      },
      "maxPos": {
        "x": 60.5,
        "y": 49.5,
        "z": 0
      }
    },
    "texture": "9c7e06a2-4fb9-47d6-8a71-74e7fd14461c@6c48a",
    "packable": true,
    "pixelsToUnit": 100,
    "pivot": {
      "x": 0.5,
      "y": 0.5
    },
    "meshType": 0
  }
}