{
  "__type__": "cc.SpriteFrame",
  "content": {
    "name": "monster27_11",
    "atlas": "",
    "rect": {
      "x": 2,
      "y": 3,
      "width": 119,
      "height": 98
    },
    "offset": {
      "x": 0,
      "y": -0.5
    },
    "originalSize": {
      "width": 123,
      "height": 103
    },
    "rotated": false,
    "capInsets": [
      0,
      0,
      0,
      0
    ],
    "vertices": {
      "rawPosition": [
        -59.5,
        -49,
        0,
        59.5,
        -49,
        0,
        -59.5,
        49,
        0,
        59.5,
        49,
        0
      ],
      "indexes": [
        0,
        1,
        2,
        2,
        1,
        3
      ],
      "uv": [
        2,
        100,
        121,
        100,
        2,
        2,
        121,
        2
      ],
      "nuv": [
        0.016260162601626018,
        0.019417475728155338,
        0.983739837398374,
        0.019417475728155338,
        0.016260162601626018,
        0.970873786407767,
        0.983739837398374,
        0.970873786407767
      ],
      "minPos": {
        "x": -59.5,
        "y": -49,
        "z": 0
      },
      "maxPos": {
        "x": 59.5,
        "y": 49,
        "z": 0
      }
    },
    "texture": "9cc21667-d247-40e9-a199-b289d165b067@6c48a",
    "packable": true,
    "pixelsToUnit": 100,
    "pivot": {
      "x": 0.5,
      "y": 0.5
    },
    "meshType": 0
  }
}