{
  "__type__": "cc.SpriteFrame",
  "content": {
    "name": "doomsdayStorm_00006",
    "atlas": "",
    "rect": {
      "x": 28,
      "y": 7,
      "width": 96,
      "height": 94
    },
    "offset": {
      "x": 1,
      "y": -0.5
    },
    "originalSize": {
      "width": 150,
      "height": 107
    },
    "rotated": false,
    "capInsets": [
      0,
      0,
      0,
      0
    ],
    "vertices": {
      "rawPosition": [
        -48,
        -47,
        0,
        48,
        -47,
        0,
        -48,
        47,
        0,
        48,
        47,
        0
      ],
      "indexes": [
        0,
        1,
        2,
        2,
        1,
        3
      ],
      "uv": [
        28,
        100,
        124,
        100,
        28,
        6,
        124,
        6
      ],
      "nuv": [
        0.18666666666666668,
        0.056074766355140186,
        0.8266666666666667,
        0.056074766355140186,
        0.18666666666666668,
        0.9345794392523364,
        0.8266666666666667,
        0.9345794392523364
      ],
      "minPos": {
        "x": -48,
        "y": -47,
        "z": 0
      },
      "maxPos": {
        "x": 48,
        "y": 47,
        "z": 0
      }
    },
    "texture": "9cde7a1d-c4fb-4bc4-b13a-6d1776d4af1f@6c48a",
    "packable": true,
    "pixelsToUnit": 100,
    "pivot": {
      "x": 0.5,
      "y": 0.5
    },
    "meshType": 0
  }
}