{
  "__type__": "cc.SpriteFrame",
  "content": {
    "name": "darkMask_011",
    "atlas": "",
    "rect": {
      "x": 3,
      "y": 20,
      "width": 306,
      "height": 272
    },
    "offset": {
      "x": 0,
      "y": -9
    },
    "originalSize": {
      "width": 312,
      "height": 294
    },
    "rotated": false,
    "capInsets": [
      0,
      0,
      0,
      0
    ],
    "vertices": {
      "rawPosition": [
        -153,
        -136,
        0,
        153,
        -136,
        0,
        -153,
        136,
        0,
        153,
        136,
        0
      ],
      "indexes": [
        0,
        1,
        2,
        2,
        1,
        3
      ],
      "uv": [
        3,
        274,
        309,
        274,
        3,
        2,
        309,
        2
      ],
      "nuv": [
        0.009615384615384616,
        0.006802721088435374,
        0.9903846153846154,
        0.006802721088435374,
        0.009615384615384616,
        0.9319727891156463,
        0.9903846153846154,
        0.9319727891156463
      ],
      "minPos": {
        "x": -153,
        "y": -136,
        "z": 0
      },
      "maxPos": {
        "x": 153,
        "y": 136,
        "z": 0
      }
    },
    "texture": "9ceb5421-2833-48ca-b26c-0f8e38b2d7d0@6c48a",
    "packable": true,
    "pixelsToUnit": 100,
    "pivot": {
      "x": 0.5,
      "y": 0.5
    },
    "meshType": 0
  }
}