{
  "__type__": "cc.SpriteFrame",
  "content": {
    "name": "monster33_11",
    "atlas": "",
    "rect": {
      "x": 10,
      "y": 0,
      "width": 105,
      "height": 128
    },
    "offset": {
      "x": 2.5,
      "y": 0
    },
    "originalSize": {
      "width": 120,
      "height": 128
    },
    "rotated": false,
    "capInsets": [
      0,
      0,
      0,
      0
    ],
    "vertices": {
      "rawPosition": [
        -52.5,
        -64,
        0,
        52.5,
        -64,
        0,
        -52.5,
        64,
        0,
        52.5,
        64,
        0
      ],
      "indexes": [
        0,
        1,
        2,
        2,
        1,
        3
      ],
      "uv": [
        10,
        128,
        115,
        128,
        10,
        0,
        115,
        0
      ],
      "nuv": [
        0.08333333333333333,
        0,
        0.9583333333333334,
        0,
        0.08333333333333333,
        1,
        0.9583333333333334,
        1
      ],
      "minPos": {
        "x": -52.5,
        "y": -64,
        "z": 0
      },
      "maxPos": {
        "x": 52.5,
        "y": 64,
        "z": 0
      }
    },
    "texture": "5c292649-ed5e-4608-b77f-be05e090edde@6c48a",
    "packable": true,
    "pixelsToUnit": 100,
    "pivot": {
      "x": 0.5,
      "y": 0.5
    },
    "meshType": 0
  }
}