{
  "__type__": "cc.SpriteFrame",
  "content": {
    "name": "monster19_16",
    "atlas": "",
    "rect": {
      "x": 2,
      "y": 3,
      "width": 213,
      "height": 128
    },
    "offset": {
      "x": 0.5,
      "y": 0.5
    },
    "originalSize": {
      "width": 216,
      "height": 135
    },
    "rotated": false,
    "capInsets": [
      0,
      0,
      0,
      0
    ],
    "vertices": {
      "rawPosition": [
        -106.5,
        -64,
        0,
        106.5,
        -64,
        0,
        -106.5,
        64,
        0,
        106.5,
        64,
        0
      ],
      "indexes": [
        0,
        1,
        2,
        2,
        1,
        3
      ],
      "uv": [
        2,
        132,
        215,
        132,
        2,
        4,
        215,
        4
      ],
      "nuv": [
        0.009259259259259259,
        0.02962962962962963,
        0.9953703703703703,
        0.02962962962962963,
        0.009259259259259259,
        0.9777777777777777,
        0.9953703703703703,
        0.9777777777777777
      ],
      "minPos": {
        "x": -106.5,
        "y": -64,
        "z": 0
      },
      "maxPos": {
        "x": 106.5,
        "y": 64,
        "z": 0
      }
    },
    "texture": "5ce0efb4-30d4-4690-ad0c-061f6fcaafbc@6c48a",
    "packable": true,
    "pixelsToUnit": 100,
    "pivot": {
      "x": 0.5,
      "y": 0.5
    },
    "meshType": 0
  }
}