{
  "__type__": "cc.SpriteFrame",
  "content": {
    "name": "hellFire_001",
    "atlas": "",
    "rect": {
      "x": 9,
      "y": 53,
      "width": 190,
      "height": 249
    },
    "offset": {
      "x": 2,
      "y": -23.5
    },
    "originalSize": {
      "width": 204,
      "height": 308
    },
    "rotated": false,
    "capInsets": [
      0,
      0,
      0,
      0
    ],
    "vertices": {
      "rawPosition": [
        -95,
        -124.5,
        0,
        95,
        -124.5,
        0,
        -95,
        124.5,
        0,
        95,
        124.5,
        0
      ],
      "indexes": [
        0,
        1,
        2,
        2,
        1,
        3
      ],
      "uv": [
        9,
        255,
        199,
        255,
        9,
        6,
        199,
        6
      ],
      "nuv": [
        0.04411764705882353,
        0.01948051948051948,
        0.9754901960784313,
        0.01948051948051948,
        0.04411764705882353,
        0.827922077922078,
        0.9754901960784313,
        0.827922077922078
      ],
      "minPos": {
        "x": -95,
        "y": -124.5,
        "z": 0
      },
      "maxPos": {
        "x": 95,
        "y": 124.5,
        "z": 0
      }
    },
    "texture": "a207c493-3777-4723-a6a8-0b11b8f9a92e@6c48a",
    "packable": true,
    "pixelsToUnit": 100,
    "pivot": {
      "x": 0.5,
      "y": 0.5
    },
    "meshType": 0
  }
}