{
  "__type__": "cc.SpriteFrame",
  "content": {
    "name": "darkMask_04",
    "atlas": "",
    "rect": {
      "x": 1,
      "y": 3,
      "width": 394,
      "height": 290
    },
    "offset": {
      "x": 0,
      "y": 3
    },
    "originalSize": {
      "width": 396,
      "height": 302
    },
    "rotated": false,
    "capInsets": [
      0,
      0,
      0,
      0
    ],
    "vertices": {
      "rawPosition": [
        -197,
        -145,
        0,
        197,
        -145,
        0,
        -197,
        145,
        0,
        197,
        145,
        0
      ],
      "indexes": [
        0,
        1,
        2,
        2,
        1,
        3
      ],
      "uv": [
        1,
        299,
        395,
        299,
        1,
        9,
        395,
        9
      ],
      "nuv": [
        0.0025252525252525255,
        0.029801324503311258,
        0.9974747474747475,
        0.029801324503311258,
        0.0025252525252525255,
        0.9900662251655629,
        0.9974747474747475,
        0.9900662251655629
      ],
      "minPos": {
        "x": -197,
        "y": -145,
        "z": 0
      },
      "maxPos": {
        "x": 197,
        "y": 145,
        "z": 0
      }
    },
    "texture": "a25b90e5-9a1a-46c2-a5e0-7a4f2e98a46b@6c48a",
    "packable": true,
    "pixelsToUnit": 100,
    "pivot": {
      "x": 0.5,
      "y": 0.5
    },
    "meshType": 0
  }
}