{
  "__type__": "cc.SpriteFrame",
  "content": {
    "name": "monster14_02",
    "atlas": "",
    "rect": {
      "x": 1,
      "y": 37,
      "width": 126,
      "height": 79
    },
    "offset": {
      "x": 0,
      "y": -13.5
    },
    "originalSize": {
      "width": 128,
      "height": 126
    },
    "rotated": false,
    "capInsets": [
      0,
      0,
      0,
      0
    ],
    "vertices": {
      "rawPosition": [
        -63,
        -39.5,
        0,
        63,
        -39.5,
        0,
        -63,
        39.5,
        0,
        63,
        39.5,
        0
      ],
      "indexes": [
        0,
        1,
        2,
        2,
        1,
        3
      ],
      "uv": [
        1,
        89,
        127,
        89,
        1,
        10,
        127,
        10
      ],
      "nuv": [
        0.0078125,
        0.07936507936507936,
        0.9921875,
        0.07936507936507936,
        0.0078125,
        0.7063492063492064,
        0.9921875,
        0.7063492063492064
      ],
      "minPos": {
        "x": -63,
        "y": -39.5,
        "z": 0
      },
      "maxPos": {
        "x": 63,
        "y": 39.5,
        "z": 0
      }
    },
    "texture": "a2b11a8d-7237-4e93-8970-ee849f85227e@6c48a",
    "packable": true,
    "pixelsToUnit": 100,
    "pivot": {
      "x": 0.5,
      "y": 0.5
    },
    "meshType": 0
  }
}