{
  "__type__": "cc.SpriteFrame",
  "content": {
    "name": "10_00002",
    "atlas": "",
    "rect": {
      "x": 17,
      "y": 7,
      "width": 150,
      "height": 114
    },
    "offset": {
      "x": 2,
      "y": 1
    },
    "originalSize": {
      "width": 180,
      "height": 130
    },
    "rotated": false,
    "capInsets": [
      0,
      0,
      0,
      0
    ],
    "vertices": {
      "rawPosition": [
        -75,
        -57,
        0,
        75,
        -57,
        0,
        -75,
        57,
        0,
        75,
        57,
        0
      ],
      "indexes": [
        0,
        1,
        2,
        2,
        1,
        3
      ],
      "uv": [
        17,
        123,
        167,
        123,
        17,
        9,
        167,
        9
      ],
      "nuv": [
        0.09444444444444444,
        0.06923076923076923,
        0.9277777777777778,
        0.06923076923076923,
        0.09444444444444444,
        0.9461538461538461,
        0.9277777777777778,
        0.9461538461538461
      ],
      "minPos": {
        "x": -75,
        "y": -57,
        "z": 0
      },
      "maxPos": {
        "x": 75,
        "y": 57,
        "z": 0
      }
    },
    "texture": "a2e66dcd-79ad-4342-9420-320fb680d44e@6c48a",
    "packable": true,
    "pixelsToUnit": 100,
    "pivot": {
      "x": 0.5,
      "y": 0.5
    },
    "meshType": 0
  }
}