{
  "__type__": "cc.SpriteFrame",
  "content": {
    "name": "thundercloud_0006",
    "atlas": "",
    "rect": {
      "x": 0,
      "y": 3,
      "width": 233,
      "height": 239
    },
    "offset": {
      "x": -0.5,
      "y": -1.5
    },
    "originalSize": {
      "width": 234,
      "height": 242
    },
    "rotated": false,
    "capInsets": [
      0,
      0,
      0,
      0
    ],
    "vertices": {
      "rawPosition": [
        -116.5,
        -119.5,
        0,
        116.5,
        -119.5,
        0,
        -116.5,
        119.5,
        0,
        116.5,
        119.5,
        0
      ],
      "indexes": [
        0,
        1,
        2,
        2,
        1,
        3
      ],
      "uv": [
        0,
        239,
        233,
        239,
        0,
        0,
        233,
        0
      ],
      "nuv": [
        0,
        0,
        0.9957264957264957,
        0,
        0,
        0.987603305785124,
        0.9957264957264957,
        0.987603305785124
      ],
      "minPos": {
        "x": -116.5,
        "y": -119.5,
        "z": 0
      },
      "maxPos": {
        "x": 116.5,
        "y": 119.5,
        "z": 0
      }
    },
    "texture": "a2f424c0-5a46-436d-b5e8-db918090e124@6c48a",
    "packable": true,
    "pixelsToUnit": 100,
    "pivot": {
      "x": 0.5,
      "y": 0.5
    },
    "meshType": 0
  }
}