{
  "__type__": "cc.SpriteFrame",
  "content": {
    "name": "20_00001",
    "atlas": "",
    "rect": {
      "x": 5,
      "y": 22,
      "width": 61,
      "height": 82
    },
    "offset": {
      "x": 0.5,
      "y": -3
    },
    "originalSize": {
      "width": 70,
      "height": 120
    },
    "rotated": false,
    "capInsets": [
      0,
      0,
      0,
      0
    ],
    "vertices": {
      "rawPosition": [
        -30.5,
        -41,
        0,
        30.5,
        -41,
        0,
        -30.5,
        41,
        0,
        30.5,
        41,
        0
      ],
      "indexes": [
        0,
        1,
        2,
        2,
        1,
        3
      ],
      "uv": [
        5,
        98,
        66,
        98,
        5,
        16,
        66,
        16
      ],
      "nuv": [
        0.07142857142857142,
        0.13333333333333333,
        0.9428571428571428,
        0.13333333333333333,
        0.07142857142857142,
        0.8166666666666667,
        0.9428571428571428,
        0.8166666666666667
      ],
      "minPos": {
        "x": -30.5,
        "y": -41,
        "z": 0
      },
      "maxPos": {
        "x": 30.5,
        "y": 41,
        "z": 0
      }
    },
    "texture": "86e78a1d-1e4b-40ac-8d88-e4b9de7ef922@6c48a",
    "packable": true,
    "pixelsToUnit": 100,
    "pivot": {
      "x": 0.5,
      "y": 0.5
    },
    "meshType": 0
  }
}