{
  "__type__": "cc.SpriteFrame",
  "content": {
    "name": "mainMenuBtn4_down",
    "atlas": "",
    "rect": {
      "x": 6,
      "y": 1,
      "width": 152,
      "height": 146
    },
    "offset": {
      "x": 0,
      "y": 0.5
    },
    "originalSize": {
      "width": 164,
      "height": 149
    },
    "rotated": false,
    "capInsets": [
      0,
      0,
      0,
      0
    ],
    "vertices": {
      "rawPosition": [
        -76,
        -73,
        0,
        76,
        -73,
        0,
        -76,
        73,
        0,
        76,
        73,
        0
      ],
      "indexes": [
        0,
        1,
        2,
        2,
        1,
        3
      ],
      "uv": [
        6,
        148,
        158,
        148,
        6,
        2,
        158,
        2
      ],
      "nuv": [
        0.036585365853658534,
        0.013422818791946308,
        0.9634146341463414,
        0.013422818791946308,
        0.036585365853658534,
        0.9932885906040269,
        0.9634146341463414,
        0.9932885906040269
      ],
      "minPos": {
        "x": -76,
        "y": -73,
        "z": 0
      },
      "maxPos": {
        "x": 76,
        "y": 73,
        "z": 0
      }
    },
    "texture": "86f5a05a-a49e-4fa9-81b0-cb42c7f536b3@6c48a",
    "packable": true,
    "pixelsToUnit": 100,
    "pivot": {
      "x": 0.5,
      "y": 0.5
    },
    "meshType": 0
  }
}