{
  "__type__": "cc.SpriteFrame",
  "content": {
    "name": "doomsdayStorm_00009",
    "atlas": "",
    "rect": {
      "x": 5,
      "y": 7,
      "width": 129,
      "height": 96
    },
    "offset": {
      "x": -5.5,
      "y": -1.5
    },
    "originalSize": {
      "width": 150,
      "height": 107
    },
    "rotated": false,
    "capInsets": [
      0,
      0,
      0,
      0
    ],
    "vertices": {
      "rawPosition": [
        -64.5,
        -48,
        0,
        64.5,
        -48,
        0,
        -64.5,
        48,
        0,
        64.5,
        48,
        0
      ],
      "indexes": [
        0,
        1,
        2,
        2,
        1,
        3
      ],
      "uv": [
        5,
        100,
        134,
        100,
        5,
        4,
        134,
        4
      ],
      "nuv": [
        0.03333333333333333,
        0.037383177570093455,
        0.8933333333333333,
        0.037383177570093455,
        0.03333333333333333,
        0.9345794392523364,
        0.8933333333333333,
        0.9345794392523364
      ],
      "minPos": {
        "x": -64.5,
        "y": -48,
        "z": 0
      },
      "maxPos": {
        "x": 64.5,
        "y": 48,
        "z": 0
      }
    },
    "texture": "98377bb5-54b4-4e74-9e6d-3fa112ef28db@6c48a",
    "packable": true,
    "pixelsToUnit": 100,
    "pivot": {
      "x": 0.5,
      "y": 0.5
    },
    "meshType": 0
  }
}