{
  "__type__": "cc.SpriteFrame",
  "content": {
    "name": "monster19_11",
    "atlas": "",
    "rect": {
      "x": 3,
      "y": 10,
      "width": 209,
      "height": 124
    },
    "offset": {
      "x": -0.5,
      "y": -4.5
    },
    "originalSize": {
      "width": 216,
      "height": 135
    },
    "rotated": false,
    "capInsets": [
      0,
      0,
      0,
      0
    ],
    "vertices": {
      "rawPosition": [
        -104.5,
        -62,
        0,
        104.5,
        -62,
        0,
        -104.5,
        62,
        0,
        104.5,
        62,
        0
      ],
      "indexes": [
        0,
        1,
        2,
        2,
        1,
        3
      ],
      "uv": [
        3,
        125,
        212,
        125,
        3,
        1,
        212,
        1
      ],
      "nuv": [
        0.013888888888888888,
        0.007407407407407408,
        0.9814814814814815,
        0.007407407407407408,
        0.013888888888888888,
        0.9259259259259259,
        0.9814814814814815,
        0.9259259259259259
      ],
      "minPos": {
        "x": -104.5,
        "y": -62,
        "z": 0
      },
      "maxPos": {
        "x": 104.5,
        "y": 62,
        "z": 0
      }
    },
    "texture": "984cf9a9-d7e8-4214-8420-442483cd2387@6c48a",
    "packable": true,
    "pixelsToUnit": 100,
    "pivot": {
      "x": 0.5,
      "y": 0.5
    },
    "meshType": 0
  }
}