{
  "__type__": "cc.SpriteFrame",
  "content": {
    "name": "obstacle10_1",
    "atlas": "",
    "rect": {
      "x": 0,
      "y": 3,
      "width": 134,
      "height": 104
    },
    "offset": {
      "x": -0.5,
      "y": -1
    },
    "originalSize": {
      "width": 135,
      "height": 108
    },
    "rotated": false,
    "capInsets": [
      0,
      0,
      0,
      0
    ],
    "vertices": {
      "rawPosition": [
        -67,
        -52,
        0,
        67,
        -52,
        0,
        -67,
        52,
        0,
        67,
        52,
        0
      ],
      "indexes": [
        0,
        1,
        2,
        2,
        1,
        3
      ],
      "uv": [
        0,
        105,
        134,
        105,
        0,
        1,
        134,
        1
      ],
      "nuv": [
        0,
        0.009259259259259259,
        0.9925925925925926,
        0.009259259259259259,
        0,
        0.9722222222222222,
        0.9925925925925926,
        0.9722222222222222
      ],
      "minPos": {
        "x": -67,
        "y": -52,
        "z": 0
      },
      "maxPos": {
        "x": 67,
        "y": 52,
        "z": 0
      }
    },
    "texture": "9869b07f-bab5-4bf0-aae6-2e260dffd1b6@6c48a",
    "packable": true,
    "pixelsToUnit": 100,
    "pivot": {
      "x": 0.5,
      "y": 0.5
    },
    "meshType": 0
  }
}