{
  "__type__": "cc.SpriteFrame",
  "content": {
    "name": "21_00000",
    "atlas": "",
    "rect": {
      "x": 19,
      "y": 1,
      "width": 112,
      "height": 146
    },
    "offset": {
      "x": 0,
      "y": 1
    },
    "originalSize": {
      "width": 150,
      "height": 150
    },
    "rotated": false,
    "capInsets": [
      0,
      0,
      0,
      0
    ],
    "vertices": {
      "rawPosition": [
        -56,
        -73,
        0,
        56,
        -73,
        0,
        -56,
        73,
        0,
        56,
        73,
        0
      ],
      "indexes": [
        0,
        1,
        2,
        2,
        1,
        3
      ],
      "uv": [
        19,
        149,
        131,
        149,
        19,
        3,
        131,
        3
      ],
      "nuv": [
        0.12666666666666668,
        0.02,
        0.8733333333333333,
        0.02,
        0.12666666666666668,
        0.9933333333333333,
        0.8733333333333333,
        0.9933333333333333
      ],
      "minPos": {
        "x": -56,
        "y": -73,
        "z": 0
      },
      "maxPos": {
        "x": 56,
        "y": 73,
        "z": 0
      }
    },
    "texture": "064f1149-71be-4938-a38d-b0b0e8475086@6c48a",
    "packable": true,
    "pixelsToUnit": 100,
    "pivot": {
      "x": 0.5,
      "y": 0.5
    },
    "meshType": 0
  }
}