{
  "__type__": "cc.SpriteFrame",
  "content": {
    "name": "spiritBullet",
    "atlas": "",
    "rect": {
      "x": 1,
      "y": 0,
      "width": 29,
      "height": 30
    },
    "offset": {
      "x": 0,
      "y": 0.5
    },
    "originalSize": {
      "width": 31,
      "height": 31
    },
    "rotated": false,
    "capInsets": [
      0,
      0,
      0,
      0
    ],
    "vertices": {
      "rawPosition": [
        -14.5,
        -15,
        0,
        14.5,
        -15,
        0,
        -14.5,
        15,
        0,
        14.5,
        15,
        0
      ],
      "indexes": [
        0,
        1,
        2,
        2,
        1,
        3
      ],
      "uv": [
        1,
        31,
        30,
        31,
        1,
        1,
        30,
        1
      ],
      "nuv": [
        0.03225806451612903,
        0.03225806451612903,
        0.967741935483871,
        0.03225806451612903,
        0.03225806451612903,
        1,
        0.967741935483871,
        1
      ],
      "minPos": {
        "x": -14.5,
        "y": -15,
        "z": 0
      },
      "maxPos": {
        "x": 14.5,
        "y": 15,
        "z": 0
      }
    },
    "texture": "06647899-317f-4676-bb1a-27674214fed0@6c48a",
    "packable": true,
    "pixelsToUnit": 100,
    "pivot": {
      "x": 0.5,
      "y": 0.5
    },
    "meshType": 0
  }
}