{
  "__type__": "cc.SpriteFrame",
  "content": {
    "name": "11_00001",
    "atlas": "",
    "rect": {
      "x": 13,
      "y": 4,
      "width": 105,
      "height": 192
    },
    "offset": {
      "x": -4.5,
      "y": 0
    },
    "originalSize": {
      "width": 140,
      "height": 200
    },
    "rotated": false,
    "capInsets": [
      0,
      0,
      0,
      0
    ],
    "vertices": {
      "rawPosition": [
        -52.5,
        -96,
        0,
        52.5,
        -96,
        0,
        -52.5,
        96,
        0,
        52.5,
        96,
        0
      ],
      "indexes": [
        0,
        1,
        2,
        2,
        1,
        3
      ],
      "uv": [
        13,
        196,
        118,
        196,
        13,
        4,
        118,
        4
      ],
      "nuv": [
        0.09285714285714286,
        0.02,
        0.8428571428571429,
        0.02,
        0.09285714285714286,
        0.98,
        0.8428571428571429,
        0.98
      ],
      "minPos": {
        "x": -52.5,
        "y": -96,
        "z": 0
      },
      "maxPos": {
        "x": 52.5,
        "y": 96,
        "z": 0
      }
    },
    "texture": "06d13ad6-8251-4d0c-a55e-8cadf10e6fbe@6c48a",
    "packable": true,
    "pixelsToUnit": 100,
    "pivot": {
      "x": 0.5,
      "y": 0.5
    },
    "meshType": 0
  }
}