{
  "__type__": "cc.SpriteFrame",
  "content": {
    "name": "boss1_14",
    "atlas": "",
    "rect": {
      "x": 20,
      "y": 5,
      "width": 189,
      "height": 187
    },
    "offset": {
      "x": -9.5,
      "y": -1
    },
    "originalSize": {
      "width": 248,
      "height": 195
    },
    "rotated": false,
    "capInsets": [
      0,
      0,
      0,
      0
    ],
    "vertices": {
      "rawPosition": [
        -94.5,
        -93.5,
        0,
        94.5,
        -93.5,
        0,
        -94.5,
        93.5,
        0,
        94.5,
        93.5,
        0
      ],
      "indexes": [
        0,
        1,
        2,
        2,
        1,
        3
      ],
      "uv": [
        20,
        190,
        209,
        190,
        20,
        3,
        209,
        3
      ],
      "nuv": [
        0.08064516129032258,
        0.015384615384615385,
        0.842741935483871,
        0.015384615384615385,
        0.08064516129032258,
        0.9743589743589743,
        0.842741935483871,
        0.9743589743589743
      ],
      "minPos": {
        "x": -94.5,
        "y": -93.5,
        "z": 0
      },
      "maxPos": {
        "x": 94.5,
        "y": 93.5,
        "z": 0
      }
    },
    "texture": "06eb19fd-deac-41ff-876f-496c38edc772@6c48a",
    "packable": true,
    "pixelsToUnit": 100,
    "pivot": {
      "x": 0.5,
      "y": 0.5
    },
    "meshType": 0
  }
}