{
  "__type__": "cc.SpriteFrame",
  "content": {
    "name": "monster29_01",
    "atlas": "",
    "rect": {
      "x": 17,
      "y": 39,
      "width": 231,
      "height": 105
    },
    "offset": {
      "x": 4.5,
      "y": -19
    },
    "originalSize": {
      "width": 256,
      "height": 145
    },
    "rotated": false,
    "capInsets": [
      0,
      0,
      0,
      0
    ],
    "vertices": {
      "rawPosition": [
        -115.5,
        -52.5,
        0,
        115.5,
        -52.5,
        0,
        -115.5,
        52.5,
        0,
        115.5,
        52.5,
        0
      ],
      "indexes": [
        0,
        1,
        2,
        2,
        1,
        3
      ],
      "uv": [
        17,
        106,
        248,
        106,
        17,
        1,
        248,
        1
      ],
      "nuv": [
        0.06640625,
        0.006896551724137931,
        0.96875,
        0.006896551724137931,
        0.06640625,
        0.7310344827586207,
        0.96875,
        0.7310344827586207
      ],
      "minPos": {
        "x": -115.5,
        "y": -52.5,
        "z": 0
      },
      "maxPos": {
        "x": 115.5,
        "y": 52.5,
        "z": 0
      }
    },
    "texture": "12ab89c9-4602-4b79-a56b-5dadda6a97b9@6c48a",
    "packable": true,
    "pixelsToUnit": 100,
    "pivot": {
      "x": 0.5,
      "y": 0.5
    },
    "meshType": 0
  }
}