{
  "__type__": "cc.SpriteFrame",
  "content": {
    "name": "SBTips4",
    "atlas": "",
    "rect": {
      "x": 1,
      "y": 1,
      "width": 88,
      "height": 30
    },
    "offset": {
      "x": 0,
      "y": 0
    },
    "originalSize": {
      "width": 90,
      "height": 32
    },
    "rotated": false,
    "capInsets": [
      0,
      0,
      0,
      0
    ],
    "vertices": {
      "rawPosition": [
        -44,
        -15,
        0,
        44,
        -15,
        0,
        -44,
        15,
        0,
        44,
        15,
        0
      ],
      "indexes": [
        0,
        1,
        2,
        2,
        1,
        3
      ],
      "uv": [
        1,
        31,
        89,
        31,
        1,
        1,
        89,
        1
      ],
      "nuv": [
        0.011111111111111112,
        0.03125,
        0.9888888888888889,
        0.03125,
        0.011111111111111112,
        0.96875,
        0.9888888888888889,
        0.96875
      ],
      "minPos": {
        "x": -44,
        "y": -15,
        "z": 0
      },
      "maxPos": {
        "x": 44,
        "y": 15,
        "z": 0
      }
    },
    "texture": "8a4d2d53-c448-4389-ab0f-1e3f7061edb9@6c48a",
    "packable": true,
    "pixelsToUnit": 100,
    "pivot": {
      "x": 0.5,
      "y": 0.5
    },
    "meshType": 0
  }
}