{
  "__type__": "cc.SpriteFrame",
  "content": {
    "name": "9_00000",
    "atlas": "",
    "rect": {
      "x": 26,
      "y": 8,
      "width": 144,
      "height": 155
    },
    "offset": {
      "x": -2,
      "y": -0.5
    },
    "originalSize": {
      "width": 200,
      "height": 170
    },
    "rotated": false,
    "capInsets": [
      0,
      0,
      0,
      0
    ],
    "vertices": {
      "rawPosition": [
        -72,
        -77.5,
        0,
        72,
        -77.5,
        0,
        -72,
        77.5,
        0,
        72,
        77.5,
        0
      ],
      "indexes": [
        0,
        1,
        2,
        2,
        1,
        3
      ],
      "uv": [
        26,
        162,
        170,
        162,
        26,
        7,
        170,
        7
      ],
      "nuv": [
        0.13,
        0.041176470588235294,
        0.85,
        0.041176470588235294,
        0.13,
        0.9529411764705882,
        0.85,
        0.9529411764705882
      ],
      "minPos": {
        "x": -72,
        "y": -77.5,
        "z": 0
      },
      "maxPos": {
        "x": 72,
        "y": 77.5,
        "z": 0
      }
    },
    "texture": "8a5c06b7-666d-43d8-9287-1049f2b8bab6@6c48a",
    "packable": true,
    "pixelsToUnit": 100,
    "pivot": {
      "x": 0.5,
      "y": 0.5
    },
    "meshType": 0
  }
}