{
  "__type__": "cc.SpriteFrame",
  "content": {
    "name": "monster29_10",
    "atlas": "",
    "rect": {
      "x": 13,
      "y": 47,
      "width": 232,
      "height": 88
    },
    "offset": {
      "x": 1,
      "y": -18.5
    },
    "originalSize": {
      "width": 256,
      "height": 145
    },
    "rotated": false,
    "capInsets": [
      0,
      0,
      0,
      0
    ],
    "vertices": {
      "rawPosition": [
        -116,
        -44,
        0,
        116,
        -44,
        0,
        -116,
        44,
        0,
        116,
        44,
        0
      ],
      "indexes": [
        0,
        1,
        2,
        2,
        1,
        3
      ],
      "uv": [
        13,
        98,
        245,
        98,
        13,
        10,
        245,
        10
      ],
      "nuv": [
        0.05078125,
        0.06896551724137931,
        0.95703125,
        0.06896551724137931,
        0.05078125,
        0.6758620689655173,
        0.95703125,
        0.6758620689655173
      ],
      "minPos": {
        "x": -116,
        "y": -44,
        "z": 0
      },
      "maxPos": {
        "x": 116,
        "y": 44,
        "z": 0
      }
    },
    "texture": "8ae25f53-83a4-481e-a110-b1b93f903ebc@6c48a",
    "packable": true,
    "pixelsToUnit": 100,
    "pivot": {
      "x": 0.5,
      "y": 0.5
    },
    "meshType": 0
  }
}