{
  "__type__": "cc.SpriteFrame",
  "content": {
    "name": "15_00000",
    "atlas": "",
    "rect": {
      "x": 6,
      "y": 19,
      "width": 49,
      "height": 101
    },
    "offset": {
      "x": 0.5,
      "y": -4.5
    },
    "originalSize": {
      "width": 60,
      "height": 130
    },
    "rotated": false,
    "capInsets": [
      0,
      0,
      0,
      0
    ],
    "vertices": {
      "rawPosition": [
        -24.5,
        -50.5,
        0,
        24.5,
        -50.5,
        0,
        -24.5,
        50.5,
        0,
        24.5,
        50.5,
        0
      ],
      "indexes": [
        0,
        1,
        2,
        2,
        1,
        3
      ],
      "uv": [
        6,
        111,
        55,
        111,
        6,
        10,
        55,
        10
      ],
      "nuv": [
        0.1,
        0.07692307692307693,
        0.9166666666666666,
        0.07692307692307693,
        0.1,
        0.8538461538461538,
        0.9166666666666666,
        0.8538461538461538
      ],
      "minPos": {
        "x": -24.5,
        "y": -50.5,
        "z": 0
      },
      "maxPos": {
        "x": 24.5,
        "y": 50.5,
        "z": 0
      }
    },
    "texture": "908f7c6f-62f2-4c94-a7d4-80dcb60be192@6c48a",
    "packable": true,
    "pixelsToUnit": 100,
    "pivot": {
      "x": 0.5,
      "y": 0.5
    },
    "meshType": 0
  }
}