{
  "__type__": "cc.SpriteFrame",
  "content": {
    "name": "11_00005",
    "atlas": "",
    "rect": {
      "x": 25,
      "y": 9,
      "width": 103,
      "height": 185
    },
    "offset": {
      "x": 6.5,
      "y": -1.5
    },
    "originalSize": {
      "width": 140,
      "height": 200
    },
    "rotated": false,
    "capInsets": [
      0,
      0,
      0,
      0
    ],
    "vertices": {
      "rawPosition": [
        -51.5,
        -92.5,
        0,
        51.5,
        -92.5,
        0,
        -51.5,
        92.5,
        0,
        51.5,
        92.5,
        0
      ],
      "indexes": [
        0,
        1,
        2,
        2,
        1,
        3
      ],
      "uv": [
        25,
        191,
        128,
        191,
        25,
        6,
        128,
        6
      ],
      "nuv": [
        0.17857142857142858,
        0.03,
        0.9142857142857143,
        0.03,
        0.17857142857142858,
        0.955,
        0.9142857142857143,
        0.955
      ],
      "minPos": {
        "x": -51.5,
        "y": -92.5,
        "z": 0
      },
      "maxPos": {
        "x": 51.5,
        "y": 92.5,
        "z": 0
      }
    },
    "texture": "9093db7c-37a8-401a-a310-3fe5842ec295@6c48a",
    "packable": true,
    "pixelsToUnit": 100,
    "pivot": {
      "x": 0.5,
      "y": 0.5
    },
    "meshType": 0
  }
}