{
  "__type__": "cc.SpriteFrame",
  "content": {
    "name": "11_00000",
    "atlas": "",
    "rect": {
      "x": 11,
      "y": 3,
      "width": 106,
      "height": 193
    },
    "offset": {
      "x": -6,
      "y": 0.5
    },
    "originalSize": {
      "width": 140,
      "height": 200
    },
    "rotated": false,
    "capInsets": [
      0,
      0,
      0,
      0
    ],
    "vertices": {
      "rawPosition": [
        -53,
        -96.5,
        0,
        53,
        -96.5,
        0,
        -53,
        96.5,
        0,
        53,
        96.5,
        0
      ],
      "indexes": [
        0,
        1,
        2,
        2,
        1,
        3
      ],
      "uv": [
        11,
        197,
        117,
        197,
        11,
        4,
        117,
        4
      ],
      "nuv": [
        0.07857142857142857,
        0.02,
        0.8357142857142857,
        0.02,
        0.07857142857142857,
        0.985,
        0.8357142857142857,
        0.985
      ],
      "minPos": {
        "x": -53,
        "y": -96.5,
        "z": 0
      },
      "maxPos": {
        "x": 53,
        "y": 96.5,
        "z": 0
      }
    },
    "texture": "90c7dc03-7429-4d3a-b492-a5790eddb7f7@6c48a",
    "packable": true,
    "pixelsToUnit": 100,
    "pivot": {
      "x": 0.5,
      "y": 0.5
    },
    "meshType": 0
  }
}