{
  "__type__": "cc.SpriteFrame",
  "content": {
    "name": "doomsdayStorm_00011",
    "atlas": "",
    "rect": {
      "x": 3,
      "y": 5,
      "width": 134,
      "height": 102
    },
    "offset": {
      "x": -5,
      "y": -2.5
    },
    "originalSize": {
      "width": 150,
      "height": 107
    },
    "rotated": false,
    "capInsets": [
      0,
      0,
      0,
      0
    ],
    "vertices": {
      "rawPosition": [
        -67,
        -51,
        0,
        67,
        -51,
        0,
        -67,
        51,
        0,
        67,
        51,
        0
      ],
      "indexes": [
        0,
        1,
        2,
        2,
        1,
        3
      ],
      "uv": [
        3,
        102,
        137,
        102,
        3,
        0,
        137,
        0
      ],
      "nuv": [
        0.02,
        0,
        0.9133333333333333,
        0,
        0.02,
        0.9532710280373832,
        0.9133333333333333,
        0.9532710280373832
      ],
      "minPos": {
        "x": -67,
        "y": -51,
        "z": 0
      },
      "maxPos": {
        "x": 67,
        "y": 51,
        "z": 0
      }
    },
    "texture": "90d95d99-5a2c-4092-ab0e-e411c0c5154c@6c48a",
    "packable": true,
    "pixelsToUnit": 100,
    "pivot": {
      "x": 0.5,
      "y": 0.5
    },
    "meshType": 0
  }
}