{
  "__type__": "cc.SpriteFrame",
  "content": {
    "name": "yaodan4",
    "atlas": "",
    "rect": {
      "x": 0,
      "y": 4,
      "width": 110,
      "height": 108
    },
    "offset": {
      "x": -1,
      "y": -2
    },
    "originalSize": {
      "width": 112,
      "height": 112
    },
    "rotated": false,
    "capInsets": [
      0,
      0,
      0,
      0
    ],
    "vertices": {
      "rawPosition": [
        -55,
        -54,
        0,
        55,
        -54,
        0,
        -55,
        54,
        0,
        55,
        54,
        0
      ],
      "indexes": [
        0,
        1,
        2,
        2,
        1,
        3
      ],
      "uv": [
        0,
        108,
        110,
        108,
        0,
        0,
        110,
        0
      ],
      "nuv": [
        0,
        0,
        0.9821428571428571,
        0,
        0,
        0.9642857142857143,
        0.9821428571428571,
        0.9642857142857143
      ],
      "minPos": {
        "x": -55,
        "y": -54,
        "z": 0
      },
      "maxPos": {
        "x": 55,
        "y": 54,
        "z": 0
      }
    },
    "texture": "90f70f94-dc24-4517-be20-a7f15ee90985@6c48a",
    "packable": true,
    "pixelsToUnit": 100,
    "pivot": {
      "x": 0.5,
      "y": 0.5
    },
    "meshType": 0
  }
}