{
  "__type__": "cc.SpriteFrame",
  "content": {
    "name": "monster24-火_12",
    "atlas": "",
    "rect": {
      "x": 1,
      "y": 25,
      "width": 126,
      "height": 85
    },
    "offset": {
      "x": 0,
      "y": -11
    },
    "originalSize": {
      "width": 128,
      "height": 113
    },
    "rotated": false,
    "capInsets": [
      0,
      0,
      0,
      0
    ],
    "vertices": {
      "rawPosition": [
        -63,
        -42.5,
        0,
        63,
        -42.5,
        0,
        -63,
        42.5,
        0,
        63,
        42.5,
        0
      ],
      "indexes": [
        0,
        1,
        2,
        2,
        1,
        3
      ],
      "uv": [
        1,
        88,
        127,
        88,
        1,
        3,
        127,
        3
      ],
      "nuv": [
        0.0078125,
        0.02654867256637168,
        0.9921875,
        0.02654867256637168,
        0.0078125,
        0.7787610619469026,
        0.9921875,
        0.7787610619469026
      ],
      "minPos": {
        "x": -63,
        "y": -42.5,
        "z": 0
      },
      "maxPos": {
        "x": 63,
        "y": 42.5,
        "z": 0
      }
    },
    "texture": "d16762db-e089-4d20-a89b-4dc80b8cbac2@6c48a",
    "packable": true,
    "pixelsToUnit": 100,
    "pivot": {
      "x": 0.5,
      "y": 0.5
    },
    "meshType": 0
  }
}