{
  "__type__": "cc.SpriteFrame",
  "content": {
    "name": "monster24-火_09",
    "atlas": "",
    "rect": {
      "x": 13,
      "y": 17,
      "width": 102,
      "height": 95
    },
    "offset": {
      "x": 0,
      "y": -8
    },
    "originalSize": {
      "width": 128,
      "height": 113
    },
    "rotated": false,
    "capInsets": [
      0,
      0,
      0,
      0
    ],
    "vertices": {
      "rawPosition": [
        -51,
        -47.5,
        0,
        51,
        -47.5,
        0,
        -51,
        47.5,
        0,
        51,
        47.5,
        0
      ],
      "indexes": [
        0,
        1,
        2,
        2,
        1,
        3
      ],
      "uv": [
        13,
        96,
        115,
        96,
        13,
        1,
        115,
        1
      ],
      "nuv": [
        0.1015625,
        0.008849557522123894,
        0.8984375,
        0.008849557522123894,
        0.1015625,
        0.8495575221238938,
        0.8984375,
        0.8495575221238938
      ],
      "minPos": {
        "x": -51,
        "y": -47.5,
        "z": 0
      },
      "maxPos": {
        "x": 51,
        "y": 47.5,
        "z": 0
      }
    },
    "texture": "d1965ee2-a15f-4885-91a3-117c85ee1a56@6c48a",
    "packable": true,
    "pixelsToUnit": 100,
    "pivot": {
      "x": 0.5,
      "y": 0.5
    },
    "meshType": 0
  }
}