{
  "__type__": "cc.SpriteFrame",
  "content": {
    "name": "9_00001",
    "atlas": "",
    "rect": {
      "x": 25,
      "y": 8,
      "width": 147,
      "height": 155
    },
    "offset": {
      "x": -1.5,
      "y": -0.5
    },
    "originalSize": {
      "width": 200,
      "height": 170
    },
    "rotated": false,
    "capInsets": [
      0,
      0,
      0,
      0
    ],
    "vertices": {
      "rawPosition": [
        -73.5,
        -77.5,
        0,
        73.5,
        -77.5,
        0,
        -73.5,
        77.5,
        0,
        73.5,
        77.5,
        0
      ],
      "indexes": [
        0,
        1,
        2,
        2,
        1,
        3
      ],
      "uv": [
        25,
        162,
        172,
        162,
        25,
        7,
        172,
        7
      ],
      "nuv": [
        0.125,
        0.041176470588235294,
        0.86,
        0.041176470588235294,
        0.125,
        0.9529411764705882,
        0.86,
        0.9529411764705882
      ],
      "minPos": {
        "x": -73.5,
        "y": -77.5,
        "z": 0
      },
      "maxPos": {
        "x": 73.5,
        "y": 77.5,
        "z": 0
      }
    },
    "texture": "d19f1376-de5a-400b-b5c9-a9db6af23d76@6c48a",
    "packable": true,
    "pixelsToUnit": 100,
    "pivot": {
      "x": 0.5,
      "y": 0.5
    },
    "meshType": 0
  }
}