{
  "__type__": "cc.SpriteFrame",
  "content": {
    "name": "mainMenuBtn2_down",
    "atlas": "",
    "rect": {
      "x": 8,
      "y": 1,
      "width": 148,
      "height": 152
    },
    "offset": {
      "x": 2,
      "y": 0
    },
    "originalSize": {
      "width": 160,
      "height": 154
    },
    "rotated": false,
    "capInsets": [
      0,
      0,
      0,
      0
    ],
    "vertices": {
      "rawPosition": [
        -74,
        -76,
        0,
        74,
        -76,
        0,
        -74,
        76,
        0,
        74,
        76,
        0
      ],
      "indexes": [
        0,
        1,
        2,
        2,
        1,
        3
      ],
      "uv": [
        8,
        153,
        156,
        153,
        8,
        1,
        156,
        1
      ],
      "nuv": [
        0.05,
        0.006493506493506494,
        0.975,
        0.006493506493506494,
        0.05,
        0.9935064935064936,
        0.975,
        0.9935064935064936
      ],
      "minPos": {
        "x": -74,
        "y": -76,
        "z": 0
      },
      "maxPos": {
        "x": 74,
        "y": 76,
        "z": 0
      }
    },
    "texture": "003d6026-a809-42c9-85ab-59fcbbfb0569@6c48a",
    "packable": true,
    "pixelsToUnit": 100,
    "pivot": {
      "x": 0.5,
      "y": 0.5
    },
    "meshType": 0
  }
}