{
  "__type__": "cc.SpriteFrame",
  "content": {
    "name": "lingshiBg",
    "atlas": "",
    "rect": {
      "x": 1,
      "y": 1,
      "width": 222,
      "height": 74
    },
    "offset": {
      "x": 0,
      "y": 0
    },
    "originalSize": {
      "width": 224,
      "height": 76
    },
    "rotated": false,
    "capInsets": [
      0,
      0,
      0,
      0
    ],
    "vertices": {
      "rawPosition": [
        -111,
        -37,
        0,
        111,
        -37,
        0,
        -111,
        37,
        0,
        111,
        37,
        0
      ],
      "indexes": [
        0,
        1,
        2,
        2,
        1,
        3
      ],
      "uv": [
        1,
        75,
        223,
        75,
        1,
        1,
        223,
        1
      ],
      "nuv": [
        0.004464285714285714,
        0.013157894736842105,
        0.9955357142857143,
        0.013157894736842105,
        0.004464285714285714,
        0.9868421052631579,
        0.9955357142857143,
        0.9868421052631579
      ],
      "minPos": {
        "x": -111,
        "y": -37,
        "z": 0
      },
      "maxPos": {
        "x": 111,
        "y": 37,
        "z": 0
      }
    },
    "texture": "0081b149-1956-4b64-b38c-b2e06fe89ee3@6c48a",
    "packable": true,
    "pixelsToUnit": 100,
    "pivot": {
      "x": 0.5,
      "y": 0.5
    },
    "meshType": 0
  }
}