{
  "__type__": "cc.SpriteFrame",
  "content": {
    "name": "monster29_08",
    "atlas": "",
    "rect": {
      "x": 11,
      "y": 48,
      "width": 212,
      "height": 94
    },
    "offset": {
      "x": -11,
      "y": -22.5
    },
    "originalSize": {
      "width": 256,
      "height": 145
    },
    "rotated": false,
    "capInsets": [
      0,
      0,
      0,
      0
    ],
    "vertices": {
      "rawPosition": [
        -106,
        -47,
        0,
        106,
        -47,
        0,
        -106,
        47,
        0,
        106,
        47,
        0
      ],
      "indexes": [
        0,
        1,
        2,
        2,
        1,
        3
      ],
      "uv": [
        11,
        97,
        223,
        97,
        11,
        3,
        223,
        3
      ],
      "nuv": [
        0.04296875,
        0.020689655172413793,
        0.87109375,
        0.020689655172413793,
        0.04296875,
        0.6689655172413793,
        0.87109375,
        0.6689655172413793
      ],
      "minPos": {
        "x": -106,
        "y": -47,
        "z": 0
      },
      "maxPos": {
        "x": 106,
        "y": 47,
        "z": 0
      }
    },
    "texture": "00913878-5fd9-4e81-b3e0-415b65bf2afa@6c48a",
    "packable": true,
    "pixelsToUnit": 100,
    "pivot": {
      "x": 0.5,
      "y": 0.5
    },
    "meshType": 0
  }
}