{
  "__type__": "cc.SpriteFrame",
  "content": {
    "name": "8_00001",
    "atlas": "",
    "rect": {
      "x": 25,
      "y": 5,
      "width": 166,
      "height": 141
    },
    "offset": {
      "x": 8,
      "y": -0.5
    },
    "originalSize": {
      "width": 200,
      "height": 150
    },
    "rotated": false,
    "capInsets": [
      0,
      0,
      0,
      0
    ],
    "vertices": {
      "rawPosition": [
        -83,
        -70.5,
        0,
        83,
        -70.5,
        0,
        -83,
        70.5,
        0,
        83,
        70.5,
        0
      ],
      "indexes": [
        0,
        1,
        2,
        2,
        1,
        3
      ],
      "uv": [
        25,
        145,
        191,
        145,
        25,
        4,
        191,
        4
      ],
      "nuv": [
        0.125,
        0.02666666666666667,
        0.955,
        0.02666666666666667,
        0.125,
        0.9666666666666667,
        0.955,
        0.9666666666666667
      ],
      "minPos": {
        "x": -83,
        "y": -70.5,
        "z": 0
      },
      "maxPos": {
        "x": 83,
        "y": 70.5,
        "z": 0
      }
    },
    "texture": "00a38bc6-c71a-4149-b495-94cc23477da0@6c48a",
    "packable": true,
    "pixelsToUnit": 100,
    "pivot": {
      "x": 0.5,
      "y": 0.5
    },
    "meshType": 0
  }
}